record_id,date,mandi_id,district,crop_name,min_price,max_price,modal_price,msp
PR001650,2026-07-26,MANDI005,Amritsar,Cotton,6850.99,7570.17,7210.58,6620.0
PR000246,2026-07-17,MANDI028,Fatehabad,Cotton,6944.79,7654.18,7299.0,
PR010091,2026-01-09,MANDI011,Jalandhar,Rice,1857.0,2013.18,1935.06,2183.0
PR000982,2026-05-24,MANDI012,Ferozepur,Maize,1873.34,1986.0,1930.0,2090.0
PR001708,2026-08-18,MANDI013,Karnal,Cotton,5878.62,6574.28,6226.45,6620.0
PR004312,2026-01-24,MANDI001,Patiala,Cotton,,7324.58,,6620.0
PR000288,2026-08-08,MANDI031,Hisar,Wheat,2270.14,2823.44,2546.79,2275.0
PR002536,2026-01-06,MANDI036,Kurukshetra,Wheat,1961.63,2340.0,2151.0,2275.0
PR009427,2026-08-12,MANDI050,Muzaffarnagar,Wheat,2277.53,2458.0,2367.64,2275.0
PR003418,2026-02-09,MANDI011,Ambala,Sugarcane,3156.94,3890.02,,3500.0
PR001250,2026-02-10,MANDI002,Ambala,Maize,1866.0,2193.0,2029.0,2090.0
PR008959,2026-06-24,MANDI057,Bareilly,Mustard,,6850.0,6290.0,5650.0
PR004344,2026-04-14,MANDI040,Amritsar,Rice,1989.02,2138.04,2063.53,2183.0
PR008040,2026-06-25,MANDI053,Ludhiana,Wheat,2016.0,2300.0,2158.4,2275.0
PR002773,2026-04-06,MANDI050,Ambala,Sugarcane,3391.89,4215.91,3804.0,3500.0
PR007582,2026-01-24,MANDI043,Ferozepur,Rice,,2521.03,2303.86,2183.0
PR001390,2026-06-17,MANDI026,Patiala,Sugarcane,3661.39,4282.71,3972.05,3500.0
PR011220,2026-01-17,MANDI010,Bathinda,Cotton,6054.0,7147.5,6601.0,6620.0
PR008656,2026-03-26,MANDI005,Patiala,Rice,2172.99,2312.15,,
PR000719,2026-04-29,,Kurukshetra,Maize,1878.0,2114.21,,2090.0
PR005849,2026-01-23,MANDI016,Patiala,Cotton,6473.0,7364.56,6918.61,6620.0
PR007394,2026-03-25,MANDI024,Karnal,Sugarcane,3074.76,3382.79,3229.0,3500.0
PR004644,2026-05-25,MANDI026,Hisar,Mustard,5725.0,6263.77,5994.46,5650.0
PR002514,2026-07-21,MANDI007,Hisar,Maize,1988.47,2299.86,2144.17,2090.0
PR010213,2026-02-17,MANDI043,Jalandhar,Wheat,1958.0,2157.0,2057.3,2275.0
PR011212,2026-05-31,MANDI008,Amritsar,Sugarcane,3280.59,4064.73,3672.66,3500.0
PR011958,2026-04-02,,Bathinda,Wheat,2215.53,2450.04,2332.79,2275.0
PR002913,2026-08-08,MANDI027,Sirsa,Mustard,5826.29,6273.0,6049.51,5650.0
PR000358,2026-01-31,MANDI030,Ludhiana,Maize,1867.38,,1949.0,2090.0
PR008575,2026-07-20,,Moga,Ganne,3509.61,4356.0,3932.8,
PR010458,2026-01-10,,Bathinda,Cotton,5627.0,6650.37,6138.93,6620.0
PR000951,2026-06-25,MANDI056,Hisar,Rice,2226.17,2525.0,2376.0,2183.0
PR002105,2026-01-20,MANDI039,Kurukshetra,Cotton,6155.47,6702.0,6428.56,6620.0
PR007951,2026-01-02,MANDI024,Kurukshetra,Maize,2174.42,2348.95,2262.0,
PR001266,2026-04-25,MANDI019,Fatehabad,Sugarcane,3500.0,4245.0,3873.0,3500.0
PR006089,2026-03-02,MANDI046,Ferozepur,Mustard,5142.95,5632.66,5387.81,5650.0
PR010862,2026-02-11,MANDI042,Ambala,Mustard,5493.83,6761.44,6127.63,5650.0
PR011617,2026-03-18,MANDI053,Bathinda,Maize,2009.38,2235.4,2122.39,
PR001291,2026-08-03,MANDI046,Jalandhar,Rice,1867.54,2189.09,2028.32,2183.0
PR001377,2026-06-14,MANDI007,Amritsar,Rice,1970.8,2447.0,2209.0,
PR003954,2026-03-31,MANDI017,Kurukshetra,Rice,1971.7,2237.0,2104.0,2183.0
PR003093,2026-05-20,MANDI008,Ludhiana,चावल,1975.0,2358.74,2166.76,2183.0
PR000689,2026-04-02,MANDI054,Saharanpur,Wheat,2293.99,2786.0,2540.0,
PR002359,2026-04-09,MANDI026,Hisar,Cotton,6497.0,7003.03,6749.79,6620.0
PR004233,2026-01-29,MANDI049,Muzaffarnagar,Rice,2082.58,,2270.31,2183.0
PR009368,2026-05-04,MANDI014,Karnal,Narma,6403.67,6871.07,6637.37,6620.0
PR005203,2026-03-29,MANDI024,Ferozepur,Wheat,2124.53,2316.88,2220.7,2275.0
PR006235,2026-05-20,MANDI006,Hisar,Cotton,,7062.16,6842.78,
PR011846,2026-09-05,MANDI031,Ambala,Wheat,2076.39,2414.63,2245.51,
PR001340,2026-01-16,MANDI007,Jalandhar,Rice,1857.0,2122.46,1989.82,2183.0
PR008186,2026-01-25,,Moga,Rice,2005.68,2112.51,2059.1,
PR007070,2026-05-09,MANDI022,Karnal,Rice,2038.27,2509.7,2273.98,2183.0
PR004775,2026-02-23,,Jalandhar,Wheat,2097.0,2609.0,2353.0,2275.0
PR006448,2026-02-20,MANDI035,Ludhiana,Maize,1881.78,2319.1,2100.44,
PR003034,2026-01-29,MANDI055,Amritsar,Wheat,2375.39,2905.0,2640.12,2275.0
PR002947,2026-05-13,,Patiala,Cotton,6131.0,7320.96,6725.89,6620.0
PR002729,2026-03-02,MANDI008,Karnal,Mustard,5787.16,6077.88,5932.52,5650.0
PR007737,2026-02-20,MANDI012,Amritsar,Wheat,1964.0,2203.07,2083.63,2275.0
PR005676,2026-07-01,MANDI007,Fatehabad,Maize,1976.82,2419.0,2197.94,2090.0
PR007093,2026-01-31,MANDI051,Saharanpur,Rice,2285.36,2595.15,,2183.0
PR008805,2026-03-11,MANDI046,Ludhiana,Mustard,4820.0,5699.0,5259.53,5650.0
PR005981,2026-07-23,MANDI013,Kurukshetra,Wheat,2341.23,2517.0,2429.19,2275.0
PR000060,2026-05-14,,Ferozepur,Mustard,5811.32,6329.19,6070.26,5650.0
PR001371,2026-06-04,MANDI030,Ferozepur,Cotton,5660.0,6087.83,5874.0,6620.0
PR003239,2026-01-03,,Karnal,चावल,1872.0,2174.23,2023.3,2183.0
PR002056,2026-08-22,MANDI009,Ferozepur,Rice,1908.14,2009.0,1958.0,
PR005252,2026-01-05,MANDI032,Jalandhar,Wheat,2151.86,2675.13,2413.49,
PR009259,2026-06-01,MANDI055,Bareilly,Ganne,3152.0,3337.0,3244.6,3500.0
PR002760,2026-02-15,MANDI036,Karnal,Narma,6302.29,7206.81,6754.55,6620.0
PR004003,2026-08-25,MANDI029,Kurukshetra,Sugarcane,3083.37,3315.0,3199.0,3500.0
PR008764,2026-05-31,MANDI039,Fatehabad,Cotton,6311.65,6815.97,6563.81,
PR004575,2026-08-28,MANDI040,Ferozepur,चावल,2184.65,2619.32,2401.98,2183.0
PR001751,2026-07-19,MANDI047,Ludhiana,Mustard,5637.61,,6334.03,
PR001077,2026-07-22,,Kurukshetra,Mustard,5178.31,,5757.03,5650.0
PR005404,2026-01-22,MANDI034,Sirsa,Maize,1786.34,1926.15,1856.24,2090.0
PR006339,2026-04-25,MANDI051,Karnal,Narma,6696.62,7530.0,7113.15,6620.0
PR009691,2026-05-11,MANDI010,Fatehabad,Sugarcane,3201.15,3361.39,3281.27,3500.0
PR010145,2026-02-02,MANDI013,Kurukshetra,Wheat,2069.22,2309.0,2188.97,2275.0
PR001300,2026-08-02,MANDI046,Patiala,Maize,1918.0,2158.02,2038.25,2090.0
PR007631,2026-03-02,MANDI055,Bathinda,Wheat,2386.55,2953.19,2669.87,2275.0
PR000891,2026-07-17,MANDI050,Amritsar,Sugarcane,3360.97,3721.24,3541.11,3500.0
PR000564,2026-01-05,MANDI039,Hisar,Sugarcane,3448.28,4181.0,3814.67,3500.0
PR000602,2026-05-29,MANDI009,Ambala,Rice,1924.0,2048.1,1986.0,2183.0
PR010104,2026-06-29,MANDI040,Karnal,Wheat,2287.5,2466.13,2376.82,2275.0
PR000234,2026-06-03,MANDI046,Sirsa,Ganne,3421.0,3726.0,3573.51,3500.0
PR005480,2026-07-20,MANDI050,Moga,Mustard,5592.07,6362.98,5977.53,5650.0
PR010827,2026-06-25,MANDI005,Fatehabad,Sugarcane,3119.64,3645.1,3382.37,3500.0
PR000661,2026-07-26,MANDI029,Fatehabad,Rice,,2666.93,2401.0,2183.0
PR002565,2026-05-07,MANDI043,Ludhiana,Makki,,2198.0,2022.0,2090.0
PR004659,2026-01-23,MANDI010,Sirsa,Maize,1944.04,2211.0,2077.0,2090.0
PR008402,2026-06-16,MANDI027,Fatehabad,Maize,1845.0,2143.52,1994.33,
PR007197,2026-05-04,MANDI033,Ambala,Sugarcane,3653.02,4059.89,3856.0,3500.0
PR000500,2026-02-04,MANDI035,Moga,चावल,2181.05,2399.84,2290.0,2183.0
PR002708,2026-08-17,MANDI053,Sirsa,Cotton,6858.04,7844.44,7351.24,6620.0
PR008975,2026-04-05,MANDI046,Karnal,Wheat,2350.0,2685.0,2517.0,2275.0
PR007085,2026-03-11,MANDI039,Ambala,Sarso,5727.0,6192.0,5959.0,5650.0
PR003234,2026-08-31,MANDI010,Hisar,Mustard,5344.0,6188.0,5766.0,5650.0
PR010364,2026-06-29,MANDI014,Fatehabad,Chawal,1936.0,2035.72,,2183.0
PR003552,2026-05-18,,Karnal,Maize,1791.21,1980.88,1886.04,
PR003156,2026-07-28,MANDI052,Bathinda,Makki,2067.21,2382.0,2224.78,2090.0
PR001607,2026-06-18,,Patiala,Mustard,5565.0,6412.73,5989.0,
PR002564,2026-04-06,MANDI010,Ambala,Maize,2121.78,2587.0,2354.0,2090.0
PR001680,2026-02-09,MANDI038,Bathinda,Rice,2063.33,2387.0,2225.08,2183.0
PR004686,2026-04-30,MANDI051,Saharanpur,Mustard,5523.1,6271.94,5898.0,
PR010671,2026-08-12,MANDI036,Sirsa,Sugarcane,3521.0,3829.9,3675.0,3500.0
PR003180,2026-02-03,MANDI057,Patiala,Rice,2102.2,2284.3,2193.25,2183.0
PR007921,2026-06-13,MANDI057,Patiala,Wheat,2274.0,2519.92,2397.03,2275.0
PR009782,2026-03-30,MANDI045,Meerut,Mustard,4983.72,6078.7,5531.21,5650.0
PR007375,2026-05-26,MANDI007,Sirsa,Cotton,6948.75,7354.0,7151.48,6620.0
PR003698,2026-02-28,MANDI003,Jalandhar,Maize,,2455.0,2321.22,2090.0
PR011382,2026-05-20,MANDI047,Karnal,Makki,1923.0,2057.96,1990.53,2090.0
PR000927,2026-08-16,MANDI042,Bathinda,Wheat,1971.5,2367.71,2170.0,2275.0
PR011519,2026-03-27,MANDI030,Jalandhar,Sarso,5653.22,6810.92,6232.0,5650.0
PR009637,2026-03-10,MANDI056,Hisar,Mustard,5115.5,,5462.0,5650.0
PR001637,2026-04-23,MANDI048,Ludhiana,चावल,2010.15,2209.05,2110.0,
PR004876,2026-08-12,,Fatehabad,Narma,6345.53,7199.0,6772.33,
PR001068,2026-02-27,MANDI043,Moga,Chawal,2093.86,2212.47,2153.17,2183.0
PR006220,2026-05-31,MANDI021,Bathinda,Maize,1888.0,2027.39,1957.6,2090.0
PR008164,2026-04-16,,Hisar,Rice,2145.54,2347.05,2246.3,2183.0
PR004486,2026-05-06,,Hisar,Maize,1887.5,2254.54,2071.0,2090.0
PR001657,2026-05-26,,Jalandhar,Sugarcane,3058.0,3448.79,3253.0,3500.0
PR000636,2026-07-30,MANDI001,Jalandhar,Mustard,5830.0,6522.04,6175.78,5650.0
PR008714,2026-01-19,MANDI044,Bathinda,Sugarcane,3275.42,3868.2,3572.0,3500.0
PR006554,2026-05-12,MANDI019,Ferozepur,Wheat,2043.0,2169.0,2106.18,
PR007451,2026-06-05,MANDI049,Hisar,Rice,2133.49,2430.74,2282.12,2183.0
PR004826,2026-02-27,MANDI008,Moga,Mustard,5305.67,5842.61,5574.14,5650.0
PR003124,2026-07-04,MANDI002,Patiala,Cotton,6280.49,7576.15,6928.32,6620.0
PR007308,2026-06-15,MANDI048,Jalandhar,Cotton,6414.53,7817.45,7115.99,
PR011358,2026-03-03,MANDI027,Hisar,Wheat,1957.21,2120.71,2038.96,2275.0
PR002849,2026-02-19,MANDI043,Jalandhar,Wheat,2108.38,2303.0,2205.49,
PR000278,2026-04-02,MANDI002,Ludhiana,Maize,2028.0,2420.0,2224.0,2090.0
PR010767,2026-01-26,MANDI049,Patiala,Cotton,6176.37,7109.09,6642.73,
PR009416,2026-06-05,,,Rice,1918.74,2304.0,2111.0,2183.0
PR006769,2026-08-02,,,Wheat,2047.45,2342.22,2195.0,2275.0
PR005062,2026-08-29,MANDI057,Ferozepur,Ganne,3332.0,3987.32,3659.66,
PR006581,2026-06-17,MANDI012,Kurukshetra,Mustard,5447.44,6539.0,,5650.0
PR003411,2026-07-25,MANDI050,Bathinda,Mustard,5673.4,,6244.0,
PR001183,2026-06-28,MANDI051,Saharanpur,Wheat,2311.34,2580.92,2446.13,2275.0
PR003889,2026-05-29,,Sirsa,Cotton,6089.0,6442.05,6265.64,
PR006057,2026-03-28,,Ludhiana,Rice,1970.36,2238.5,2104.0,2183.0
PR010183,2026-01-13,MANDI023,Kurukshetra,Maize,1863.0,2087.97,1975.71,2090.0
PR000371,2026-08-07,MANDI018,Fatehabad,Mustard,5054.0,5585.96,5320.06,5650.0
PR006590,2026-05-24,MANDI035,Patiala,Wheat,2350.41,2731.0,2540.73,2275.0
PR010318,2026-02-15,MANDI014,Amritsar,Sugarcane,3264.0,3445.49,3355.0,3500.0
PR000090,2026-06-26,MANDI040,Ambala,Maize,1881.87,,2003.89,2090.0
PR004915,2026-03-29,,Moga,Wheat,2155.0,,2340.1,2275.0
PR009953,2026-04-22,MANDI028,Ambala,Rice,1901.88,2078.12,1990.0,2183.0
PR010106,2026-01-02,MANDI042,Bathinda,Cotton,6136.0,6538.69,6337.33,
PR000014,2026-02-08,MANDI028,Hisar,Wheat,2100.07,2375.64,2238.0,2275.0
PR000287,2026-04-13,MANDI031,Sirsa,Wheat,2103.01,2276.59,2189.8,2275.0
PR004723,2026-04-12,MANDI020,Kurukshetra,Wheat,1960.0,2441.0,2200.7,2275.0
PR000290,2026-08-07,MANDI024,Bathinda,Sugarcane,3589.02,3950.83,3769.93,3500.0
PR000885,2026-04-26,MANDI016,Kurukshetra,Mustard,4928.44,5446.76,5188.0,5650.0
PR006785,2026-07-31,MANDI025,Karnal,Rice,2112.0,2555.56,2334.0,2183.0
PR011132,2026-03-30,MANDI020,Sirsa,Sugarcane,3250.83,3969.99,3610.0,3500.0
PR000072,2026-01-06,MANDI047,Amritsar,Wheat,2020.69,,2160.48,2275.0
PR008759,2026-04-10,MANDI042,Moga,Rice,1916.22,2381.0,2148.0,2183.0
PR002705,2026-06-11,,,Mustard,4886.19,5692.39,5289.29,
PR011585,2026-01-28,MANDI016,Jalandhar,Ganne,3395.0,3710.84,3552.76,
PR001860,2026-04-18,,Sirsa,Sugarcane,3233.75,3496.33,3365.0,
PR001126,2026-03-20,MANDI003,Amritsar,चावल,1889.99,2165.52,,2183.0
PR001877,2026-04-28,MANDI038,Ludhiana,Cotton,6070.34,6646.0,6357.95,
PR004804,2026-10-08,MANDI015,Fatehabad,Sugarcane,3036.0,3480.16,3257.9,3500.0
PR005224,2026-08-06,MANDI019,Ludhiana,Cotton,5856.97,6404.1,6130.53,6620.0
PR011327,2026-07-20,MANDI020,Hisar,Mustard,5578.0,6771.16,6175.0,5650.0
PR003657,2026-06-07,MANDI049,Moga,Mustard,5526.46,6776.9,6151.68,5650.0
PR004286,2026-02-13,MANDI020,Sirsa,Mustard,4839.19,5232.75,5036.0,5650.0
PR009464,2026-12-05,MANDI054,Sirsa,Mustard,,6269.21,5795.0,5650.0
PR009540,2026-08-17,MANDI036,Ferozepur,Rice,2140.35,2314.92,,2183.0
PR008741,2026-05-28,,Hisar,Sarso,5551.23,6183.12,5867.18,5650.0
PR006103,2026-11-06,MANDI032,Fatehabad,Mustard,4861.23,5327.6,5094.0,5650.0
PR004446,2026-04-01,MANDI012,Jalandhar,Wheat,2054.38,2163.73,2109.06,2275.0
PR008501,2026-06-21,MANDI047,Ambala,Maize,2055.01,2496.0,,2090.0
PR009136,2026-08-31,MANDI005,Hisar,Mustard,5172.65,5630.0,5401.09,5650.0
PR006128,2026-08-22,MANDI029,Bathinda,Sugarcane,3586.69,4146.78,3867.0,3500.0
PR003726,2026-03-16,MANDI047,Muzaffarnagar,Wheat,,2382.0,2300.9,2275.0
PR004026,2026-04-13,MANDI002,Amritsar,Maize,2131.44,2417.37,2274.41,2090.0
PR006940,2026-07-15,,Sirsa,Wheat,2027.0,2491.3,2259.35,2275.0
PR005645,2026-03-05,MANDI033,Bathinda,Ganne,3040.15,3610.64,3325.0,3500.0
PR000750,2026-03-08,MANDI040,Ambala,Wheat,2215.18,2565.59,2390.0,2275.0
PR010477,2026-03-08,MANDI013,Moga,Mustard,4997.0,,5469.33,
PR000039,2026-07-15,,,Maize,1962.57,2442.29,2202.43,2090.0
PR011063,2026-05-09,MANDI027,Hisar,Sugarcane,3640.7,3951.0,3796.0,3500.0
PR011564,2026-04-28,MANDI053,Patiala,Sugarcane,3045.97,3222.0,3133.91,
PR007008,2026-04-08,MANDI049,Fatehabad,Ganne,3369.49,4021.33,3695.41,3500.0
PR003175,2026-04-14,,,Wheat,2064.0,2298.05,2180.93,
PR006920,2026-04-27,MANDI054,Saharanpur,Chawal,2220.0,2582.38,2400.95,
PR004602,2026-01-03,MANDI002,Ludhiana,Mustard,5771.24,6931.52,6351.38,5650.0
PR002404,2026-05-27,MANDI035,Patiala,Wheat,2377.0,2583.0,2479.89,
PR003530,2026-03-13,MANDI050,Sirsa,Maize,1916.33,2164.0,2040.26,2090.0
PR000052,2026-06-14,MANDI039,Hisar,Chawal,1893.66,2329.0,2111.0,2183.0
PR004884,2026-05-11,MANDI029,Ambala,Sarso,4883.77,5935.74,5409.76,5650.0
PR004396,2026-03-20,MANDI039,Jalandhar,Wheat,2316.14,2639.0,2477.74,2275.0
PR005356,2026-03-25,MANDI029,Sirsa,Mustard,5367.63,6494.2,5931.0,5650.0
PR008385,2026-05-03,MANDI007,Fatehabad,Cotton,6143.0,6676.52,6409.96,
PR001049,2026-02-28,MANDI018,Moga,Sugarcane,3544.39,4305.27,3924.83,3500.0
PR001227,2026-05-28,MANDI049,Ludhiana,Chawal,2223.0,2360.0,2291.15,2183.0
PR002021,2026-02-15,MANDI053,Kurukshetra,Sugarcane,2975.02,3540.23,3257.62,3500.0
PR002840,2026-07-08,MANDI055,Jalandhar,Chawal,1909.34,2007.0,1958.1,
PR001582,2026-07-09,MANDI020,Ambala,Mustard,,6323.0,6051.36,5650.0
PR007108,2026-08-13,MANDI037,Kurukshetra,Sugarcane,3272.0,3501.56,3386.98,3500.0
PR002341,2026-01-12,MANDI053,Karnal,Wheat,2267.0,2644.35,2455.58,2275.0
PR005608,2026-02-06,,Bathinda,Ganne,3229.0,3715.85,3473.0,3500.0
PR001136,2026-04-18,MANDI038,Ferozepur,Rice,2102.32,2442.07,2272.2,2183.0
PR009689,2026-09-02,MANDI048,Karnal,Wheat,2164.0,2591.0,,2275.0
PR002408,2026-02-22,MANDI047,Ambala,Rice,2208.44,2509.35,2358.9,
PR004924,2026-03-13,MANDI054,Bathinda,Wheat,,2411.0,2322.27,2275.0
PR003193,2026-03-30,MANDI010,Jalandhar,Cotton,6317.87,6975.84,6646.85,6620.0
PR005567,2026-01-07,MANDI026,Ferozepur,Narma,5830.38,6868.0,6349.04,
PR002815,2026-08-19,MANDI030,Sirsa,Sarso,5403.91,6606.69,6005.3,
PR000950,2026-08-20,MANDI032,Patiala,Mustard,5880.31,6824.33,6352.32,5650.0
PR004751,2026-02-17,MANDI028,Ambala,Mustard,4874.0,5365.0,5119.29,5650.0
PR008389,2026-08-07,MANDI024,Amritsar,Sugarcane,3647.18,3970.64,3808.91,3500.0
PR008760,2026-07-05,MANDI001,Ludhiana,Rice,1878.64,2162.0,2020.53,
PR011074,2026-07-29,MANDI020,Fatehabad,Maize,2194.05,2537.0,2365.44,2090.0
PR005674,2026-04-15,MANDI008,Moga,Maize,1979.96,2214.64,2097.3,2090.0
PR005008,2026-01-31,MANDI018,Amritsar,Wheat,2010.88,2355.0,2183.0,
PR011356,2026-03-18,MANDI043,Hisar,Maize,1954.52,2366.0,2160.21,2090.0
PR002972,2026-01-09,MANDI022,Moga,Mustard,5071.97,,5639.0,5650.0
PR010128,2026-08-12,MANDI028,Jalandhar,Sugarcane,3371.0,4039.65,3705.46,
PR011087,2026-05-18,MANDI007,Hisar,Cotton,6778.52,,7571.13,6620.0
PR004868,2026-05-02,,Ludhiana,Sarso,5002.0,6193.71,5598.01,5650.0
PR008792,2026-08-02,MANDI054,Karnal,Wheat,2009.0,2222.62,2116.0,
PR007739,2026-01-31,MANDI014,Bathinda,Chawal,,2361.86,2127.97,2183.0
PR002430,2026-05-16,MANDI012,Amritsar,Cotton,6174.08,7548.55,6861.32,6620.0
PR004051,2026-01-31,MANDI028,Ambala,Sugarcane,2980.0,3691.46,3336.0,3500.0
PR003668,2026-04-06,MANDI046,Ferozepur,Wheat,2355.04,2804.03,2579.54,2275.0
PR004727,2026-08-21,MANDI055,Kurukshetra,Narma,6876.26,8157.95,7517.11,6620.0
PR005138,2026-07-12,MANDI029,Ludhiana,Maize,2096.0,2223.71,2159.61,
PR007759,2026-08-12,MANDI047,Ferozepur,Cotton,6556.98,7685.55,7121.0,6620.0
PR011285,2026-03-21,MANDI014,Amritsar,Rice,2080.71,2557.56,2319.13,
PR001781,2026-01-29,,,Sugarcane,3328.0,,3495.26,3500.0
PR004208,2026-03-01,MANDI055,Fatehabad,Sugarcane,3298.88,3885.0,3591.97,
PR009564,2026-02-06,,Sirsa,Chawal,1917.9,2096.52,2007.21,2183.0
PR006507,2026-07-03,MANDI026,Bathinda,Mustard,5898.0,7095.58,6497.0,5650.0
PR000400,2026-05-14,MANDI013,Ambala,Narma,6276.11,7009.0,6642.0,6620.0
PR007293,2026-04-07,MANDI020,Bathinda,Wheat,,2422.25,2352.52,2275.0
PR008867,2026-05-01,MANDI044,Moga,Wheat,2385.9,2639.48,,2275.0
PR001310,2026-04-19,MANDI010,Amritsar,Wheat,2150.5,2332.55,2241.53,2275.0
PR005490,2026-03-16,MANDI017,,Wheat,2142.0,2563.0,2353.0,
PR011563,2026-03-03,MANDI053,Bathinda,Wheat,2255.15,2482.51,2368.83,2275.0
PR010339,2026-04-25,MANDI041,Ambala,Mustard,4885.0,5930.06,5407.37,5650.0
PR008342,2026-05-08,MANDI008,Karnal,Sugarcane,3424.86,4060.64,3742.75,3500.0
PR009868,2026-03-23,MANDI014,Patiala,Wheat,1973.64,,,2275.0
PR006715,2026-05-15,MANDI005,Ambala,Maize,2009.38,2499.56,2254.47,2090.0
PR007779,2026-04-15,MANDI014,Karnal,Mustard,5290.63,5646.15,5468.39,5650.0
PR003626,2026-01-17,MANDI013,Kurukshetra,Cotton,6807.99,7556.0,7182.0,6620.0
PR006541,2026-03-24,MANDI022,Hisar,Chawal,1872.0,2118.32,1995.31,2183.0
PR005794,2026-01-18,MANDI032,Amritsar,Maize,2042.81,2420.66,2231.73,
PR000124,2026-08-01,MANDI013,Ferozepur,Mustard,5392.49,5765.0,5578.81,
PR004975,2026-07-03,MANDI025,Amritsar,Maize,1951.41,2198.62,2075.01,2090.0
PR011583,2026-08-14,MANDI012,Patiala,Narma,6753.83,7183.44,6968.63,
PR003101,2026-06-29,MANDI029,Ludhiana,Mustard,5644.0,6425.27,6034.44,5650.0
PR009221,2026-04-04,MANDI025,Ambala,Mustard,5844.54,7254.0,6549.27,5650.0
PR011436,2026-05-21,MANDI055,Bathinda,Rice,2243.12,2794.25,2518.69,2183.0
PR002379,2026-04-27,,Amritsar,Rice,2236.55,2357.04,2296.8,2183.0
PR003169,2026-02-03,MANDI020,Bathinda,Mustard,5046.04,5878.4,5462.0,5650.0
PR005876,2026-03-24,MANDI029,Amritsar,Cotton,6772.72,7394.03,7083.37,6620.0
PR002172,2026-06-14,MANDI034,Ludhiana,Wheat,2200.0,,2286.16,2275.0
PR004436,2026-06-27,MANDI038,Sirsa,Cotton,6913.62,8129.47,7521.54,6620.0
PR005800,2026-04-07,MANDI054,Saharanpur,Maize,2077.9,2249.0,2163.42,
PR003278,2026-06-28,MANDI020,Kurukshetra,Maize,2153.82,2472.0,2313.0,2090.0
PR004579,2026-03-26,MANDI017,Bathinda,Narma,6043.0,7328.17,6685.45,
PR000519,2026-03-05,MANDI026,Hisar,Cotton,6274.14,7098.49,6686.32,6620.0
PR011076,2026-03-27,MANDI047,Ferozepur,Makki,2144.13,2542.04,2343.08,2090.0
PR009663,2026-08-20,MANDI050,Jalandhar,Sugarcane,3164.73,3804.07,3484.4,3500.0
PR006528,2026-05-03,MANDI029,Ludhiana,Rice,2199.48,2667.28,2433.0,2183.0
PR009063,2026-03-10,MANDI054,Ambala,Cotton,6672.13,7630.62,7151.37,6620.0
PR004993,2026-07-15,MANDI038,Moga,Sugarcane,,3274.0,3145.88,3500.0
PR007941,2026-05-08,,,Wheat,2245.53,2430.17,2337.85,2275.0
PR011983,2026-12-04,,Ambala,Sarso,5837.43,6688.94,6263.19,5650.0
PR000143,2026-12-02,MANDI014,Ludhiana,Maize,2009.33,2482.84,2246.0,2090.0
PR011214,2026-08-26,MANDI052,Sirsa,Sugarcane,3644.0,3914.0,3779.0,
PR001742,2026-06-21,MANDI053,Amritsar,Cotton,6705.06,7944.0,7324.0,
PR006101,2026-07-26,MANDI051,Jalandhar,Mustard,5696.0,6413.66,6054.89,
PR008237,2026-07-09,MANDI005,Fatehabad,Sarso,,6530.3,6135.27,5650.0
PR008926,2026-06-25,MANDI023,Kurukshetra,Cotton,5771.04,7107.62,,
PR000823,2026-08-11,,Patiala,चावल,2143.0,2638.0,2390.7,2183.0
PR000774,2026-05-16,,Bathinda,Cotton,6100.21,,6472.97,6620.0
PR011082,2026-01-22,MANDI055,Ludhiana,Mustard,4936.41,5565.52,5251.0,5650.0
PR003074,2026-07-04,MANDI027,Patiala,Sugarcane,3017.33,,3162.98,3500.0
PR003082,2026-06-27,MANDI039,Fatehabad,Sugarcane,3537.43,3989.0,3763.21,3500.0
PR011634,2026-08-18,MANDI053,Jalandhar,Sugarcane,3348.66,3601.0,3475.0,
PR011144,2026-12-05,MANDI021,Ferozepur,Cotton,6223.0,6683.05,6452.84,6620.0
PR008557,2026-04-12,,Karnal,Mustard,5549.3,5850.15,5700.0,5650.0
PR011644,2026-06-17,MANDI046,,Maize,1809.0,2250.0,2029.44,
PR009727,2026-02-27,MANDI001,Karnal,Wheat,2047.49,2355.0,2201.0,
PR009303,2026-07-31,,Fatehabad,Makki,1777.96,2087.5,1932.73,2090.0
PR011744,2026-01-26,MANDI013,Patiala,Rice,1993.0,2446.88,2220.0,2183.0
PR000356,2026-05-08,MANDI054,Bathinda,Mustard,5876.64,6246.35,6061.0,5650.0
PR001201,2026-06-14,,Ambala,Maize,1995.2,2393.92,2195.0,2090.0
PR011185,2026-01-08,MANDI001,Sirsa,Wheat,2283.0,2601.82,2442.0,2275.0
PR005730,2026-01-09,MANDI035,Hisar,Sugarcane,3321.0,3749.35,3535.15,3500.0
PR001204,2026-01-19,MANDI014,Patiala,Mustard,5307.44,,5442.04,5650.0
PR002588,2026-02-26,MANDI035,Ferozepur,Rice,2030.3,,2145.6,2183.0
PR010160,2026-05-14,,Fatehabad,Rice,2084.1,2571.2,2327.65,2183.0
PR004180,2026-04-06,MANDI005,Amritsar,Sugarcane,3182.61,3629.0,3406.0,
PR001811,2026-07-15,MANDI026,Hisar,Chawal,2012.13,2351.1,2181.61,2183.0
PR008862,2026-03-20,,Hisar,Maize,1777.33,2175.98,1977.0,2090.0
PR003570,2026-08-01,MANDI022,Ludhiana,Wheat,2351.0,2924.29,2637.51,
PR010095,2026-01-07,MANDI001,Bathinda,Maize,1792.92,2086.77,1939.84,2090.0
PR009455,2026-08-23,MANDI024,Patiala,Mustard,5220.34,5737.36,5478.85,5650.0
PR006750,2026-03-18,MANDI033,Ambala,Mustard,4912.11,5569.05,5240.58,5650.0
PR003053,2026-02-06,MANDI020,Hisar,Narma,6313.2,7761.0,7037.11,6620.0
PR009010,2026-06-28,MANDI053,Karnal,Wheat,2214.0,2448.0,2331.08,2275.0
PR008476,2026-07-15,MANDI049,Ludhiana,Wheat,2070.0,2270.03,2169.97,2275.0
PR006869,2026-08-28,MANDI020,Sirsa,Maize,2016.43,2156.7,2086.56,2090.0
PR002070,2026-08-23,MANDI038,Ludhiana,Narma,,7348.99,7001.0,6620.0
PR008365,2026-05-27,MANDI016,Bathinda,Wheat,2244.57,2609.0,,2275.0
PR008435,2026-09-01,MANDI028,Patiala,Wheat,2320.24,2534.22,2427.0,2275.0
PR002673,2026-06-20,MANDI014,Kurukshetra,Cotton,6799.9,8310.0,7554.96,6620.0
PR002555,2026-07-17,,,Maize,1893.12,2339.0,2116.0,2090.0
PR008147,2026-05-27,MANDI034,Bathinda,Mustard,5864.86,6216.0,6040.29,5650.0
PR000507,2026-05-24,MANDI013,Patiala,Maize,1911.23,2290.62,2100.92,2090.0
PR005719,2026-03-27,MANDI025,Ludhiana,Maize,2022.85,2522.34,2272.59,2090.0
PR007832,2026-04-24,MANDI031,Ludhiana,Wheat,1956.64,2334.36,2145.0,2275.0
PR003323,2026-03-03,MANDI019,Moga,Mustard,5272.0,6183.52,5727.58,5650.0
PR004752,2026-08-18,,,Sugarcane,3368.0,4089.69,3729.0,
PR005325,2026-07-20,MANDI019,Kurukshetra,Rice,1923.0,2371.23,2147.1,2183.0
PR004800,2026-05-11,,Ludhiana,Maize,1921.0,2139.0,2029.98,2090.0
PR005514,2026-03-12,MANDI043,Ferozepur,Cotton,5832.0,6721.24,6277.0,6620.0
PR004976,2026-02-21,MANDI033,Moga,Maize,2032.0,2265.86,2149.15,
PR007269,2026-06-09,MANDI046,Moga,Cotton,6406.0,6975.42,6690.89,
PR011363,2026-06-09,MANDI031,Moga,Maize,2149.0,2594.0,,2090.0
PR010719,2026-05-22,MANDI054,Jalandhar,Mustard,4988.0,5598.57,5293.0,5650.0
PR006439,2026-08-22,MANDI047,Kurukshetra,Rice,1877.0,2254.0,2065.68,
PR007691,2026-06-24,MANDI055,Karnal,Rice,1884.11,2178.0,2031.0,
PR008039,2026-03-20,MANDI042,Ambala,Narma,,,7036.64,6620.0
PR005240,2026-03-12,,Karnal,Cotton,6081.0,7407.52,6744.5,6620.0
PR003943,2026-05-05,MANDI002,Ludhiana,Makki,,2335.02,2178.59,2090.0
PR006709,2026-06-15,MANDI008,Amritsar,Cotton,6917.49,8179.54,7548.51,6620.0
PR006685,2026-08-09,MANDI004,Kurukshetra,Wheat,2199.0,2436.33,2317.64,
PR008705,2026-04-10,MANDI015,Kurukshetra,Mustard,5462.0,5873.14,5668.0,5650.0
PR009671,2026-08-26,MANDI045,Jalandhar,Wheat,2380.0,2530.0,2455.1,2275.0
PR000793,2026-09-01,MANDI001,Hisar,Makki,2070.0,2380.43,2225.34,
PR000666,2026-05-12,MANDI054,Saharanpur,Mustard,5072.51,5422.0,5247.06,5650.0
PR002153,2026-05-13,MANDI010,Hisar,Chawal,1869.79,2275.42,2073.0,2183.0
PR011790,2026-08-15,MANDI013,Sirsa,Wheat,1980.67,2250.09,2115.0,
PR002030,2026-08-25,MANDI018,Moga,Maize,2150.94,2552.53,2352.0,2090.0
PR002983,2026-03-19,MANDI012,Karnal,Makki,2021.0,2332.6,,2090.0
PR003308,2026-08-23,MANDI015,Ambala,Mustard,5401.76,5731.67,5566.72,5650.0
PR011526,2026-01-13,MANDI026,Moga,Wheat,2079.52,2516.12,2297.82,2275.0
PR009313,2026-04-29,MANDI042,Fatehabad,Wheat,2179.08,2445.6,2312.0,2275.0
PR005135,2026-03-13,MANDI008,Hisar,Sugarcane,3411.81,3869.01,3640.41,3500.0
PR004777,2026-01-31,MANDI045,Amritsar,Sarso,4896.47,5204.36,5050.41,5650.0
PR002132,2026-02-09,MANDI022,Moga,Maize,2142.85,2332.61,2237.73,2090.0
PR001125,2026-02-23,MANDI036,Hisar,Mustard,5791.04,7063.0,6427.0,5650.0
PR005667,2026-12-08,MANDI006,Kurukshetra,Sarso,5333.0,6638.0,5985.0,5650.0
PR002125,2026-02-16,MANDI005,Moga,Cotton,6719.83,7803.0,7261.0,6620.0
PR007474,2026-03-22,,Kurukshetra,Maize,1781.33,1929.37,1855.35,
PR001485,2026-04-20,MANDI051,Saharanpur,Cotton,6205.58,6862.0,6533.89,6620.0
PR008521,2026-11-01,MANDI037,Ambala,Sugarcane,3467.84,4069.45,3768.64,3500.0
PR000452,2026-06-29,MANDI055,Ambala,Cotton,6570.0,8019.0,7294.53,6620.0
PR010979,2026-04-09,MANDI003,Ludhiana,Wheat,2232.08,,2291.0,2275.0
PR003081,2026-03-23,MANDI042,Fatehabad,Mustard,5738.8,6889.0,6313.88,5650.0
PR009394,2026-04-05,MANDI009,Amritsar,Sugarcane,3521.32,3702.65,3611.99,3500.0
PR004904,2026-03-08,,Moga,Sugarcane,3125.0,,3466.0,3500.0
PR003548,2026-07-02,MANDI009,Patiala,Ganne,3152.57,3455.26,3303.92,3500.0
PR008923,2026-03-31,,Bathinda,Wheat,2287.0,,2498.0,2275.0
PR005954,2026-03-13,MANDI042,Kurukshetra,चावल,2280.0,2463.07,2371.72,2183.0
PR001271,2026-05-05,MANDI028,Amritsar,Rice,1886.94,2066.0,1976.51,2183.0
PR003043,2026-03-22,MANDI014,Patiala,Mustard,5471.0,5756.24,5613.58,5650.0
PR003223,2026-06-11,MANDI052,Patiala,Ganne,3349.0,4086.83,3718.0,3500.0
PR002310,2026-02-02,MANDI002,Kurukshetra,Wheat,2200.59,2496.93,2348.76,
PR011712,2026-05-15,MANDI051,Amritsar,Mustard,5883.0,6445.15,6164.0,5650.0
PR003713,2026-02-08,MANDI004,Hisar,Mustard,5607.11,6447.0,6026.96,5650.0
PR000798,2026-07-04,MANDI030,Bathinda,Sugarcane,3609.0,4369.34,3989.08,3500.0
PR002311,2026-06-10,MANDI026,Fatehabad,Mustard,5569.12,6551.0,6060.0,5650.0
PR004351,2026-08-20,MANDI026,Bathinda,Cotton,6813.65,7249.46,7031.55,6620.0
PR008493,2026-07-07,,,Cotton,5750.32,6109.0,5929.55,6620.0
PR003437,2026-07-20,MANDI049,Hisar,Mustard,4868.07,5624.0,5246.22,
PR009744,2026-05-18,MANDI024,Hisar,Narma,6858.48,7982.0,7420.0,6620.0
PR002389,2026-06-29,MANDI037,Patiala,Rice,2197.0,2382.0,2289.29,2183.0
PR005045,2026-04-07,MANDI057,Fatehabad,Cotton,,7081.0,6598.99,6620.0
PR010319,2026-09-07,MANDI041,Bathinda,चावल,2002.39,2179.0,2090.47,2183.0
PR009788,2026-05-27,MANDI024,Ambala,Maize,1793.85,2124.66,1959.25,2090.0
PR010210,2026-07-13,MANDI041,Patiala,Wheat,2170.58,2301.8,2236.0,2275.0
PR007223,2026-01-19,MANDI048,Muzaffarnagar,Wheat,2081.0,2261.43,2171.0,2275.0
PR009270,2026-01-19,MANDI031,Ludhiana,Sugarcane,3206.59,3476.0,3341.49,
PR008198,2026-03-28,MANDI042,Fatehabad,Sugarcane,3401.57,3696.45,3549.01,3500.0
PR000435,2026-01-01,MANDI047,Ludhiana,Narma,5734.0,6167.06,5950.3,6620.0
PR009982,2026-07-08,MANDI025,Kurukshetra,Wheat,1955.46,2222.0,2088.95,2275.0
PR008189,2026-01-31,,Ambala,Makki,2088.12,2220.0,2154.06,2090.0
PR003959,2026-07-01,MANDI004,Amritsar,Chawal,2053.0,2482.0,2267.28,2183.0
PR008560,2026-01-03,MANDI002,Patiala,Sugarcane,3357.69,3540.06,3448.88,
PR007146,2026-09-07,MANDI034,Sirsa,Wheat,2325.14,2610.0,2467.33,2275.0
PR003871,2026-03-19,MANDI019,Ambala,Mustard,,6148.0,5607.0,
PR005076,2026-07-27,MANDI038,Patiala,Rice,1933.0,2193.28,2063.34,2183.0
PR006886,2026-06-15,,Ambala,चावल,2162.25,2687.0,2424.38,
PR007760,2026-03-21,MANDI049,Muzaffarnagar,Mustard,5736.71,6387.73,6062.0,5650.0
PR006999,2026-05-27,MANDI033,Moga,Wheat,1988.75,2474.0,2231.27,
PR010092,2026-08-08,MANDI034,Ambala,Rice,2069.31,2395.86,2233.0,
PR004177,2026-01-14,MANDI030,Bathinda,Mustard,5513.84,6551.66,6032.75,5650.0
PR011884,2026-04-06,MANDI039,Bathinda,Ganne,3433.29,3813.56,3623.0,3500.0
PR008324,2026-05-11,MANDI052,Ludhiana,Maize,2178.77,2397.0,2288.08,2090.0
PR008742,2026-05-13,MANDI048,Bathinda,Sugarcane,,3830.0,3646.93,3500.0
PR007615,2026-01-01,MANDI008,Amritsar,Mustard,5579.67,6616.0,6097.65,5650.0
PR008063,2026-05-10,,Amritsar,Sugarcane,3407.0,3992.0,3699.33,3500.0
PR009005,2026-06-11,MANDI041,Karnal,Cotton,6798.0,7364.26,7081.13,6620.0
PR002876,2026-01-04,MANDI005,Patiala,Mustard,5631.2,6985.0,6307.93,5650.0
PR008930,2026-01-03,MANDI042,Fatehabad,Mustard,5697.91,6040.0,5869.2,5650.0
PR009418,2026-12-02,MANDI012,Amritsar,Cotton,6740.73,7863.3,7302.0,6620.0
PR007344,2026-04-13,MANDI016,Ferozepur,Rice,1975.47,2335.1,2155.29,2183.0
PR008377,2026-08-20,MANDI019,Sirsa,Rice,1973.0,2355.0,2163.93,
PR001507,2026-08-22,MANDI038,Jalandhar,Rice,2002.02,2192.0,2096.79,
PR008184,2026-08-03,MANDI006,Amritsar,Sugarcane,3229.0,3398.0,3314.0,3500.0
PR010013,2026-02-05,MANDI031,Hisar,Cotton,6597.25,7566.0,7081.0,6620.0
PR000626,2026-01-05,MANDI028,Kurukshetra,Rice,2075.6,2282.0,2179.0,2183.0
PR008989,2026-07-27,MANDI049,Ferozepur,Sugarcane,3270.04,3883.79,3576.91,
PR005455,2026-08-30,MANDI045,Kurukshetra,Maize,2089.0,2565.25,2327.0,2090.0
PR004565,2026-01-13,MANDI054,Sirsa,Chawal,1993.77,2205.0,2099.51,2183.0
PR006508,2026-06-17,MANDI026,Hisar,Mustard,4939.0,5581.89,5260.44,5650.0
PR006237,2026-09-05,MANDI017,,Rice,2203.03,2740.33,2472.0,2183.0
PR004874,2026-04-23,MANDI022,Bathinda,Sarso,5168.9,5851.0,5510.0,5650.0
PR006671,2026-05-13,MANDI041,Kurukshetra,Sugarcane,3289.2,3630.0,3459.52,3500.0
PR011202,2026-05-04,MANDI040,Karnal,Rice,1922.21,2343.0,2132.79,
PR010522,2026-07-20,,Ludhiana,चावल,2286.0,2449.31,2367.74,2183.0
PR002363,2026-01-04,MANDI026,Ferozepur,Mustard,5557.62,6518.0,6037.59,5650.0
PR008811,2026-07-19,MANDI034,Karnal,Rice,1875.31,2330.0,2103.0,2183.0
PR010888,2026-03-14,MANDI046,Ambala,Sarso,5069.91,6115.0,5592.63,
PR001207,2026-08-30,,Amritsar,Wheat,2370.0,2609.8,2489.9,2275.0
PR005987,2026-08-15,MANDI055,Sirsa,Sugarcane,3168.05,3830.82,3499.44,3500.0
PR000350,2026-08-12,MANDI029,Ferozepur,Mustard,5036.24,5723.0,5379.51,5650.0
PR009645,2026-01-09,MANDI038,Kurukshetra,Rice,1912.0,2038.75,1975.25,2183.0
PR006482,2026-03-25,MANDI049,Jalandhar,Cotton,6735.65,7718.0,7227.0,6620.0
PR009141,2026-03-14,MANDI003,Karnal,Wheat,2383.0,2690.24,2536.66,2275.0
PR000762,2026-06-24,MANDI024,Karnal,Sugarcane,3034.97,3606.76,3320.87,3500.0
PR008429,2026-06-26,MANDI031,Ludhiana,Mustard,5408.0,5989.09,5698.76,5650.0
PR002485,2026-01-03,MANDI020,Ferozepur,Mustard,5893.8,,6238.51,5650.0
PR010325,2026-04-08,MANDI040,Amritsar,Rice,2077.56,2555.38,2316.0,2183.0
PR000821,2026-07-06,MANDI012,Ludhiana,Wheat,2136.15,2594.0,2364.89,
PR003354,2026-04-20,MANDI038,Karnal,Sugarcane,3091.0,3300.83,3196.15,
PR001711,2026-03-29,,Ludhiana,Ganne,3385.43,3749.31,3567.37,3500.0
PR003073,2026-03-23,,Kurukshetra,Cotton,5947.0,6556.0,6251.75,6620.0
PR003915,2026-02-12,MANDI004,Ambala,Mustard,,5912.0,5533.62,5650.0
PR011448,2026-08-06,MANDI042,Fatehabad,Cotton,5716.44,7095.27,6405.85,
PR003564,2026-04-26,MANDI015,Fatehabad,Maize,,2334.0,2115.0,
PR007360,2026-02-23,MANDI033,Hisar,Sarso,5614.0,6851.0,6232.37,5650.0
PR001064,2026-08-30,MANDI032,Hisar,Wheat,2127.26,2540.0,2333.5,2275.0
PR008766,2026-08-07,MANDI040,Sirsa,Rice,2255.9,2442.29,2349.1,2183.0
PR005079,2026-06-23,MANDI024,Ludhiana,Sugarcane,3577.0,4269.0,3922.96,3500.0
PR000154,2026-08-04,MANDI001,Ferozepur,Mustard,4952.0,5910.21,5431.35,5650.0
PR005129,2026-01-24,MANDI041,Ferozepur,Wheat,2280.0,2595.92,,2275.0
PR008808,2026-06-27,MANDI016,Karnal,Wheat,2178.0,2596.86,2387.64,2275.0
PR009200,2026-06-19,MANDI013,Kurukshetra,Maize,1933.79,2215.83,2075.0,2090.0
PR011020,2026-03-11,MANDI024,Ambala,Maize,1793.0,1914.0,1853.51,
PR002292,2026-08-26,MANDI056,Jalandhar,Ganne,3466.99,4255.0,3861.0,3500.0
PR002632,2026-08-04,MANDI002,Bathinda,चावल,1883.9,2092.72,1988.31,2183.0
PR010910,2026-08-08,MANDI005,Kurukshetra,Sarso,5876.26,6808.0,6341.9,5650.0
PR007390,2026-08-17,MANDI047,Sirsa,Maize,2013.0,2315.64,2164.49,2090.0
PR000398,2026-05-06,MANDI021,Sirsa,Cotton,,,7050.39,6620.0
PR007115,2026-06-03,MANDI021,Sirsa,Ganne,3545.42,3871.26,3708.0,3500.0
PR010170,2026-03-22,MANDI001,Ludhiana,Rice,1917.75,2373.14,,2183.0
PR011343,2026-05-25,MANDI007,Amritsar,Narma,6138.0,6657.59,6398.03,6620.0
PR004768,2026-04-18,MANDI029,Sirsa,Mustard,5728.8,6432.37,6080.59,5650.0
PR010882,2026-03-18,,Hisar,Wheat,2326.0,2626.0,2476.0,2275.0
PR002386,2026-03-11,MANDI042,Ludhiana,Maize,2145.7,2336.27,,2090.0
PR000737,2026-09-08,,,Ganne,3270.77,3485.0,3377.93,3500.0
PR001802,2026-01-09,MANDI019,Sirsa,Wheat,2160.0,2573.59,2366.86,2275.0
PR003407,2026-04-13,MANDI004,Kurukshetra,Mustard,5885.0,6516.0,6200.46,5650.0
PR008830,2026-02-26,MANDI002,Kurukshetra,Ganne,3244.55,3980.0,3612.49,
PR010740,2026-02-26,,Amritsar,Mustard,5401.0,6463.12,5931.89,5650.0
PR010059,2026-04-02,MANDI016,Kurukshetra,Sugarcane,3052.86,3591.23,3322.05,3500.0
PR010566,2026-06-30,MANDI056,Hisar,Sarso,5121.37,5516.87,5319.12,5650.0
PR009239,2026-01-06,MANDI038,Kurukshetra,Rice,2162.87,2576.4,2369.63,2183.0
PR009981,2026-11-04,MANDI046,Amritsar,Wheat,2371.0,2528.56,,2275.0
PR011834,2026-04-25,,Ferozepur,Wheat,2068.0,2182.0,2125.0,2275.0
PR000185,2026-04-17,MANDI027,Ferozepur,Mustard,5296.86,6015.0,5656.0,5650.0
PR010413,2026-01-16,MANDI017,Amritsar,Maize,1780.0,2022.88,1901.43,2090.0
PR007663,2026-02-01,MANDI039,,Wheat,2205.2,2582.91,2394.05,2275.0
PR008922,2026-03-25,MANDI005,Amritsar,Cotton,5881.02,6465.3,6173.0,6620.0
PR008619,2026-03-16,MANDI054,Hisar,Maize,2040.7,2291.0,2165.65,2090.0
PR011616,2026-05-08,MANDI044,Sirsa,Maize,1829.81,2035.0,1932.24,2090.0
PR004619,2026-08-02,MANDI005,Ludhiana,Makki,2161.03,2658.95,2409.99,
PR003705,2026-04-02,MANDI038,Ambala,Sugarcane,3639.0,4089.0,3863.62,
PR000443,2026-07-06,MANDI036,Jalandhar,Rice,2176.73,2711.0,2444.1,2183.0
PR001103,2026-07-20,MANDI002,Jalandhar,Makki,1921.11,2092.42,2007.0,2090.0
PR001441,2026-07-28,MANDI045,Fatehabad,Rice,2010.48,2465.99,2238.24,2183.0
PR008873,2026-08-22,MANDI020,Ferozepur,Maize,2169.51,2470.5,2320.0,
PR006126,2026-03-30,MANDI047,Kurukshetra,Makki,2062.0,2307.0,2184.28,2090.0
PR007334,2026-08-15,MANDI007,Hisar,Sugarcane,3666.0,3929.88,3798.0,3500.0
PR005722,2026-02-09,MANDI043,Moga,Wheat,2380.84,2867.61,2624.0,2275.0
PR001409,2026-02-06,MANDI011,Ludhiana,Sugarcane,3121.0,3415.38,,3500.0
PR007077,2026-05-08,MANDI013,Ludhiana,Wheat,1998.93,2273.0,2136.04,2275.0
PR004437,2026-03-21,MANDI020,Ambala,Makki,1841.6,1971.35,1906.47,2090.0
PR006408,2026-02-15,MANDI036,Ludhiana,Cotton,6612.0,8039.26,7325.58,6620.0
PR005037,2026-04-11,MANDI013,Moga,Sugarcane,3217.46,3992.19,3604.82,3500.0
PR007960,2026-06-06,MANDI056,Karnal,Maize,2128.0,2341.46,2234.68,2090.0
PR010393,2026-04-24,MANDI033,Ambala,Cotton,6902.91,8482.89,7692.9,6620.0
PR010632,2026-07-24,,Ferozepur,Sugarcane,3188.08,3932.47,3560.28,3500.0
PR010174,2026-03-24,,Amritsar,Ganne,3126.09,3705.68,3415.88,3500.0
PR010074,2026-03-01,MANDI036,Ludhiana,Sugarcane,3541.0,4149.25,3845.15,
PR010444,2026-07-03,MANDI052,Amritsar,Sugarcane,3126.56,3658.35,3392.45,3500.0
PR009183,2026-01-23,MANDI047,Ferozepur,Maize,1799.69,2030.0,1915.04,2090.0
PR008460,2026-02-27,MANDI015,Patiala,Sugarcane,3628.15,3970.0,3799.0,3500.0
PR009584,2026-01-27,MANDI010,Sirsa,Rice,2020.3,2288.65,2154.47,
PR006056,2026-03-07,MANDI017,Ferozepur,Sugarcane,3651.51,4235.24,3943.0,
PR005151,2026-08-24,MANDI001,Ludhiana,Sugarcane,3186.36,3610.78,3398.57,3500.0
PR004624,2026-06-28,MANDI004,Ludhiana,Rice,2242.69,2714.0,2479.0,2183.0
PR003250,2026-02-15,MANDI028,Hisar,Sugarcane,3509.0,4305.82,3907.19,3500.0
PR007710,2026-06-04,,Ambala,Wheat,2050.77,,2167.0,2275.0
PR008327,2026-04-05,MANDI032,Amritsar,Chawal,1899.87,2074.65,1987.26,2183.0
PR010961,2026-06-21,MANDI026,Ferozepur,Ganne,3558.71,3925.0,3742.0,3500.0
PR009684,2026-08-20,MANDI006,Hisar,Mustard,5015.94,6229.04,5622.0,5650.0
PR001381,2026-09-01,MANDI011,Ferozepur,चावल,2072.81,2196.19,,
PR008499,2026-04-17,MANDI020,Patiala,Sarso,5050.58,5360.88,5206.0,
PR005865,2026-01-04,MANDI020,Fatehabad,Wheat,2081.89,2305.07,2193.48,2275.0
PR001105,2026-06-07,MANDI040,Ferozepur,Wheat,2275.6,2735.0,2505.12,2275.0
PR007181,2026-02-07,MANDI016,Bathinda,Wheat,2186.0,2407.45,2297.0,2275.0
PR007450,2026-06-11,MANDI019,Karnal,Wheat,2194.1,2308.0,2251.14,2275.0
PR005524,2026-05-22,MANDI015,Hisar,Rice,1919.0,2272.0,2095.31,2183.0
PR004251,2026-03-09,MANDI040,Fatehabad,Mustard,5336.46,6325.0,5830.72,5650.0
PR010229,2026-04-09,MANDI056,Ambala,Rice,2244.0,2601.06,2422.48,2183.0
PR011864,2026-08-17,MANDI036,Amritsar,Cotton,,7505.88,6911.76,6620.0
PR011927,2026-01-19,MANDI049,Ludhiana,Mustard,5540.91,6451.0,5996.0,5650.0
PR005335,2026-06-24,MANDI026,Moga,Mustard,5562.42,6811.56,6186.99,5650.0
PR006751,2026-04-25,MANDI002,Patiala,Maize,1898.64,2192.0,2045.12,
PR006152,2026-02-25,MANDI012,Ambala,Wheat,2068.37,2278.06,2173.21,2275.0
PR001218,2026-07-30,MANDI015,Amritsar,Sugarcane,3296.0,4060.51,3678.5,3500.0
PR009946,2026-04-22,MANDI046,Amritsar,Rice,,2294.95,2159.0,2183.0
PR004851,2026-06-16,MANDI011,Jalandhar,Cotton,5783.0,6904.81,6344.0,6620.0
PR011050,2026-04-28,MANDI046,Ludhiana,Makki,1965.77,2319.05,2142.41,2090.0
PR009971,2026-05-20,MANDI010,Ferozepur,Mustard,5853.35,6617.0,6235.28,5650.0
PR010957,2026-03-14,MANDI032,Bathinda,Sugarcane,3425.33,3716.28,3571.0,3500.0
PR002166,2026-08-20,MANDI031,Bathinda,Cotton,,6441.67,6060.55,6620.0
PR008396,2026-04-29,MANDI014,Jalandhar,Maize,1941.26,2402.0,2171.69,2090.0
PR002029,2026-07-02,MANDI010,Jalandhar,Mustard,5326.08,6340.0,5832.81,5650.0
PR007911,2026-07-07,,Sirsa,Wheat,2249.07,2494.0,2371.35,2275.0
PR008937,2026-01-23,,Jalandhar,Wheat,2109.67,2513.51,2312.0,2275.0
PR011454,2026-06-21,MANDI018,Ferozepur,Sugarcane,3596.64,3799.55,3698.0,
PR006718,2026-03-09,MANDI040,Ferozepur,Sugarcane,3251.29,3442.47,3347.0,3500.0
PR010260,2026-02-10,MANDI018,Ferozepur,Wheat,1977.27,2238.0,2107.82,2275.0
PR007922,2026-06-13,MANDI047,Bathinda,Cotton,6101.3,6737.01,6419.0,6620.0
PR005818,2026-04-16,MANDI054,Moga,Cotton,5805.53,6315.0,,6620.0
PR010425,2026-06-05,MANDI038,Ferozepur,Maize,1934.61,2132.65,2033.63,2090.0
PR010901,2026-05-07,MANDI029,Sirsa,Narma,5698.16,6084.0,5890.83,
PR001795,2026-02-14,MANDI008,Patiala,Maize,1839.81,2161.0,2000.21,2090.0
PR001693,2026-07-16,MANDI015,Kurukshetra,Mustard,5124.0,6010.0,5566.81,5650.0
PR003472,2026-02-08,MANDI050,Ferozepur,Mustard,4854.97,5456.0,5155.0,5650.0
PR010489,2026-04-01,MANDI041,Ambala,Mustard,5721.53,6513.73,6117.63,5650.0
PR011036,2026-03-10,MANDI008,Amritsar,Wheat,2194.57,2648.88,2422.0,2275.0
PR003574,2026-08-14,MANDI031,Ferozepur,Sarso,5879.0,7070.83,6474.67,5650.0
PR010248,2026-07-27,MANDI041,Fatehabad,Rice,2086.98,2193.52,2140.25,2183.0
PR010934,2026-06-05,MANDI050,Jalandhar,Ganne,3348.0,3753.71,3550.79,3500.0
PR002610,2026-08-10,MANDI035,Ludhiana,Wheat,1991.0,2279.27,2134.9,
PR009920,2026-04-09,MANDI005,Jalandhar,Mustard,5436.97,6158.63,5797.8,5650.0
PR010277,2026-03-15,MANDI043,Kurukshetra,Wheat,,2713.81,2488.97,2275.0
PR006475,2026-05-30,MANDI009,Sirsa,Cotton,6306.1,7498.0,6902.0,6620.0
PR001343,2026-09-07,MANDI002,Amritsar,Wheat,2388.11,2823.0,2605.8,2275.0
PR011384,2026-05-12,MANDI053,Saharanpur,Mustard,5222.99,6268.0,5746.0,5650.0
PR007041,2026-02-01,MANDI010,Karnal,Wheat,1952.8,2083.0,2017.96,
PR000645,2026-04-19,MANDI050,Moga,Rice,2272.74,2674.12,2473.0,2183.0
PR009812,2026-06-16,MANDI006,Jalandhar,Sugarcane,3521.04,3975.0,3747.98,3500.0
PR006742,2026-04-16,MANDI028,Ambala,Cotton,,7298.05,6889.38,6620.0
PR010367,2026-07-29,MANDI025,Ferozepur,Wheat,1962.11,2410.8,2186.45,2275.0
PR001718,2026-05-01,MANDI025,Patiala,Maize,2012.98,2316.55,2164.77,2090.0
PR003945,2026-08-03,,Ferozepur,Wheat,1956.48,2203.07,2080.0,2275.0
PR009710,2026-09-07,MANDI037,Amritsar,Sarso,5123.77,6319.55,5721.66,
PR008893,2026-05-30,,Ferozepur,Maize,2144.0,2575.46,2359.93,2090.0
PR004200,2026-07-05,MANDI016,Ferozepur,Sugarcane,3336.87,4146.0,3741.23,3500.0
PR008939,2026-07-28,MANDI002,Bathinda,Sugarcane,3196.24,3983.0,3589.47,3500.0
PR004099,2026-07-08,MANDI054,Ludhiana,Maize,1806.79,1956.78,1882.0,2090.0
PR000694,2026-01-18,MANDI027,Hisar,Wheat,2375.74,2786.0,2581.0,
PR006533,2026-04-13,MANDI020,Jalandhar,Cotton,5791.15,6714.46,6252.8,6620.0
PR002253,2026-02-02,MANDI025,Fatehabad,Rice,1917.84,2342.68,2130.26,2183.0
PR000550,2026-07-10,MANDI007,Amritsar,Wheat,2265.0,2402.34,2334.0,2275.0
PR005296,2026-07-29,MANDI054,Amritsar,Maize,2152.14,2597.17,2375.0,2090.0
PR009298,2026-05-30,MANDI057,Bareilly,चावल,2204.91,2407.0,2306.0,2183.0
PR005309,2026-06-01,MANDI014,Ludhiana,Rice,1956.78,2434.0,2195.17,2183.0
PR000708,2026-06-19,MANDI029,Ludhiana,Cotton,5628.12,6224.35,5926.24,6620.0
PR001771,2026-04-06,MANDI031,Hisar,Maize,1821.52,2041.64,1931.58,2090.0
PR002535,2026-04-27,MANDI006,Jalandhar,Wheat,2002.47,2137.54,2070.01,
PR003714,2026-02-02,MANDI027,Ferozepur,Cotton,6525.0,8053.04,7288.92,
PR011754,2026-01-01,MANDI014,Ferozepur,Rice,2215.53,2460.0,2337.57,2183.0
PR010350,2026-02-03,MANDI034,Kurukshetra,Rice,2210.0,2468.0,2339.09,2183.0
PR001033,2026-05-22,MANDI031,Hisar,Sugarcane,3404.63,3912.12,3658.0,3500.0
PR002601,2026-08-02,MANDI024,Moga,Cotton,6575.35,7298.72,6937.04,6620.0
PR005236,2026-03-03,,Ferozepur,Sugarcane,2999.36,3332.4,3166.0,3500.0
PR005388,2026-01-08,MANDI028,Hisar,Rice,1998.24,2263.21,2131.0,
PR004379,2026-02-21,MANDI034,Patiala,Wheat,2111.96,2425.0,2268.68,2275.0
PR001834,2026-06-11,MANDI043,Amritsar,Wheat,2341.26,2749.97,2545.62,2275.0
PR011567,2026-07-01,MANDI024,Bathinda,Sugarcane,3065.83,3671.01,3368.42,3500.0
PR000956,2026-01-03,MANDI042,Ludhiana,Cotton,6923.28,8092.0,7508.0,
PR000010,2026-06-27,MANDI005,Ferozepur,Mustard,5643.0,6801.19,6222.0,5650.0
PR004698,2026-07-25,MANDI051,Amritsar,Cotton,6497.16,8034.26,7265.71,
PR008403,2026-04-20,MANDI045,Ludhiana,Sarso,5539.88,6711.64,6125.76,
PR006069,2026-02-02,MANDI009,Hisar,Ganne,3114.17,,3381.21,3500.0
PR000382,2026-05-02,MANDI031,Moga,Cotton,6656.87,7668.5,7162.68,6620.0
PR000377,2026-07-02,MANDI043,Hisar,Maize,2051.96,2172.26,2112.0,2090.0
PR003712,2026-03-17,MANDI038,Bathinda,Wheat,2362.82,2745.16,2553.99,2275.0
PR007654,2026-07-28,MANDI040,Fatehabad,Mustard,5328.0,6119.46,5723.93,
PR003005,2026-08-08,MANDI030,Ferozepur,Rice,1972.09,2411.0,2191.43,2183.0
PR000590,2026-09-04,,Moga,Sugarcane,3602.31,4378.71,3990.51,3500.0
PR002807,2026-03-12,MANDI007,Ambala,Cotton,6033.0,7372.02,6702.0,6620.0
PR001326,2026-07-23,,Kurukshetra,Mustard,5088.82,5861.0,5475.0,5650.0
PR007271,2026-08-20,MANDI023,Karnal,Cotton,6841.14,8548.11,7695.0,6620.0
PR009332,2026-04-27,MANDI056,Bareilly,Sugarcane,3001.42,3488.0,3244.67,3500.0
PR010701,2026-01-18,MANDI019,Ludhiana,Sugarcane,3538.72,3734.0,3636.53,
PR006333,2026-08-14,MANDI015,Fatehabad,Mustard,4876.0,5244.38,5060.12,5650.0
PR007703,2026-04-14,MANDI035,Ferozepur,Sugarcane,2975.8,,3075.97,3500.0
PR001368,2026-01-31,MANDI001,Amritsar,चावल,2050.0,2209.06,2129.52,2183.0
PR003634,2026-07-23,MANDI031,Bathinda,Cotton,5734.0,7084.89,6409.0,6620.0
PR009126,2026-02-11,MANDI044,Hisar,Wheat,2219.06,2647.0,2433.25,2275.0
PR007207,2026-08-09,MANDI006,Moga,चावल,2107.0,2331.0,2219.01,2183.0
PR009216,2026-03-04,MANDI045,Sirsa,Mustard,5356.7,,5567.0,5650.0
PR006614,2026-01-03,MANDI042,Kurukshetra,Maize,2083.18,2477.33,2280.25,
PR001665,2026-03-27,MANDI029,Moga,Sarso,5616.82,6902.0,6259.51,
PR001433,2026-09-05,MANDI007,Ambala,Sugarcane,2997.28,3376.67,,3500.0
PR003089,2026-06-22,,Kurukshetra,Cotton,6851.0,7697.88,7274.68,6620.0
PR001519,2026-07-04,MANDI004,Sirsa,Mustard,5088.04,5923.29,5505.67,5650.0
PR009867,2026-03-22,MANDI049,Patiala,Wheat,2264.0,2809.69,2537.0,2275.0
PR000874,2026-06-07,MANDI020,Ferozepur,Narma,6104.06,7540.43,,6620.0
PR009265,2026-05-02,,Jalandhar,Maize,1947.25,2336.23,2142.0,
PR008626,2026-08-29,MANDI024,Ludhiana,Mustard,4869.0,5612.57,5240.89,5650.0
PR009180,2026-03-06,MANDI041,Ferozepur,Rice,1861.0,2049.33,1955.25,2183.0
PR009369,2026-01-13,MANDI054,Ludhiana,Maize,,2390.86,2238.49,2090.0
PR010027,2026-03-18,MANDI026,Bathinda,Sugarcane,3597.94,4249.0,3923.65,3500.0
PR003629,2026-07-03,MANDI017,Hisar,Wheat,2346.26,2707.66,2526.96,
PR006372,2026-06-11,MANDI026,Ambala,Cotton,6492.0,7048.55,6770.06,6620.0
PR008564,2026-01-06,MANDI004,Fatehabad,Wheat,2190.0,,,
PR001195,2026-04-08,,Amritsar,Mustard,5070.13,,5433.47,5650.0
PR002571,2026-03-01,MANDI012,Patiala,Maize,1803.55,1962.6,1883.08,2090.0
PR000336,2026-02-09,MANDI008,Kurukshetra,Wheat,2030.64,2290.17,2160.4,2275.0
PR003189,2026-09-01,MANDI053,Ludhiana,Ganne,3415.78,,3522.12,3500.0
PR007342,2026-03-19,MANDI006,Fatehabad,Rice,2244.23,2653.72,2449.0,2183.0
PR011419,2026-02-08,MANDI038,Ferozepur,Mustard,5132.0,6116.0,5624.0,5650.0
PR002816,2026-04-27,,,Rice,1911.76,2208.78,2060.27,2183.0
PR011970,2026-06-21,MANDI025,Ludhiana,Maize,2125.83,2319.0,2222.53,
PR003170,2026-02-24,MANDI022,Ferozepur,Mustard,4846.09,5389.78,5117.94,5650.0
PR005770,2026-06-21,MANDI056,Bareilly,Rice,1988.1,2317.17,,
PR000574,2026-07-27,MANDI020,Sirsa,Sugarcane,3404.0,,3727.0,3500.0
PR005075,2026-06-11,MANDI032,Karnal,Wheat,2164.0,2404.0,2284.13,2275.0
PR004927,2026-04-08,MANDI026,Ludhiana,Rice,1885.0,2132.0,2008.0,2183.0
PR008038,2026-05-17,MANDI005,Jalandhar,Wheat,2357.0,2647.94,2502.57,2275.0
PR005136,2026-01-23,MANDI016,Bathinda,Maize,1961.0,2360.07,2161.0,2090.0
PR004495,2026-09-03,MANDI055,Karnal,Cotton,6934.0,8217.0,7575.48,6620.0
PR002515,2026-01-26,MANDI035,Karnal,Cotton,6720.22,7274.57,6997.39,
PR001470,2026-07-08,MANDI032,Ludhiana,Wheat,2136.0,2382.06,2259.15,2275.0
PR009232,2026-01-05,MANDI021,Ferozepur,Cotton,6872.12,7367.84,7119.98,6620.0
PR005725,2026-08-31,MANDI022,Karnal,Chawal,2172.49,2611.0,2391.71,2183.0
PR004158,2026-07-15,,Ferozepur,Ganne,3659.83,4347.98,4003.9,3500.0
PR008660,2026-07-04,MANDI030,Karnal,Maize,1942.65,2215.79,2079.0,
PR006091,2026-02-09,MANDI028,Patiala,Mustard,5378.0,6111.77,5745.0,
PR007220,2026-06-24,MANDI009,Amritsar,Rice,2116.11,2335.97,2226.04,
PR001646,2026-07-06,MANDI002,Sirsa,Makki,2181.17,2670.54,2426.0,2090.0
PR011974,2026-01-28,,Karnal,Mustard,5469.0,6109.0,5789.18,5650.0
PR010786,2026-04-17,MANDI018,Moga,Narma,6058.74,6928.0,6493.0,6620.0
PR009501,2026-03-21,MANDI041,Ambala,Sarso,5917.1,6391.0,6153.95,5650.0
PR001812,2026-08-31,MANDI036,Fatehabad,Wheat,2090.0,2285.1,2188.0,
PR003533,2026-06-27,MANDI008,Karnal,Makki,1985.67,2271.0,2128.0,2090.0
PR008128,2026-06-17,MANDI039,Kurukshetra,Maize,1819.46,2247.0,2033.0,2090.0
PR008713,2026-03-24,MANDI023,Fatehabad,Sugarcane,3201.5,3996.7,3599.0,
PR010960,2026-07-01,MANDI006,Ferozepur,Mustard,5614.0,6329.0,5971.7,
PR009170,2026-08-27,MANDI023,Sirsa,Cotton,6941.0,8385.67,7663.0,
PR006088,2026-08-28,MANDI025,Jalandhar,Sarso,5482.0,5791.82,5637.09,5650.0
PR008108,2026-04-15,MANDI029,Sirsa,Cotton,6031.63,6919.19,6475.0,6620.0
PR008273,2026-01-19,MANDI005,Kurukshetra,Wheat,2335.0,2524.9,2430.16,2275.0
PR001241,2026-08-12,MANDI056,Moga,Makki,2014.71,2478.9,2246.81,
PR001396,2026-03-01,,,Wheat,2126.15,2272.87,2199.51,2275.0
PR000009,2026-07-13,MANDI004,Ludhiana,Rice,2105.0,2574.0,2339.11,2183.0
PR008567,2026-03-25,MANDI017,Karnal,Mustard,5622.0,6765.06,6193.29,
PR005696,2026-08-13,MANDI002,Fatehabad,Wheat,2374.0,2911.55,2643.0,
PR011450,2026-08-15,,Moga,Maize,2070.57,2372.08,2221.0,2090.0
PR001664,2026-03-30,MANDI001,Ludhiana,Wheat,2072.37,2184.62,2128.5,2275.0
PR011209,2026-08-18,MANDI035,Karnal,Wheat,2036.74,2294.79,2165.77,2275.0
PR007815,2026-04-21,MANDI005,Moga,Cotton,5646.62,6054.0,5850.2,6620.0
PR008528,2026-05-06,MANDI013,Jalandhar,Maize,1960.0,2253.7,2107.0,2090.0
PR005302,2026-09-02,MANDI048,Bathinda,Sarso,5838.83,6277.0,6058.08,5650.0
PR006904,2026-07-31,MANDI004,Moga,Cotton,6390.0,6958.8,6674.0,6620.0
PR008739,2026-02-08,MANDI034,Bathinda,Wheat,2045.94,,2126.0,
PR002904,2026-03-22,MANDI040,Bathinda,चावल,1979.0,2403.48,2191.03,
PR006001,2026-06-17,MANDI017,Moga,Narma,5851.0,6984.0,6417.0,6620.0
PR010110,2026-01-02,MANDI029,Hisar,Sugarcane,3391.57,3720.25,3555.91,3500.0
PR008589,2026-01-30,MANDI038,Karnal,Wheat,2202.44,2600.25,2401.0,
PR001911,2026-06-16,MANDI033,Karnal,Mustard,5723.04,6171.31,5947.18,5650.0
PR002917,2026-06-17,MANDI047,Amritsar,Cotton,6881.0,7944.0,7412.0,6620.0
PR003196,2026-03-04,MANDI033,Sirsa,Sugarcane,3284.05,3980.53,3632.29,3500.0
PR004193,2026-08-12,MANDI015,Hisar,Wheat,2255.6,2488.0,2371.85,2275.0
PR004878,2026-06-23,,Ferozepur,Sugarcane,3477.02,3746.59,3612.0,3500.0
PR001411,2026-05-05,MANDI050,Karnal,Rice,2253.48,2734.97,2494.0,2183.0
PR007403,2026-03-28,MANDI033,Ambala,Maize,2069.29,2456.67,2262.98,
PR008977,2026-03-02,MANDI057,Ludhiana,Mustard,4878.0,5297.82,5087.99,5650.0
PR006859,2026-07-06,MANDI005,Karnal,Maize,1935.18,2197.0,2065.86,
PR001375,2026-05-02,MANDI027,Ludhiana,Wheat,1956.68,2365.56,2161.12,2275.0
PR006211,2026-03-29,MANDI036,Ferozepur,Cotton,6010.2,7182.65,6596.0,6620.0
PR011018,2026-06-28,MANDI030,Amritsar,Cotton,,7681.95,7264.62,6620.0
PR006049,2026-07-21,MANDI033,Ambala,Sarso,4928.44,6149.0,5538.96,
PR002441,2026-07-14,MANDI046,Sirsa,Wheat,2178.54,2605.86,2392.2,2275.0
PR009073,2026-08-22,,Patiala,Wheat,2128.07,2599.0,2364.0,2275.0
PR003209,2026-04-22,MANDI031,Ferozepur,Rice,1988.05,2240.68,2114.36,2183.0
PR010081,2026-06-01,MANDI008,Ambala,Cotton,6434.0,7620.0,7027.13,6620.0
PR002912,2026-07-17,MANDI046,Jalandhar,Cotton,6850.25,8074.02,7462.13,6620.0
PR007919,2026-04-23,MANDI025,Jalandhar,Cotton,6540.7,6895.23,6717.97,
PR004043,2026-09-09,MANDI043,Agra,Ganne,3299.84,3859.0,3579.43,3500.0
PR009376,2026-09-02,MANDI018,Moga,Mustard,5249.0,6253.73,5751.0,5650.0
PR004964,2026-03-04,MANDI014,Amritsar,Cotton,6305.0,7771.0,7038.0,6620.0
PR004806,2026-09-09,MANDI012,Fatehabad,Cotton,5648.16,6277.63,5963.0,
PR001364,2026-06-01,MANDI042,Ferozepur,Cotton,6611.24,7536.0,7073.0,6620.0
PR004338,2026-07-05,MANDI013,Karnal,Sugarcane,3165.55,3423.11,3294.33,3500.0
PR007752,2026-03-09,MANDI055,Patiala,Sugarcane,3125.0,3717.81,3421.0,3500.0
PR006792,2026-01-16,MANDI023,Amritsar,Sugarcane,3089.57,3767.0,3428.2,
PR010630,2026-06-07,MANDI052,Saharanpur,चावल,,2427.11,2299.54,
PR006547,2026-07-15,MANDI041,Fatehabad,Maize,2092.0,2213.23,2152.0,2090.0
PR007605,2026-03-19,MANDI048,Bathinda,Maize,2177.85,2562.0,2369.99,2090.0
PR010600,2026-06-09,MANDI049,Ambala,Wheat,2018.0,2169.35,2094.0,2275.0
PR003210,2026-06-24,MANDI044,Amritsar,Rice,2054.66,2252.78,2153.72,2183.0
PR009014,2026-07-16,MANDI027,Ambala,Sugarcane,3452.0,3856.0,3654.0,3500.0
PR003270,2026-06-14,,Jalandhar,Narma,6275.44,6753.59,6515.0,6620.0
PR008111,2026-04-15,MANDI034,Ambala,Wheat,2205.0,2521.0,2363.38,2275.0
PR007598,2026-04-30,MANDI003,Ferozepur,Wheat,2029.0,2506.0,2267.27,2275.0
PR010025,2026-07-14,MANDI008,Karnal,Wheat,2041.66,2466.8,2254.23,2275.0
PR011739,2026-02-13,MANDI004,Fatehabad,Mustard,5738.02,,6287.45,5650.0
PR000453,2026-02-26,MANDI054,Ferozepur,Sarso,4902.67,5683.17,5292.92,
PR000476,2026-03-03,MANDI024,Ludhiana,Sugarcane,,4006.85,,3500.0
PR003686,2026-08-15,MANDI012,Ludhiana,Makki,1980.0,2310.59,2145.0,
PR002622,2026-03-16,MANDI013,Hisar,Cotton,5812.0,6157.29,5985.0,6620.0
PR008244,2026-01-21,MANDI056,Karnal,Sugarcane,3301.84,3903.04,3602.0,3500.0
PR003828,2026-03-19,MANDI052,Saharanpur,Sugarcane,3212.0,,3503.93,3500.0
PR002539,2026-07-19,MANDI007,Sirsa,Makki,1970.53,2119.27,2044.9,2090.0
PR005949,2026-01-22,MANDI050,Ferozepur,Makki,1989.53,2175.3,2082.0,
PR002929,2026-05-02,MANDI031,Ferozepur,Maize,2121.51,2517.12,2319.32,
PR005826,2026-06-07,MANDI035,Moga,Cotton,6522.06,7160.43,6841.24,6620.0
PR005377,2026-03-30,,Ludhiana,Mustard,5217.29,5836.13,5526.71,5650.0
PR001093,2026-03-27,,Ludhiana,Sugarcane,3212.0,3432.13,3322.23,3500.0
PR008145,2026-05-11,MANDI052,Kurukshetra,Maize,1847.0,2127.0,1986.99,2090.0
PR010818,2026-05-22,MANDI004,Ferozepur,Maize,2134.0,2434.48,2284.0,
PR008864,2026-02-08,MANDI035,Moga,Sugarcane,,3979.0,3799.42,3500.0
PR010555,2026-03-17,MANDI033,Hisar,चावल,1982.64,2251.0,2116.63,2183.0
PR011944,2026-03-30,MANDI023,Sirsa,Wheat,2189.68,2616.85,2403.27,2275.0
PR001858,2026-06-22,MANDI009,Patiala,Maize,1936.61,2416.0,2176.0,2090.0
PR008419,2026-02-21,MANDI013,Kurukshetra,Cotton,5764.0,7108.21,6436.03,6620.0
PR001908,2026-01-28,MANDI015,Ludhiana,Rice,1902.02,2244.56,2073.29,2183.0
PR000103,2026-01-26,MANDI044,Ferozepur,Mustard,5597.0,6223.48,5910.34,
PR003232,2026-07-30,MANDI041,Amritsar,Cotton,5850.66,7106.0,6478.44,6620.0
PR007576,2026-02-17,MANDI039,Ferozepur,Wheat,2122.1,2540.34,2331.22,2275.0
PR006714,2026-08-01,,Bathinda,Maize,1853.39,2286.12,2069.76,2090.0
PR007012,2026-02-25,MANDI017,Ludhiana,Wheat,1990.97,2455.43,2223.0,2275.0
PR008823,2026-05-21,MANDI003,Ludhiana,Wheat,2036.98,2478.73,2258.0,
PR004790,2026-07-09,MANDI047,Ferozepur,Rice,2185.0,2640.04,2412.56,2183.0
PR011691,2026-02-06,MANDI014,Amritsar,Mustard,5252.23,5909.4,5580.81,5650.0
PR002144,2026-02-11,MANDI052,Moga,Ganne,3581.0,4050.36,3816.0,3500.0
PR002507,2026-05-28,MANDI044,Hisar,Cotton,6487.0,6943.21,6715.0,6620.0
PR010073,2026-04-22,MANDI041,Fatehabad,Cotton,6763.0,7660.0,7211.32,
PR003281,2026-07-02,MANDI007,Patiala,Narma,6467.31,7821.73,7145.0,6620.0
PR006837,2026-08-22,MANDI056,Bareilly,Mustard,4834.86,5614.59,5224.72,
PR005070,2026-03-17,MANDI008,Amritsar,Wheat,2234.79,2355.67,2295.23,
PR011158,2026-03-27,MANDI001,Ferozepur,Cotton,6170.4,6767.56,6468.98,6620.0
PR000092,2026-01-29,MANDI017,,Wheat,2138.32,2460.88,,
PR003936,2026-04-12,MANDI007,Ferozepur,Rice,1884.97,2052.17,1968.57,
PR009590,2026-07-30,MANDI040,Fatehabad,Maize,1985.0,2445.8,2215.37,2090.0
PR004450,2026-02-11,MANDI035,Ambala,Rice,1959.0,2227.0,2092.84,2183.0
PR007352,2026-02-08,MANDI024,Ambala,Narma,6931.0,7702.0,7316.33,6620.0
PR004961,2026-09-06,MANDI038,Ludhiana,Wheat,2179.3,2590.12,2384.71,
PR008054,2026-03-29,MANDI044,Fatehabad,Wheat,2083.86,2453.8,2268.83,2275.0
PR001505,2026-05-14,MANDI009,Patiala,Rice,1929.71,2327.0,2128.57,
PR005589,2026-03-14,MANDI041,Fatehabad,Rice,2138.0,2292.0,2214.98,
PR011765,2026-11-02,,Patiala,Wheat,2030.53,2186.75,2109.0,2275.0
PR001153,2026-05-13,MANDI014,Sirsa,Narma,6339.08,7531.0,6935.1,6620.0
PR003901,2026-07-08,MANDI024,Kurukshetra,Rice,2043.6,2348.7,2196.0,2183.0
PR006631,2026-01-17,MANDI025,Ambala,Rice,2025.0,2528.0,2276.44,2183.0
PR002167,2026-08-10,MANDI046,Ambala,Mustard,5223.46,6005.69,5615.0,5650.0
PR008146,2026-01-21,MANDI029,Patiala,Wheat,2183.0,2710.99,2447.17,
PR002442,2026-07-19,MANDI008,Amritsar,Sarso,5769.95,6459.0,6114.0,5650.0
PR009393,2026-04-25,,Jalandhar,Maize,2073.84,2513.0,2293.48,
PR008804,2026-08-09,MANDI016,Kurukshetra,Maize,1937.13,2184.0,2060.57,2090.0
PR001005,2026-01-27,MANDI015,Fatehabad,Maize,1903.0,2077.0,1989.93,2090.0
PR010340,2026-06-24,MANDI057,Karnal,Wheat,2331.36,2821.89,,2275.0
PR008015,2026-03-24,,Ambala,Sugarcane,3323.26,3695.27,3509.27,3500.0
PR003920,2026-06-15,,Karnal,Cotton,5749.0,6578.25,6163.51,6620.0
PR009634,2026-05-02,MANDI006,Moga,Cotton,5931.19,7117.42,6524.3,6620.0
PR008204,2026-07-25,MANDI024,Hisar,Wheat,2190.34,2424.0,2307.35,2275.0
PR006511,2026-09-07,MANDI007,Kurukshetra,Sugarcane,3364.55,4192.0,3778.0,3500.0
PR001569,2026-05-18,MANDI038,Kurukshetra,Sarso,5804.52,7157.49,6481.0,5650.0
PR010243,2026-09-03,MANDI055,Moga,Wheat,2105.71,2385.0,,2275.0
PR007527,2026-07-02,MANDI056,Kurukshetra,Maize,1900.0,2306.67,2103.39,
PR000455,2026-06-30,MANDI042,Ambala,Maize,2033.0,2148.0,2090.49,2090.0
PR004165,2026-12-03,MANDI047,Fatehabad,Maize,2075.1,,2142.55,2090.0
PR001638,2026-06-05,MANDI030,Hisar,Cotton,6337.0,7822.36,7079.54,6620.0
PR009426,2026-03-19,MANDI017,Fatehabad,Maize,1779.0,2073.18,1925.84,
PR008020,2026-09-01,MANDI011,Kurukshetra,Wheat,2143.75,2322.47,2233.11,2275.0
PR003722,2026-08-14,MANDI007,Kurukshetra,Maize,2061.0,,2204.53,
PR002809,2026-10-07,MANDI037,Patiala,Rice,2041.4,2266.0,2153.46,2183.0
PR011197,2026-07-25,MANDI016,Bathinda,Cotton,5914.36,6679.0,6296.52,
PR001486,2026-03-21,MANDI001,Patiala,चावल,2096.17,2248.5,2172.33,2183.0
PR006563,2026-02-23,MANDI057,Karnal,Makki,1839.89,2157.0,1998.49,2090.0
PR010815,2026-05-05,MANDI035,Bathinda,Sugarcane,3058.77,3418.0,3238.24,3500.0
PR004164,2026-07-09,MANDI015,Sirsa,Maize,2142.14,2307.01,2224.57,2090.0
PR009651,2026-06-25,MANDI035,Jalandhar,Maize,1996.45,2245.13,2121.0,2090.0
PR000960,2026-05-29,MANDI030,Sirsa,Sugarcane,3477.0,4003.0,3739.72,3500.0
PR001632,2026-05-14,MANDI003,Patiala,Sugarcane,3119.95,3783.01,3451.0,3500.0
PR007020,2026-02-12,MANDI011,Moga,Rice,2018.59,2461.51,2240.05,2183.0
PR001423,2026-04-03,MANDI054,Hisar,Cotton,6234.28,,7002.57,6620.0
PR001464,2026-03-30,MANDI015,Moga,Mustard,5929.03,,6106.94,5650.0
PR003415,2026-04-20,MANDI044,Bathinda,Ganne,3572.96,3873.0,3723.06,3500.0
PR006737,2026-08-11,,Amritsar,Cotton,6063.19,,6602.0,6620.0
PR010205,2026-07-26,,Ludhiana,Sugarcane,3059.84,3655.67,3358.0,3500.0
PR000740,2026-08-22,MANDI011,Kurukshetra,Sugarcane,3063.46,3651.52,3357.0,3500.0
PR008480,2026-03-29,MANDI035,Karnal,Sugarcane,3332.0,3738.75,3535.24,3500.0
PR009832,2026-07-14,MANDI039,Karnal,Mustard,5543.88,,5904.52,5650.0
PR001372,2026-09-05,,Sirsa,Mustard,4932.01,5611.73,5271.87,
PR000370,2026-03-14,MANDI002,Moga,Mustard,5533.22,6258.46,5895.84,
PR007325,2026-07-23,,Karnal,Wheat,2106.0,2408.28,2257.1,
PR003059,2026-01-13,MANDI043,Bathinda,Sugarcane,3226.13,3449.2,3337.67,3500.0
PR010387,2026-07-09,MANDI010,Bathinda,Sugarcane,3485.93,3869.0,3677.42,3500.0
PR008234,2026-08-11,MANDI029,Karnal,Sugarcane,3191.51,3856.67,3524.09,3500.0
PR001864,2026-03-27,MANDI038,Bathinda,Cotton,6748.49,7181.72,6965.1,6620.0
PR004818,2026-04-27,MANDI025,Ambala,Sugarcane,2979.13,3569.0,3273.89,3500.0
PR008280,2026-04-07,MANDI003,Bathinda,Rice,1913.17,2140.0,2026.5,2183.0
PR005141,2026-07-23,MANDI012,Sirsa,Maize,1852.44,2003.0,1927.67,2090.0
PR000153,2026-07-23,MANDI055,Bareilly,Mustard,4965.64,5719.0,5342.0,
PR010570,2026-06-27,MANDI027,Kurukshetra,Wheat,1996.79,2301.85,2149.0,2275.0
PR001330,2026-05-14,MANDI026,Ambala,Rice,1947.28,2385.0,2166.28,
PR006829,2026-03-12,MANDI053,Saharanpur,Mustard,5346.11,5883.0,,
PR002342,2026-07-25,MANDI015,Bathinda,Makki,2042.91,2257.0,2149.91,2090.0
PR007299,2026-04-15,MANDI036,Ambala,Wheat,1946.72,2414.89,2180.81,
PR010406,2026-03-09,,Karnal,Wheat,2342.62,2889.93,2616.0,2275.0
PR007517,2026-01-23,MANDI047,Kurukshetra,Makki,1931.87,2055.0,1993.33,2090.0
PR009683,2026-07-21,MANDI054,Ambala,Wheat,2242.65,2590.54,2417.0,2275.0
PR007266,2026-08-02,,Ambala,Cotton,6061.0,6544.0,6302.57,6620.0
PR009131,2026-09-04,MANDI054,Kurukshetra,Sugarcane,3458.72,4194.76,3826.74,3500.0
PR002640,2026-05-26,MANDI041,Ambala,Makki,2021.0,2309.0,2165.0,2090.0
PR009970,2026-02-15,,Ludhiana,Makki,2149.0,2357.0,2253.16,2090.0
PR004557,2026-01-31,MANDI011,Fatehabad,Wheat,2344.76,2883.28,2614.02,2275.0
PR010503,2026-02-13,MANDI022,Ambala,Maize,,2383.8,2168.0,2090.0
PR000843,2026-08-30,MANDI019,Ludhiana,Mustard,4978.0,6193.84,5585.86,5650.0
PR010278,2026-08-19,MANDI018,Kurukshetra,Maize,2088.66,2519.0,2303.99,2090.0
PR003778,2026-01-12,MANDI048,Hisar,Mustard,5676.0,6167.0,,5650.0
PR004411,2026-03-30,,Fatehabad,Maize,1937.0,2412.66,2175.0,2090.0
PR004829,2026-03-29,MANDI053,Karnal,Cotton,6133.21,6940.09,6536.65,6620.0
PR004733,2026-06-13,MANDI042,Fatehabad,Cotton,6223.28,6903.0,6563.29,6620.0
PR005443,2026-08-07,MANDI041,Ambala,Wheat,,2601.2,2439.11,2275.0
PR000857,2026-04-17,MANDI057,Kurukshetra,Rice,1910.0,2366.0,2137.79,
PR011016,2026-01-08,MANDI037,Kurukshetra,Mustard,5198.0,5555.23,5377.0,5650.0
PR010616,2026-05-01,MANDI036,Karnal,Rice,2182.62,2598.0,2390.25,2183.0
PR000292,2026-04-16,,Patiala,Maize,1787.58,1959.06,1873.0,2090.0
PR002603,2026-05-26,MANDI021,Jalandhar,Narma,6447.0,7843.0,7145.17,6620.0
PR008238,2026-02-03,MANDI009,Kurukshetra,Sugarcane,3505.75,3984.97,3745.36,
PR009143,2026-04-02,,Ludhiana,Sugarcane,3092.0,3541.03,3316.66,3500.0
PR007746,2026-04-21,MANDI015,Ambala,Sugarcane,3383.07,3872.31,3628.0,
PR005449,2026-04-27,MANDI002,Kurukshetra,Sarso,5439.8,5755.25,5597.52,5650.0
PR010497,2026-02-05,MANDI032,Ludhiana,Wheat,2029.0,2294.0,2161.3,2275.0
PR006620,2026-02-14,MANDI006,Amritsar,Sarso,5651.82,6601.99,6127.0,5650.0
PR002473,2026-08-09,MANDI007,Moga,Mustard,,7010.36,6310.96,5650.0
PR007205,2026-07-08,MANDI035,Sirsa,Rice,2030.47,2367.0,2199.0,2183.0
PR009052,2026-03-02,MANDI028,Ambala,Makki,2059.0,2562.9,2310.73,2090.0
PR004547,2026-07-03,MANDI048,Ludhiana,Maize,2181.0,2544.0,2362.0,2090.0
PR002444,2026-06-27,MANDI021,Jalandhar,Cotton,6810.7,7369.43,7090.07,6620.0
PR009390,2026-01-09,,,Maize,1969.11,2257.36,2113.0,2090.0
PR002124,2026-01-21,,Karnal,Maize,1825.07,1971.58,1898.32,
PR002417,2026-03-18,MANDI015,Bathinda,Sugarcane,3158.95,3816.01,3487.48,
PR010355,2026-01-14,MANDI017,Amritsar,Rice,2288.0,2580.77,2434.57,2183.0
PR001894,2026-05-26,MANDI021,Fatehabad,Maize,2039.89,2255.23,2148.0,2090.0
PR006277,2026-08-09,MANDI038,Ludhiana,Wheat,2236.0,2787.63,2511.66,2275.0
PR007659,2026-08-06,MANDI016,Hisar,Maize,1830.05,2162.0,1996.16,2090.0
PR000403,2026-07-08,MANDI048,Karnal,Wheat,2344.83,2917.93,2631.0,2275.0
PR003573,2026-01-27,MANDI044,Kurukshetra,Maize,1827.46,2269.0,2048.45,2090.0
PR000795,2026-05-14,,Sirsa,Wheat,2188.33,2433.0,2310.62,2275.0
PR009785,2026-06-22,MANDI031,Ludhiana,Cotton,5642.74,6803.85,6223.3,6620.0
PR003531,2026-03-03,MANDI006,Fatehabad,Rice,1886.0,1994.85,1940.38,2183.0
PR001135,2026-06-17,MANDI013,Ludhiana,Sugarcane,3528.07,3723.2,3626.0,3500.0
PR008658,2026-07-19,MANDI011,Fatehabad,Cotton,6764.0,8423.83,7593.79,
PR002429,2026-07-05,MANDI003,Sirsa,Mustard,5174.2,5482.06,5328.13,5650.0
PR004799,2026-08-06,MANDI048,Muzaffarnagar,Mustard,,5288.27,5110.0,5650.0
PR008505,2026-05-19,MANDI023,Sirsa,Cotton,5763.84,6159.39,5961.62,6620.0
PR008001,2026-04-10,MANDI032,Ludhiana,Mustard,5840.11,6805.97,6323.04,
PR000622,2026-09-09,MANDI014,Karnal,Rice,2083.47,2595.37,2339.42,
PR001327,2026-05-25,MANDI015,Jalandhar,चावल,1931.63,2034.77,1983.2,
PR000928,2026-01-16,,Hisar,Maize,2055.66,2258.97,2157.31,2090.0
PR002748,2026-05-25,MANDI031,Ferozepur,Rice,1999.57,2223.1,2111.0,2183.0
PR006281,2026-06-24,MANDI054,Saharanpur,Mustard,,6002.01,,5650.0
PR005446,2026-07-16,MANDI025,Karnal,Ganne,3349.0,3808.0,3578.0,3500.0
PR004891,2026-02-13,MANDI004,Karnal,Ganne,3460.54,4228.51,3844.53,
PR004484,2026-02-05,MANDI056,Ludhiana,Wheat,1960.44,,2065.79,2275.0
PR009537,2026-07-24,,Karnal,Maize,1871.0,2004.0,1937.24,
PR011153,2026-08-16,MANDI019,Ambala,Sugarcane,3080.0,3522.34,3301.02,
PR000888,2026-05-25,MANDI001,Jalandhar,Ganne,3552.21,4030.49,3791.0,3500.0
PR004268,2026-06-02,MANDI012,Sirsa,Maize,1944.0,,2068.0,2090.0
PR001290,2026-04-29,MANDI020,Ferozepur,Cotton,5958.45,7289.26,6623.85,6620.0
PR003125,2026-05-02,MANDI001,Patiala,Maize,2094.0,2200.0,2147.0,2090.0
PR006127,2026-02-08,MANDI040,Ludhiana,Wheat,1983.51,2431.16,2207.0,
PR001627,2026-08-19,MANDI003,Bathinda,Sarso,5768.31,6444.0,6106.18,5650.0
PR007359,2026-07-12,MANDI054,Moga,Sugarcane,3581.0,4312.81,3947.0,3500.0
PR006513,2026-04-08,MANDI015,Moga,Rice,2099.59,2532.0,2315.89,2183.0
PR009115,2026-08-14,MANDI045,Sirsa,चावल,2148.65,2429.53,2289.09,2183.0
PR007097,2026-06-14,MANDI011,Ferozepur,Wheat,2199.62,2632.01,2415.82,2275.0
PR005121,2026-06-06,,,Mustard,5678.0,,6230.45,
PR000208,2026-01-21,MANDI030,Fatehabad,Narma,6886.0,7777.11,7331.69,6620.0
PR003392,2026-01-25,MANDI009,Karnal,Rice,2215.82,2588.0,2401.81,2183.0
PR004953,2026-05-31,MANDI048,Muzaffarnagar,Cotton,6681.19,8031.99,7357.0,
PR010526,2026-11-02,MANDI042,Kurukshetra,Sugarcane,3348.0,3866.26,3607.0,3500.0
PR000930,2026-07-12,MANDI027,Ambala,Sugarcane,3447.77,3919.47,3683.62,3500.0
PR001924,2026-08-28,MANDI031,Sirsa,Sarso,5813.08,6461.0,6137.11,5650.0
PR002604,2026-03-14,MANDI004,Ludhiana,Wheat,2355.35,2827.6,2591.0,2275.0
PR010299,2026-05-16,MANDI055,Amritsar,Sugarcane,3374.0,3700.32,3537.0,3500.0
PR009892,2026-05-18,,Ludhiana,Cotton,6242.0,6740.0,6491.0,
PR009926,2026-08-04,MANDI025,Karnal,Wheat,2351.58,2498.0,2425.0,2275.0
PR002168,2026-05-29,MANDI025,Ferozepur,Cotton,6134.62,7283.0,6708.67,6620.0
PR002842,2026-05-30,MANDI029,Kurukshetra,Cotton,6156.0,7176.51,6666.32,
PR011225,2026-02-06,MANDI029,Moga,Mustard,4975.82,5960.01,5467.92,5650.0
PR003408,2026-02-18,MANDI041,Kurukshetra,Sugarcane,3579.62,4218.0,3899.04,3500.0
PR011254,2026-07-24,MANDI005,Ferozepur,चावल,1976.57,2216.86,2096.71,
PR002280,2026-01-22,MANDI004,Fatehabad,Maize,2192.66,2473.36,2333.01,2090.0
PR000333,2026-02-15,MANDI021,Sirsa,Rice,,2226.33,2067.05,2183.0
PR011923,2026-08-06,MANDI026,Hisar,Cotton,6491.57,7458.08,6974.83,6620.0
PR005371,2026-03-11,MANDI010,Kurukshetra,Ganne,3311.04,3906.66,3609.0,3500.0
PR005899,2026-06-18,MANDI057,Jalandhar,Wheat,2241.2,2689.07,2465.14,2275.0
PR000248,2026-05-08,,Fatehabad,Makki,1812.07,2080.57,1946.0,2090.0
PR003195,2026-02-02,MANDI005,Ferozepur,Maize,2035.76,,2157.0,
PR009168,2026-02-24,,Patiala,Wheat,2250.76,2644.52,2447.64,2275.0
PR003623,2026-08-14,MANDI051,Amritsar,Sugarcane,,3661.22,3440.76,3500.0
PR006244,2026-07-25,MANDI006,Amritsar,Wheat,2297.1,2660.46,2479.0,2275.0
PR008668,2026-06-13,MANDI040,Karnal,Sugarcane,3603.0,3903.0,3753.1,3500.0
PR006957,2026-06-13,MANDI027,Ferozepur,Sugarcane,3371.12,4116.43,3744.0,3500.0
PR003757,2026-05-09,MANDI043,Moga,Wheat,2384.0,2602.03,,
PR004400,2026-04-20,MANDI034,Hisar,Rice,2103.56,2465.33,,2183.0
PR011459,2026-08-19,MANDI037,Bathinda,Wheat,2361.0,2803.42,2582.04,2275.0
PR010234,2026-08-04,MANDI024,Bathinda,Maize,1916.0,2368.68,2142.54,2090.0
PR010220,2026-08-29,MANDI002,Ludhiana,Wheat,2246.81,2756.66,2502.0,2275.0
PR000057,2026-07-22,MANDI038,Kurukshetra,Maize,1833.19,2112.25,1973.0,
PR004586,2026-03-21,MANDI003,Ludhiana,Sugarcane,3674.98,4523.53,4099.0,3500.0
PR009969,2026-02-22,MANDI014,Jalandhar,Sugarcane,3629.12,3979.99,3805.0,3500.0
PR002062,2026-08-12,,Ferozepur,Sugarcane,3639.73,4485.28,4062.51,
PR008397,2026-07-08,MANDI014,Ferozepur,Mustard,5385.27,6243.15,,
PR002948,2026-02-18,MANDI028,Ambala,Wheat,2072.35,2589.4,2331.0,
PR010069,2026-03-14,MANDI014,Patiala,Wheat,2160.63,2659.25,2410.0,2275.0
PR009685,2026-05-11,,Ambala,Maize,1917.78,2223.55,2071.0,2090.0
PR002650,2026-07-28,MANDI026,Ferozepur,Mustard,5342.2,5709.0,5526.0,5650.0
PR008679,2026-02-11,MANDI048,Muzaffarnagar,Mustard,5852.68,6582.0,6217.0,5650.0
PR006530,2026-03-14,MANDI017,Sirsa,Mustard,5145.4,5964.0,5555.0,5650.0
PR007678,2026-04-10,MANDI049,Sirsa,Sugarcane,3590.0,4089.24,3839.65,3500.0
PR001427,2026-06-17,MANDI006,Ambala,Sugarcane,3486.0,3990.0,3737.91,3500.0
PR007126,2026-05-04,MANDI047,Ambala,Rice,2009.54,2398.96,,2183.0
PR002665,2026-02-05,MANDI022,Ferozepur,Mustard,5665.61,6629.02,6147.31,5650.0
PR008167,2026-05-17,MANDI044,Patiala,Sugarcane,3169.0,3357.56,3263.0,
PR004494,2026-07-31,MANDI029,Jalandhar,Maize,1982.0,2092.97,2037.5,
PR008209,2026-04-06,MANDI022,Hisar,Cotton,6551.72,7696.0,7123.86,
PR009077,2026-06-01,MANDI019,Hisar,Cotton,5838.37,6760.0,6299.0,
PR000633,2026-07-04,MANDI003,Bathinda,Mustard,5014.92,5880.38,5447.65,
PR006933,2026-02-19,MANDI043,Karnal,Mustard,4868.18,5249.55,,
PR011175,2026-05-25,MANDI001,Ferozepur,Makki,2175.02,2576.52,2375.77,2090.0
PR009921,2026-04-21,MANDI008,Bathinda,Mustard,5367.0,5994.94,5681.05,5650.0
PR003483,2026-01-16,,Patiala,Wheat,2260.11,2715.37,2487.74,2275.0
PR004412,2026-07-16,MANDI044,Jalandhar,Maize,1946.76,2271.61,2109.18,
PR007478,2026-06-20,,Ludhiana,Wheat,,2667.15,2423.0,
PR007111,2026-06-15,MANDI036,Ludhiana,Wheat,2003.64,,2122.6,2275.0
PR007687,2026-07-01,MANDI046,Amritsar,Maize,2032.77,2430.89,2231.83,2090.0
PR008584,2026-04-11,MANDI014,Ambala,Mustard,5545.0,6687.21,6116.19,5650.0
PR008216,2026-04-18,,Karnal,Wheat,2047.47,2301.42,2174.0,2275.0
PR010426,2026-04-10,MANDI048,Patiala,Sarso,5517.83,5803.65,5660.74,5650.0
PR004196,2026-03-29,MANDI018,Fatehabad,Mustard,4829.2,5954.83,5392.01,5650.0
PR003949,2026-07-13,MANDI044,Moga,Rice,2219.85,2482.92,2351.38,
PR008627,2026-01-29,MANDI040,Kurukshetra,Mustard,5649.8,6924.76,6287.0,
PR001754,2026-04-13,MANDI042,Karnal,Cotton,6719.0,7279.96,6999.66,
PR002432,2026-03-25,,Fatehabad,Mustard,5872.0,6298.52,6085.32,5650.0
PR002286,2026-08-04,,Ambala,Rice,1953.31,2151.38,2052.0,2183.0
PR009972,2026-02-27,MANDI045,Meerut,Maize,1942.9,2273.83,2108.36,2090.0
PR007373,2026-03-28,MANDI023,Patiala,Cotton,6906.42,8154.83,,6620.0
PR011056,2026-01-04,,Ferozepur,Cotton,6655.15,8252.63,7453.89,6620.0
PR004763,2026-01-24,MANDI014,Amritsar,Maize,1854.77,2197.0,2026.06,2090.0
PR008095,2026-05-30,MANDI018,Moga,Narma,5650.88,6709.0,6179.95,
PR003569,2026-03-01,MANDI004,Amritsar,Rice,1967.0,2146.0,2057.0,2183.0
PR009547,2026-08-27,MANDI025,Sirsa,Wheat,2312.0,2679.0,2496.0,2275.0
PR005050,2026-02-13,MANDI015,Ludhiana,Rice,1928.0,2113.65,2020.86,2183.0
PR005445,2026-08-05,,,Chawal,2163.34,2308.04,2236.0,2183.0
PR004102,2026-07-28,MANDI006,Moga,Ganne,,3872.0,3507.7,
PR010646,2026-02-20,MANDI025,Amritsar,Rice,2031.94,2272.9,2152.42,2183.0
PR005077,2026-06-16,MANDI054,Karnal,Sugarcane,3382.83,,3612.0,3500.0
PR002308,2026-04-25,MANDI035,Patiala,Narma,6438.0,7872.0,7155.04,6620.0
PR003515,2026-05-09,MANDI020,Ludhiana,Mustard,,6204.0,5725.78,
PR007790,2026-09-06,MANDI016,Bathinda,Mustard,5668.96,6419.41,6044.19,5650.0
PR000783,2026-06-08,MANDI009,Jalandhar,Sarso,5716.0,6647.42,6181.78,5650.0
PR000427,2026-01-03,MANDI051,Bathinda,Rice,2145.95,2306.0,2226.08,2183.0
PR002376,2026-04-19,MANDI008,Sirsa,Rice,2169.75,2674.0,2422.03,2183.0
PR004489,2026-07-30,MANDI047,Ambala,Maize,1801.56,2212.0,2006.84,2090.0
PR010955,2026-07-09,MANDI023,Karnal,Rice,1876.65,2046.37,1962.0,2183.0
PR002010,2026-03-28,MANDI028,Kurukshetra,Cotton,5884.44,7263.09,6573.76,
PR006287,2026-06-16,MANDI001,Ludhiana,Narma,6843.76,8291.79,7567.78,
PR008362,2026-04-16,MANDI031,Jalandhar,Sugarcane,3614.19,3867.0,3740.75,
PR007047,2026-03-06,MANDI044,Ambala,Cotton,6256.33,7341.0,6798.71,6620.0
PR004754,2026-07-03,MANDI002,Amritsar,Rice,2114.96,2237.67,2176.32,2183.0
PR000061,2026-01-02,MANDI025,Fatehabad,Cotton,6408.4,6936.62,6672.51,6620.0
PR008936,2026-05-19,,Sirsa,Sarso,5826.0,6247.1,,
PR003764,2026-01-20,,,Maize,2082.12,2471.0,2276.45,2090.0
PR001430,2026-09-01,MANDI033,Sirsa,Ganne,,4186.26,3836.0,3500.0
PR005911,2026-04-14,MANDI049,Ambala,Rice,2246.63,2648.0,2447.42,2183.0
PR005640,2026-08-14,MANDI044,Fatehabad,Mustard,5669.44,6590.7,6130.0,5650.0
PR011013,2026-03-16,MANDI004,Patiala,Cotton,,8145.95,7545.0,6620.0
PR008308,2026-01-11,MANDI009,Hisar,Mustard,5138.57,6397.75,5768.0,
PR005510,2026-02-13,MANDI031,Ambala,Wheat,2353.44,2911.43,,2275.0
PR003241,2026-02-19,MANDI026,Bathinda,Narma,6844.42,7609.22,7226.82,6620.0
PR005137,2026-02-24,MANDI032,Fatehabad,Wheat,2118.73,2241.34,2180.0,2275.0
PR006526,2026-09-01,MANDI026,Kurukshetra,Maize,1984.16,2144.37,2064.27,2090.0
PR001779,2026-04-03,MANDI002,Patiala,Cotton,6918.28,7992.0,7454.99,6620.0
PR008195,2026-07-19,MANDI015,Bathinda,Sugarcane,3556.94,3898.08,3728.0,3500.0
PR002780,2026-02-03,MANDI052,Kurukshetra,Ganne,,3798.47,3436.57,3500.0
PR005305,2026-07-30,MANDI056,Bathinda,Mustard,5884.1,6753.54,6318.82,5650.0
PR010020,2026-04-26,MANDI014,Karnal,Maize,2060.0,2238.26,2149.07,2090.0
PR006899,2026-04-16,MANDI016,Amritsar,Ganne,3384.76,4147.72,3766.24,3500.0
PR001022,2026-07-02,MANDI027,Karnal,Sugarcane,3671.0,3905.0,3788.0,3500.0
PR008027,2026-04-23,,Sirsa,Cotton,6868.0,8535.0,7702.0,6620.0
PR007680,2026-01-31,MANDI054,Hisar,Wheat,2073.38,2372.0,2222.6,2275.0
PR011062,2026-08-21,MANDI004,Bathinda,Maize,2111.22,2493.73,,2090.0
PR009325,2026-08-27,MANDI026,Kurukshetra,Mustard,5397.0,6726.0,6061.19,5650.0
PR000466,2026-07-22,MANDI047,Kurukshetra,Mustard,5218.3,5576.09,5397.19,5650.0
PR001457,2026-05-12,MANDI030,Patiala,Rice,2007.16,2476.88,2242.02,2183.0
PR002460,2026-07-21,MANDI002,Amritsar,Mustard,4998.0,6188.95,5593.47,
PR006032,2026-06-27,MANDI012,Amritsar,Rice,1917.59,2082.0,1999.57,2183.0
PR004943,2026-06-28,MANDI012,Patiala,Rice,2052.49,2392.86,2222.68,2183.0
PR003361,2026-04-25,MANDI027,Sirsa,Cotton,5831.69,7064.26,6448.0,
PR001276,2026-04-07,MANDI002,Jalandhar,Cotton,6753.25,7703.0,7228.0,6620.0
PR008916,2026-04-04,,Kurukshetra,चावल,1877.0,2123.27,2000.0,
PR003228,2026-04-24,MANDI043,Patiala,Maize,2123.68,2512.87,2318.27,2090.0
PR005917,2026-04-10,MANDI033,Sirsa,Ganne,3138.94,3324.0,3231.3,3500.0
PR001302,2026-02-01,MANDI008,Amritsar,Ganne,2995.0,3587.0,3290.76,3500.0
PR007382,2026-06-24,MANDI056,Karnal,Maize,1927.13,2037.0,1982.28,2090.0
PR004999,2026-08-08,MANDI012,Fatehabad,Maize,1896.49,2370.0,2133.0,2090.0
PR007514,2026-03-31,MANDI008,Ludhiana,Mustard,5578.43,6592.42,6085.42,5650.0
PR008475,2026-08-12,MANDI017,,Mustard,5129.0,6093.0,5611.31,5650.0
PR010068,2026-05-05,MANDI027,Karnal,Sugarcane,3001.92,3250.0,3126.02,3500.0
PR009578,2026-08-24,MANDI025,Karnal,Wheat,2186.39,2478.83,2333.0,2275.0
PR009754,2026-02-10,MANDI040,Kurukshetra,Mustard,5714.0,6326.33,6020.36,5650.0
PR000599,2026-07-19,,Amritsar,Rice,2098.0,2245.99,2172.13,2183.0
PR009582,2026-02-02,MANDI003,Ludhiana,Maize,1913.0,2145.85,2029.2,2090.0
PR002605,2026-04-20,,Kurukshetra,Mustard,,6332.0,6032.0,5650.0
PR010412,2026-05-16,MANDI018,Jalandhar,Rice,,2565.0,2367.56,2183.0
PR002646,2026-06-03,,Karnal,Wheat,,2193.0,2134.0,2275.0
PR002287,2026-08-14,MANDI055,Sirsa,Makki,1805.3,2236.0,2020.87,2090.0
PR005065,2026-07-14,MANDI028,Moga,Wheat,2053.28,2204.0,2128.65,2275.0
PR011982,2026-04-12,MANDI039,,Maize,2118.0,2564.56,2341.08,2090.0
PR007495,2026-05-30,MANDI022,Fatehabad,Maize,,2313.7,2090.49,2090.0
PR009045,2026-11-08,MANDI054,Moga,Rice,2072.5,2585.87,2329.19,2183.0
PR010357,2026-07-12,MANDI032,Ludhiana,Maize,1907.4,2107.0,2007.21,
PR003980,2026-01-19,MANDI055,Amritsar,Sugarcane,3166.0,3886.22,3526.0,3500.0
PR000299,2026-06-29,MANDI031,Sirsa,Wheat,2288.0,2580.0,2433.72,2275.0
PR008991,2026-04-22,MANDI013,Hisar,Rice,1997.45,2426.45,2212.0,2183.0
PR002440,2026-04-09,,Fatehabad,Sarso,5443.0,5975.86,5709.43,5650.0
PR011416,2026-01-14,,Ludhiana,Rice,2060.0,2499.07,2279.72,2183.0
PR005391,2026-02-03,MANDI033,Ambala,Wheat,2362.39,2564.23,2463.31,2275.0
PR004140,2026-06-09,MANDI036,Sirsa,Mustard,5098.58,5552.12,5325.0,
PR000919,2026-08-04,,Moga,Cotton,6912.37,7387.39,,6620.0
PR010635,2026-08-05,MANDI030,Ambala,Sarso,5493.0,6748.28,6120.57,5650.0
PR004438,2026-08-19,MANDI032,Kurukshetra,Sugarcane,3328.0,3873.36,3600.82,3500.0
PR005712,2026-03-04,MANDI003,Ferozepur,Sarso,4846.58,5179.0,5012.89,5650.0
PR008653,2026-01-23,MANDI047,Ferozepur,Sugarcane,3446.52,4062.79,3754.66,
PR010938,2026-07-07,MANDI023,Patiala,Maize,2032.75,2368.0,2200.3,2090.0
PR001394,2026-06-26,MANDI038,Ambala,Maize,1885.84,2240.51,2063.18,
PR005980,2026-02-03,MANDI044,Ambala,Sugarcane,3579.44,4356.21,3968.0,3500.0
PR008064,2026-02-03,MANDI050,Patiala,Wheat,2061.1,2424.16,,
PR009435,2026-08-11,MANDI046,Fatehabad,Mustard,4888.0,6017.25,,5650.0
PR004287,2026-04-08,MANDI022,Jalandhar,Wheat,2052.0,2429.68,2240.79,2275.0
PR011935,2026-08-25,MANDI032,Karnal,Wheat,2388.32,2923.66,2655.99,2275.0
PR004288,2026-03-09,MANDI046,Hisar,Maize,1990.0,,2232.0,2090.0
PR001109,2026-05-19,MANDI043,Ambala,Rice,2078.43,2525.26,,2183.0
PR003643,2026-02-27,MANDI035,Patiala,Mustard,5793.33,6584.07,6189.0,5650.0
PR005518,2026-05-22,MANDI023,Ferozepur,Wheat,2288.75,2832.97,2560.86,2275.0
PR006025,2026-05-27,MANDI057,Ambala,Cotton,6357.57,,6978.59,6620.0
PR001202,2026-09-01,MANDI002,Patiala,Cotton,6136.76,7182.95,6659.86,6620.0
PR007736,2026-08-15,MANDI033,Bathinda,Wheat,2050.66,2388.0,2219.44,2275.0
PR004957,2026-03-07,MANDI044,Bathinda,Mustard,5421.29,6620.53,6021.0,5650.0
PR002213,2026-03-13,MANDI040,Moga,Rice,2217.0,2538.0,2377.47,2183.0
PR010034,2026-02-09,MANDI049,Ferozepur,Mustard,5905.0,6218.82,6062.0,5650.0
PR006141,2026-04-26,,Ferozepur,Cotton,6247.07,7754.34,7000.71,6620.0
PR004079,2026-04-22,MANDI023,Hisar,Maize,2127.99,2456.88,2292.44,2090.0
PR004477,2026-09-07,,Sirsa,चावल,1965.08,2234.14,2099.61,2183.0
PR003403,2026-07-05,MANDI006,Patiala,Chawal,1903.98,2141.97,2022.98,2183.0
PR000873,2026-07-10,MANDI057,Karnal,Sugarcane,3428.64,3776.94,3602.79,3500.0
PR004857,2026-08-22,MANDI016,Ludhiana,Rice,2218.89,2559.0,2388.91,2183.0
PR011133,2026-05-29,MANDI049,Kurukshetra,Rice,1859.0,2168.5,2013.59,
PR005875,2026-01-18,MANDI049,Hisar,Maize,1983.0,2363.99,2173.56,2090.0
PR009529,2026-06-27,MANDI003,Fatehabad,Sugarcane,3249.63,3417.16,3333.0,3500.0
PR010601,2026-05-24,,Ambala,Rice,1923.26,2293.32,2108.0,2183.0
PR001303,2026-07-13,MANDI045,Bathinda,Maize,2139.0,2321.82,2231.0,2090.0
PR005636,2026-05-27,MANDI049,Hisar,Sugarcane,3125.2,3652.0,3389.0,3500.0
PR007590,2026-08-18,MANDI018,Moga,Maize,1907.0,2011.04,1958.97,2090.0
PR006907,2026-08-31,,,Mustard,5391.5,5801.83,,5650.0
PR010093,2026-09-04,,Amritsar,Sugarcane,3329.0,3512.61,3420.76,3500.0
PR002752,2026-07-03,MANDI039,Amritsar,Cotton,6031.38,7480.02,6756.0,6620.0
PR007183,2026-02-07,MANDI057,Ludhiana,Rice,2171.0,2618.13,2394.39,2183.0
PR009352,2026-06-25,,Hisar,Sarso,5439.92,6072.96,5756.0,5650.0
PR006566,2026-06-30,MANDI012,Bathinda,Wheat,2331.95,2724.0,2528.2,2275.0
PR011428,2026-03-02,MANDI003,Ambala,Mustard,5371.0,6640.82,6006.0,5650.0
PR009909,2026-07-20,MANDI030,Sirsa,Rice,2225.01,2454.4,2339.71,2183.0
PR005170,2026-02-15,MANDI007,Kurukshetra,Sugarcane,3191.19,3439.0,3314.85,3500.0
PR001161,2026-01-09,MANDI052,Saharanpur,Rice,2291.0,2845.0,2568.0,2183.0
PR003814,2026-07-25,MANDI030,Kurukshetra,Maize,1854.56,2296.86,2076.0,2090.0
PR007368,2026-09-08,MANDI051,Jalandhar,Maize,1850.62,2059.63,1955.12,2090.0
PR009640,2026-04-08,MANDI023,Kurukshetra,Mustard,5932.36,6587.76,,5650.0
PR007227,2026-12-07,MANDI045,Karnal,Rice,2038.71,2438.8,2238.75,2183.0
PR007319,2026-02-05,MANDI050,Ludhiana,Maize,2009.0,2352.0,2181.0,2090.0
PR003413,2026-05-07,MANDI049,Muzaffarnagar,Mustard,5891.0,6833.35,6362.4,5650.0
PR006288,2026-07-30,MANDI029,Bathinda,Rice,2227.5,2471.82,2350.0,
PR006946,2026-02-04,MANDI040,Bathinda,Wheat,2169.0,2318.82,2243.95,2275.0
PR006311,2026-03-09,MANDI040,Hisar,Wheat,2208.62,2566.1,2387.0,2275.0
PR006251,2026-08-03,MANDI026,Hisar,Wheat,2148.25,2367.05,2257.65,2275.0
PR008601,2026-06-30,,Patiala,Wheat,2081.26,2548.0,2314.0,
PR000834,2026-07-02,MANDI057,Karnal,Sugarcane,3365.0,4054.0,3709.36,3500.0
PR003512,2026-04-13,MANDI026,Karnal,Sugarcane,3142.6,3499.3,3320.95,3500.0
PR007112,2026-01-08,MANDI034,Hisar,Maize,1778.0,1976.61,1877.13,2090.0
PR000119,2026-07-16,MANDI053,Fatehabad,Maize,1990.96,2121.0,2055.86,2090.0
PR000978,2026-01-27,,Patiala,Cotton,6516.0,7781.87,7148.89,6620.0
PR003752,2026-06-24,,Bathinda,Sugarcane,,,3268.95,3500.0
PR002671,2026-06-01,MANDI050,Muzaffarnagar,Wheat,2233.8,2722.5,2478.15,2275.0
PR010378,2026-04-10,MANDI057,Amritsar,Wheat,2355.8,2683.83,2520.0,
PR003522,2026-08-16,MANDI034,Ambala,Wheat,2353.83,2660.38,2507.0,2275.0
PR010208,2026-05-08,MANDI024,Sirsa,Mustard,5549.0,6820.0,6184.0,5650.0
PR009699,2026-08-14,MANDI053,Ludhiana,Sarso,4874.16,5826.0,5350.06,5650.0
PR010501,2026-01-06,MANDI017,Jalandhar,Maize,1911.0,2029.0,1969.92,2090.0
PR006469,2026-04-29,,Moga,Cotton,5882.73,6440.43,6161.58,6620.0
PR006400,2026-05-13,MANDI039,Jalandhar,Maize,1901.0,2246.0,2073.1,2090.0
PR004681,2026-09-04,MANDI005,Fatehabad,Wheat,2180.05,2573.58,2376.82,2275.0
PR000484,2026-02-22,MANDI047,Sirsa,Maize,1812.0,1992.0,1902.1,2090.0
PR000520,2026-06-05,,,Wheat,2284.96,,2418.69,2275.0
PR007658,2026-08-31,MANDI028,Ludhiana,Mustard,5251.0,5641.22,5446.13,5650.0
PR010680,2026-01-18,MANDI020,Karnal,Sugarcane,3220.0,3595.71,3408.0,
PR002579,2026-05-07,MANDI034,Bathinda,Sugarcane,3207.16,3431.64,3319.4,
PR008133,2026-03-30,MANDI051,Ferozepur,Sugarcane,,3580.03,3332.07,3500.0
PR004232,2026-06-26,MANDI051,Moga,Maize,2047.64,2353.0,2200.0,
PR006110,2026-10-08,MANDI038,Ludhiana,Sugarcane,3399.15,4148.48,3774.0,3500.0
PR001523,2026-07-17,MANDI016,Ferozepur,Rice,2266.25,2400.0,2333.0,
PR006402,2026-05-31,MANDI055,Jalandhar,Cotton,5889.94,6955.0,6422.66,6620.0
PR003433,2026-02-28,MANDI029,Jalandhar,Wheat,2211.07,2620.14,2415.6,2275.0
PR004290,2026-02-26,MANDI002,Ferozepur,Sugarcane,,3573.86,3332.79,
PR005717,2026-09-08,MANDI029,Amritsar,Sugarcane,3044.9,3557.0,3301.01,3500.0
PR004002,2026-06-25,MANDI041,Fatehabad,Mustard,5777.0,6452.42,6114.62,5650.0
PR002718,2026-04-11,MANDI050,Patiala,Rice,2108.0,2334.0,2220.98,2183.0
PR003212,2026-05-25,MANDI039,Patiala,Mustard,4993.0,5936.9,5465.0,5650.0
PR003637,2026-06-17,,Ferozepur,Narma,5939.42,6710.0,6324.68,6620.0
PR004487,2026-07-30,MANDI025,Patiala,Maize,2100.0,2462.68,2281.11,
PR003485,2026-01-21,MANDI037,Kurukshetra,Wheat,2190.22,2611.0,2400.44,2275.0
PR006216,2026-06-01,MANDI051,Amritsar,Mustard,5624.51,6786.61,6206.0,
PR001175,2026-01-07,MANDI051,Saharanpur,Maize,2155.0,2321.0,2238.0,2090.0
PR009466,2026-04-29,MANDI057,Jalandhar,Rice,2110.0,2436.12,2273.15,2183.0
PR011297,2026-03-22,MANDI022,Patiala,Wheat,,2445.33,2269.78,2275.0
PR003496,2026-03-13,,Hisar,Narma,6395.37,7816.87,7106.12,6620.0
PR004230,2026-09-07,MANDI008,Ferozepur,Cotton,6579.59,7607.0,7093.39,
PR009975,2026-04-19,MANDI005,Karnal,Sugarcane,3656.0,4389.0,4022.47,3500.0
PR001570,2026-06-08,,Ambala,Ganne,3238.05,3952.0,3594.81,3500.0
PR003076,2026-02-13,MANDI008,Moga,Wheat,1973.43,2208.0,2090.0,2275.0
PR010718,2026-08-11,MANDI010,Hisar,Sugarcane,,4390.13,4006.0,3500.0
PR007345,2026-03-17,,Hisar,Makki,2090.72,2295.21,2193.0,
PR007867,2026-02-05,MANDI038,Patiala,Wheat,1998.0,2155.0,2076.53,2275.0
PR008942,2026-08-20,MANDI032,Ludhiana,Cotton,5947.47,6856.74,6402.1,
PR008139,2026-05-14,MANDI014,Amritsar,Ganne,3305.98,3870.0,3588.23,
PR011221,2026-01-19,MANDI041,Fatehabad,Rice,2001.0,2139.94,2071.0,2183.0
PR001838,2026-05-08,MANDI012,Patiala,Maize,2171.78,2445.47,2308.62,
PR007621,2026-06-04,MANDI037,Kurukshetra,Sugarcane,3565.0,4302.96,3933.75,
PR002797,2026-08-14,MANDI034,Ludhiana,Rice,2183.51,,2410.09,2183.0
PR007122,2026-02-02,MANDI046,,Maize,2092.97,2244.0,2168.59,2090.0
PR009947,2026-06-11,MANDI056,Kurukshetra,Sarso,4886.52,,5200.2,5650.0
PR005190,2026-02-22,,Sirsa,Chawal,1919.0,2253.77,2087.0,2183.0
PR010700,2026-06-12,MANDI038,Kurukshetra,Cotton,,7764.14,7043.73,6620.0
PR007193,2026-07-01,MANDI047,Ferozepur,Narma,6034.43,6531.71,6283.07,6620.0
PR007842,2026-08-20,MANDI016,Bathinda,Sarso,5213.46,5548.4,5380.93,5650.0
PR002203,2026-07-14,MANDI036,Ambala,Maize,1864.87,,1934.55,2090.0
PR004507,2026-03-23,MANDI052,Ambala,Rice,2122.61,2646.23,2384.42,
PR009877,2026-01-04,,Sirsa,Wheat,2174.0,2612.07,2393.0,2275.0
PR007901,2026-08-12,MANDI041,Kurukshetra,Sugarcane,3185.0,3630.17,3408.0,3500.0
PR003484,2026-05-19,MANDI040,Moga,Maize,2073.07,2364.0,2218.52,2090.0
PR005020,2026-06-01,MANDI016,Jalandhar,Wheat,2151.81,2354.08,2253.0,2275.0
PR006962,2026-11-03,MANDI042,Amritsar,Mustard,5071.21,5391.39,5231.3,5650.0
PR004732,2026-01-21,MANDI044,Fatehabad,Cotton,6475.72,7795.88,7135.8,6620.0
PR004748,2026-01-15,,Ambala,Maize,1938.67,2084.0,2011.0,2090.0
PR009415,2026-09-05,MANDI034,Hisar,Maize,1840.0,2225.38,2032.89,2090.0
PR006076,2026-07-29,MANDI057,Bareilly,Sugarcane,3104.95,3488.64,3296.8,3500.0
PR007791,2026-03-28,MANDI016,Sirsa,Cotton,6864.83,8497.74,7681.0,6620.0
PR009932,2026-04-14,MANDI056,Moga,Mustard,5098.0,5773.0,5435.62,5650.0
PR001473,2026-01-12,MANDI017,,Mustard,5215.57,6157.2,5686.39,5650.0
PR010311,2026-02-21,MANDI027,Bathinda,Narma,6798.0,7404.17,7100.92,6620.0
PR008464,2026-06-27,MANDI001,Fatehabad,Wheat,2053.82,2542.84,2298.0,
PR000050,2026-03-11,MANDI039,,चावल,2141.22,2296.98,2219.1,2183.0
PR000524,2026-02-24,MANDI005,Kurukshetra,Ganne,,4397.89,3987.0,3500.0
PR006167,2026-12-08,MANDI001,Bathinda,Ganne,3407.0,4178.0,3792.23,3500.0
PR007625,2026-08-12,MANDI006,Jalandhar,Cotton,6400.0,7845.0,7122.56,6620.0
PR003478,2026-01-27,MANDI026,Sirsa,Cotton,5948.0,7225.0,6586.28,6620.0
PR009619,2026-08-30,MANDI038,Sirsa,Rice,1994.0,2348.0,2171.0,2183.0
PR004045,2026-07-16,MANDI028,Ludhiana,Rice,1981.0,2260.63,2120.66,2183.0
PR009783,2026-08-25,MANDI024,Patiala,Cotton,6940.07,7477.61,7209.0,6620.0
PR011885,2026-07-03,MANDI046,Sirsa,Wheat,,2511.71,2329.0,2275.0
PR011485,2026-06-12,MANDI004,Ludhiana,Wheat,,,2307.0,
PR002028,2026-05-17,MANDI021,Fatehabad,Sugarcane,3610.44,4090.0,3850.0,3500.0
PR003048,2026-03-13,MANDI041,Ludhiana,Narma,5754.0,7009.0,6381.81,6620.0
PR000841,2026-04-04,MANDI022,Karnal,Mustard,5462.0,6132.35,5797.35,5650.0
PR011534,2026-07-13,MANDI005,Ambala,Maize,2161.0,2406.25,2283.0,
PR011812,2026-06-22,MANDI049,Moga,Mustard,5788.0,6920.0,6353.8,5650.0
PR002020,2026-02-01,MANDI044,Jalandhar,Sugarcane,3389.0,3562.64,3476.0,
PR005417,2026-03-19,MANDI020,Ambala,Cotton,6231.87,7206.02,6719.0,6620.0
PR004014,2026-07-08,MANDI045,Karnal,Wheat,2012.05,2395.0,2203.33,2275.0
PR009630,2026-02-09,,Ludhiana,Rice,2088.0,2307.58,2197.66,2183.0
PR000390,2026-04-11,MANDI008,Fatehabad,Sugarcane,3272.87,3525.56,3399.21,3500.0
PR009025,2026-04-09,MANDI037,Bathinda,Narma,6629.66,7310.24,6970.0,6620.0
PR009066,2026-05-17,MANDI047,Kurukshetra,Mustard,5130.56,5605.0,5368.0,5650.0
PR002199,2026-05-13,,Bathinda,Maize,2117.16,2263.96,,2090.0
PR001649,2026-03-30,MANDI047,Karnal,Sugarcane,3134.0,3535.98,,
PR008098,2026-04-10,MANDI037,Amritsar,Maize,2146.27,2549.0,2347.84,2090.0
PR004219,2026-12-02,MANDI047,Muzaffarnagar,Wheat,2025.41,2359.74,2193.0,2275.0
PR002778,2026-05-13,MANDI049,Muzaffarnagar,Sugarcane,3258.57,3665.15,3461.86,
PR006849,2026-06-19,MANDI057,Patiala,Mustard,5358.51,5657.0,5508.0,
PR001598,2026-06-20,MANDI033,Ferozepur,Cotton,5645.96,6402.0,6024.0,
PR006044,2026-07-06,MANDI004,Hisar,Wheat,2328.22,2902.98,2615.6,2275.0
PR008870,2026-05-30,MANDI013,Patiala,Rice,2056.92,2451.0,,2183.0
PR011521,2026-08-22,MANDI015,Bathinda,Maize,2096.36,2473.0,2285.0,2090.0
PR007176,2026-02-13,MANDI026,Karnal,Cotton,6946.39,8375.12,7660.76,6620.0
PR005237,2026-05-23,MANDI004,Sirsa,Wheat,2341.06,2519.65,,2275.0
PR005415,2026-06-25,MANDI016,Bathinda,Mustard,5403.0,5741.87,5572.19,5650.0
PR010105,2026-07-08,MANDI010,Ambala,Cotton,6778.07,7128.83,6953.45,6620.0
PR009643,2026-10-06,MANDI003,Kurukshetra,Narma,6659.59,7001.38,6830.49,6620.0
PR005530,2026-01-23,MANDI014,Jalandhar,Maize,2139.03,2542.0,,2090.0
PR000085,2026-05-05,MANDI021,Bathinda,Wheat,2020.03,2501.0,2260.46,2275.0
PR003718,2026-08-27,MANDI028,Ferozepur,Sugarcane,3050.0,3516.0,3283.0,3500.0
PR001772,2026-04-20,MANDI026,Sirsa,Sugarcane,3365.0,4204.42,3784.53,3500.0
PR011809,2026-06-23,,Amritsar,Rice,2287.28,2456.1,2371.69,2183.0
PR010212,2026-02-21,,Amritsar,Maize,2077.0,2483.87,2280.31,2090.0
PR003379,2026-11-03,MANDI043,Ambala,Rice,2104.47,2341.27,,2183.0
PR008757,2026-05-09,MANDI005,Jalandhar,Maize,2182.0,2472.1,2327.0,
PR010702,2026-02-19,MANDI057,Bathinda,Wheat,2146.8,2431.0,2288.67,2275.0
PR000179,2026-01-18,MANDI011,Fatehabad,Maize,1858.0,2301.18,2079.0,2090.0
PR001938,2026-06-21,MANDI023,Jalandhar,Sugarcane,3238.13,3765.13,3501.63,3500.0
PR005764,2026-04-23,MANDI041,Sirsa,Sugarcane,3219.0,3668.62,3443.64,3500.0
PR005607,2026-08-17,MANDI055,Jalandhar,Maize,1920.48,2390.27,2155.37,
PR003446,2026-08-30,MANDI050,Muzaffarnagar,Mustard,5062.37,5475.0,,5650.0
PR006208,2026-08-16,MANDI027,Kurukshetra,Sugarcane,2988.0,,3263.74,3500.0
PR001957,2026-03-07,MANDI051,Jalandhar,Sugarcane,3070.59,3488.13,3279.0,3500.0
PR002900,2026-03-27,MANDI031,Ambala,Rice,2052.0,2343.63,2198.0,
PR006870,2026-06-25,MANDI053,Fatehabad,Cotton,5726.74,6317.54,6022.14,
PR011059,2026-04-21,MANDI007,Ambala,Narma,5718.94,6760.46,6239.7,6620.0
PR007586,2026-02-05,MANDI025,Ferozepur,Narma,6129.21,7487.52,6808.0,6620.0
PR000697,2026-04-06,MANDI015,Hisar,Sugarcane,3042.93,3336.88,3190.0,
PR004555,2026-08-19,MANDI033,Jalandhar,Rice,1868.66,,,
PR002717,2026-05-23,MANDI048,Ludhiana,Cotton,5664.39,6574.0,6119.19,6620.0
PR004551,2026-02-23,MANDI029,Moga,Sugarcane,3400.83,3989.0,3695.0,3500.0
PR008320,2026-01-13,MANDI051,Ludhiana,Mustard,5192.2,6242.16,5717.18,5650.0
PR002443,2026-03-23,MANDI018,Ludhiana,Chawal,1942.85,,2181.0,2183.0
PR003257,2026-04-05,MANDI057,Fatehabad,Narma,6864.21,7579.0,7221.6,6620.0
PR001950,2026-09-08,MANDI024,Moga,Maize,1962.0,2276.47,2119.0,2090.0
PR002753,2026-09-04,MANDI041,Jalandhar,Sugarcane,3232.05,3855.04,3544.0,3500.0
PR002050,2026-06-11,MANDI024,Bathinda,Wheat,1971.31,2319.54,2145.43,2275.0
PR009809,2026-04-22,MANDI049,Fatehabad,Narma,6797.0,7413.0,7105.32,
PR004849,2026-05-07,MANDI055,Hisar,Ganne,3289.0,3956.85,3623.0,3500.0
PR011108,2026-04-27,MANDI001,Amritsar,Wheat,2198.0,2700.93,2449.46,2275.0
PR010288,2026-07-13,MANDI029,Sirsa,Mustard,4881.18,6040.38,5460.78,5650.0
PR001391,2026-05-15,MANDI008,Amritsar,Cotton,5835.63,6536.4,6186.01,6620.0
PR003152,2026-01-15,MANDI019,Sirsa,Mustard,5407.0,5763.0,5584.58,5650.0
PR011920,2026-05-12,MANDI020,Fatehabad,Wheat,2228.18,,2302.0,2275.0
PR005887,2026-02-04,MANDI051,Moga,Chawal,,2769.85,2497.0,2183.0
PR002000,2026-01-15,,Ludhiana,Maize,2194.35,2374.21,2284.0,2090.0
PR001953,2026-07-24,MANDI048,Moga,Wheat,2076.0,2321.04,2198.52,
PR000938,2026-07-22,MANDI046,,Sarso,5476.86,6321.0,5898.74,5650.0
PR002181,2026-02-19,MANDI029,Ludhiana,Cotton,6131.0,6988.74,6559.67,6620.0
PR003738,2026-04-09,MANDI057,Karnal,Cotton,6095.45,7404.57,6750.01,
PR008780,2026-01-26,MANDI026,Hisar,Wheat,2173.74,2500.07,2337.0,2275.0
PR007881,2026-08-31,MANDI037,Sirsa,Maize,2067.67,2324.74,2196.0,2090.0
PR008951,2026-06-24,MANDI029,Karnal,Mustard,4802.68,5458.0,5130.0,5650.0
PR007493,2026-06-22,MANDI046,Jalandhar,Maize,1892.43,2133.92,2013.0,2090.0
PR010066,2026-05-06,MANDI023,Ferozepur,Sarso,5602.56,6843.16,6222.86,5650.0
PR011000,2026-02-21,MANDI027,Amritsar,Maize,1920.0,2225.0,2072.53,
PR010739,2026-04-27,MANDI032,Patiala,Ganne,3048.0,3733.0,3390.0,3500.0
PR002373,2026-08-15,MANDI023,Ambala,Mustard,5651.0,6308.88,5979.71,5650.0
PR009431,2026-07-19,MANDI033,Patiala,Ganne,3588.0,4148.0,3868.3,3500.0
PR008124,2026-07-27,MANDI012,Patiala,Maize,1890.52,2182.0,2036.0,2090.0
PR010191,2026-03-23,MANDI039,Sirsa,Sugarcane,3158.67,3837.0,3497.88,3500.0
PR006932,2026-03-15,MANDI024,Ludhiana,Cotton,6413.1,7777.28,7095.0,6620.0
PR006295,2026-02-27,MANDI046,Jalandhar,Cotton,6845.87,8537.66,7691.76,6620.0
PR007587,2026-05-31,MANDI057,Ferozepur,Rice,,2636.4,2405.36,2183.0
PR002680,2026-05-03,MANDI048,Muzaffarnagar,Maize,2158.0,2578.82,2368.64,
PR006953,2026-03-05,MANDI027,Moga,Mustard,5646.11,6107.3,5876.7,5650.0
PR003680,2026-01-29,MANDI043,Sirsa,Ganne,3363.03,4149.0,3756.0,3500.0
PR008061,2026-05-20,MANDI044,Ferozepur,Sugarcane,3119.0,3812.04,3465.52,3500.0
PR005638,2026-05-12,MANDI033,Ferozepur,Sugarcane,3357.72,3694.01,,3500.0
PR007120,2026-04-25,MANDI046,Ambala,Cotton,6342.51,6719.0,6531.0,6620.0
PR007567,2026-02-13,MANDI029,Sirsa,Maize,1928.05,2044.11,1986.0,
PR011832,2026-06-27,MANDI028,Patiala,Cotton,5964.13,7196.88,6580.5,6620.0
PR005268,2026-02-12,MANDI047,Karnal,Sugarcane,3334.28,3671.97,3503.13,3500.0
PR001825,2026-04-21,MANDI036,Ludhiana,Sarso,5590.6,6436.14,6013.37,
PR004491,2026-04-19,MANDI023,Fatehabad,Rice,1905.0,2084.0,,2183.0
PR004332,2026-08-30,MANDI003,Moga,Wheat,1985.0,2109.36,2047.0,2275.0
PR002324,2026-02-10,MANDI036,Ludhiana,चावल,1950.0,2103.6,2026.83,
PR007396,2026-08-06,,Patiala,Sugarcane,3405.0,3721.0,3562.69,3500.0
PR007983,2026-05-19,MANDI013,Kurukshetra,Mustard,5873.03,6449.11,6161.07,5650.0
PR005566,2026-06-05,MANDI017,,Narma,5773.0,7023.07,6397.82,6620.0
PR009828,2026-05-23,MANDI007,Amritsar,Wheat,2048.35,2486.74,2267.55,2275.0
PR004842,2026-06-11,MANDI045,Bathinda,Maize,1947.9,2113.27,2030.59,2090.0
PR003644,2026-01-23,MANDI030,Fatehabad,Rice,1951.04,2356.04,2153.54,
PR005661,2026-05-18,MANDI023,Fatehabad,Wheat,2271.08,2708.99,2490.04,2275.0
PR011681,2026-07-13,MANDI038,Hisar,Makki,2055.09,,2255.0,2090.0
PR008540,2026-05-03,MANDI030,Jalandhar,Maize,2074.73,2309.0,2191.83,2090.0
PR001565,2026-07-27,,Moga,Mustard,5195.0,6433.0,5814.2,
PR005555,2026-04-14,MANDI031,Sirsa,Ganne,3205.35,3462.0,3333.56,
PR002355,2026-02-11,MANDI040,Ludhiana,Ganne,3195.62,3633.0,3414.13,3500.0
PR008309,2026-01-21,MANDI049,Ferozepur,Rice,2211.02,2543.0,2377.0,
PR011975,2026-04-26,,Ferozepur,Maize,2023.65,2207.08,2115.37,2090.0
PR004383,2026-07-07,MANDI024,Bathinda,Wheat,2198.0,2538.83,2369.0,
PR010167,2026-01-27,MANDI001,Jalandhar,Mustard,5036.44,5709.06,5373.0,
PR010954,2026-01-24,MANDI044,Fatehabad,Sugarcane,3149.34,3316.25,,3500.0
PR002174,2026-04-25,MANDI006,Amritsar,Ganne,3098.99,3344.49,3222.0,
PR002654,2026-01-24,MANDI009,Ludhiana,Sugarcane,3227.68,3595.0,,3500.0
PR010500,2026-01-01,MANDI044,Agra,Maize,2093.5,2547.81,2321.0,2090.0
PR003868,2026-05-31,MANDI002,Ambala,Ganne,3530.52,4126.21,3828.0,3500.0
PR005213,2026-05-01,MANDI057,Bareilly,Wheat,2362.33,2806.88,2585.0,
PR005395,2026-01-19,MANDI035,Patiala,Rice,2121.0,2609.74,2365.61,2183.0
PR005496,2026-03-27,MANDI038,Moga,Sugarcane,3575.22,4425.92,4001.0,3500.0
PR011829,2026-03-05,MANDI034,Moga,Sugarcane,3068.97,3265.02,,3500.0
PR006161,2026-03-24,MANDI020,Fatehabad,Cotton,6152.11,6962.39,6557.25,6620.0
PR003133,2026-01-22,MANDI020,Ludhiana,Wheat,2097.0,2482.53,2290.0,2275.0
PR000324,2026-04-14,MANDI041,Karnal,Rice,1916.0,2172.53,2044.0,2183.0
PR003513,2026-06-13,MANDI030,Bathinda,Maize,1840.96,1935.0,1887.83,2090.0
PR003517,2026-07-03,,Ferozepur,Maize,2102.0,2326.27,,2090.0
PR004118,2026-03-20,MANDI032,,Mustard,5895.31,6302.0,6098.6,5650.0
PR009269,2026-02-19,MANDI043,Ambala,Maize,1784.0,2008.26,1896.18,
PR011838,2026-05-13,MANDI019,Moga,Sugarcane,3509.87,3746.69,3628.28,3500.0
PR004319,2026-05-01,MANDI014,Ambala,Sarso,5590.82,6158.0,5875.0,
PR005208,2026-01-31,MANDI046,Moga,Mustard,5610.67,6557.92,6084.3,
PR004156,2026-08-10,MANDI051,Hisar,Cotton,6287.0,7158.84,6723.0,6620.0
PR009678,2026-08-31,,Bathinda,Sugarcane,3175.63,3784.42,3480.02,
PR004119,2026-07-04,MANDI016,Ludhiana,Rice,1974.0,2155.0,2064.73,2183.0
PR009664,2026-08-19,MANDI048,Bathinda,Wheat,2376.77,2715.66,2546.22,2275.0
PR000754,2026-05-03,MANDI055,Jalandhar,Cotton,5704.0,6653.0,6178.0,6620.0
PR006452,2026-05-15,MANDI048,Amritsar,Sugarcane,3333.05,3745.96,3540.0,3500.0
PR005922,2026-01-25,MANDI028,Ferozepur,चावल,2220.81,2482.0,2351.48,2183.0
PR007728,2026-07-13,MANDI051,Ferozepur,Sugarcane,3649.71,3887.01,3768.36,3500.0
PR004990,2026-04-11,MANDI034,Kurukshetra,Wheat,2334.0,2776.61,2555.0,2275.0
PR000321,2026-01-26,MANDI024,Ferozepur,Maize,2018.0,2454.85,2236.0,
PR010252,2026-04-27,,Kurukshetra,Cotton,6369.67,7866.0,7118.0,6620.0
PR005795,2026-01-27,,,Maize,1848.54,2079.67,1964.11,2090.0
PR009072,2026-08-09,MANDI033,Fatehabad,Mustard,5588.0,6265.67,,5650.0
PR002024,2026-09-01,MANDI045,Ambala,Mustard,4863.0,5545.0,5204.07,5650.0
PR008035,2026-04-09,MANDI010,Patiala,Mustard,,6732.0,6307.01,5650.0
PR001347,2026-08-08,MANDI054,Moga,Cotton,6918.0,7379.0,7148.44,6620.0
PR004368,2026-02-15,MANDI019,Hisar,Cotton,6832.26,8453.72,7642.99,6620.0
PR001830,2026-04-29,MANDI038,Sirsa,Cotton,6585.53,7000.02,6793.0,6620.0
PR002997,2026-02-20,MANDI042,Fatehabad,Mustard,5600.6,6419.0,6009.61,5650.0
PR003441,2026-07-20,MANDI037,Moga,Wheat,2141.92,2606.0,2374.0,2275.0
PR010763,2026-02-22,MANDI032,Sirsa,Sugarcane,3635.88,4178.0,3907.0,3500.0
PR002942,2026-09-06,MANDI047,Hisar,Cotton,5904.44,6881.6,6393.02,6620.0
PR007340,2026-04-21,MANDI034,Ambala,Maize,1856.58,,2067.75,
PR007470,2026-01-13,,Bathinda,Ganne,3071.39,3251.0,,3500.0
PR008210,2026-02-25,MANDI035,Ambala,Mustard,4915.41,5429.0,5172.4,5650.0
PR002300,2026-09-08,MANDI031,Jalandhar,Rice,2100.14,2275.87,2188.0,2183.0
PR002566,2026-06-04,MANDI011,Ludhiana,Wheat,2020.69,2435.55,2228.12,2275.0
PR007406,2026-06-09,MANDI050,Hisar,Wheat,2009.0,2458.9,2233.93,2275.0
PR002267,2026-08-26,MANDI006,Bathinda,Sugarcane,3426.0,3920.53,3673.0,3500.0
PR006629,2026-05-26,MANDI004,Ambala,Rice,2175.0,2603.72,2389.39,2183.0
PR000222,2026-04-28,MANDI020,Ferozepur,Sugarcane,3485.12,,3614.02,
PR004569,2026-06-05,MANDI056,Ambala,Mustard,5574.72,6678.17,6126.44,5650.0
PR001856,2026-04-16,MANDI023,Kurukshetra,Rice,2209.0,2455.47,2332.29,2183.0
PR002395,2026-06-15,MANDI027,Ferozepur,Rice,2132.75,2624.11,2378.43,2183.0
PR011704,2026-06-27,MANDI048,Hisar,Maize,2044.0,2248.0,2146.22,2090.0
PR011512,2026-03-12,MANDI027,Fatehabad,Ganne,3606.74,3892.0,3749.43,3500.0
PR009797,2026-05-15,,Bathinda,Rice,2063.83,2506.75,2285.0,
PR010474,2026-05-31,MANDI029,Ambala,Mustard,5691.0,6970.0,6331.0,5650.0
PR009324,2026-12-07,MANDI057,Sirsa,Mustard,5894.27,6695.9,6295.08,5650.0
PR002978,2026-06-10,MANDI049,Muzaffarnagar,Cotton,6854.98,7678.88,,6620.0
PR006604,2026-05-30,MANDI011,Patiala,Wheat,2380.83,2604.04,2492.43,2275.0
PR008411,2026-05-03,MANDI056,Bareilly,Cotton,6281.82,7567.0,6924.52,6620.0
PR002365,2026-04-11,MANDI011,Ambala,Sugarcane,3596.0,4164.06,3880.03,3500.0
PR011879,2026-04-10,MANDI052,Ludhiana,Sugarcane,3673.86,4413.0,,3500.0
PR003098,2026-08-06,MANDI002,Amritsar,Sugarcane,3506.63,4012.0,3759.37,3500.0
PR005584,2026-06-03,MANDI009,Kurukshetra,Wheat,2043.03,2476.11,2260.0,
PR003670,2026-09-01,MANDI037,Ambala,Rice,1909.51,2151.72,2031.0,
PR005469,2026-07-08,MANDI043,Ambala,Rice,1971.82,2151.0,2061.31,2183.0
PR003900,2026-04-20,MANDI013,Patiala,Maize,1875.24,2036.15,1955.7,
PR000346,2026-07-09,MANDI048,Bathinda,Maize,1911.58,2352.13,2132.0,2090.0
PR006978,2026-04-20,MANDI041,Hisar,Mustard,5466.0,6691.0,6079.0,5650.0
PR008376,2026-08-25,MANDI019,Moga,Narma,5986.58,7250.3,6618.44,6620.0
PR004451,2026-02-27,MANDI008,Amritsar,Sugarcane,3031.22,3209.92,3121.0,3500.0
PR000485,2026-02-19,MANDI020,Ferozepur,Cotton,6143.74,,,6620.0
PR005366,2026-01-05,,Bathinda,Mustard,5502.17,5986.59,5744.38,
PR007697,2026-05-24,MANDI026,Hisar,Rice,2034.58,2518.18,2276.38,2183.0
PR000108,2026-02-10,MANDI015,Bathinda,Ganne,3417.39,3764.61,3591.0,3500.0
PR000794,2026-03-12,MANDI019,Ambala,Wheat,2333.77,2828.16,2580.96,
PR001072,2026-02-02,MANDI053,Sirsa,Chawal,1859.44,2294.0,2076.67,
PR005540,2026-07-27,MANDI010,Ferozepur,Sugarcane,,3852.83,3640.35,3500.0
PR005734,2026-09-08,MANDI048,Hisar,Wheat,2280.0,2800.25,2540.0,2275.0
PR007437,2026-03-19,MANDI044,Ludhiana,Cotton,6860.0,7614.25,7237.0,6620.0
PR002409,2026-01-20,MANDI004,Jalandhar,Mustard,5420.6,6058.66,5739.63,5650.0
PR003014,2026-07-24,MANDI050,Kurukshetra,Ganne,3081.0,3349.0,3215.0,3500.0
PR003776,2026-06-25,,Kurukshetra,Cotton,5800.0,,6257.37,6620.0
PR010265,2026-01-27,MANDI026,Fatehabad,Sugarcane,3021.03,3501.46,3261.24,3500.0
PR004376,2026-06-04,MANDI025,Moga,Maize,1794.05,2047.0,1920.76,2090.0
PR000342,2026-08-06,,Karnal,Maize,1964.92,2331.0,2148.04,
PR004783,2026-05-24,MANDI024,Hisar,Cotton,6735.77,7460.9,,6620.0
PR003226,2026-09-03,MANDI053,Ludhiana,Wheat,2341.03,2804.08,2573.0,2275.0
PR001011,2026-08-08,MANDI057,Amritsar,Mustard,4869.0,5703.6,5286.0,5650.0
PR005104,2026-05-14,MANDI038,Patiala,Wheat,2235.18,2638.22,2436.7,2275.0
PR011687,2026-07-27,MANDI053,Jalandhar,Wheat,2368.47,2831.05,2599.76,2275.0
PR002283,2026-04-02,MANDI057,Bathinda,Rice,2091.0,2476.48,2284.0,
PR004226,2026-04-05,MANDI024,Patiala,Mustard,4908.92,5358.0,5133.27,5650.0
PR000021,2026-05-20,MANDI023,Moga,Maize,2064.91,2380.22,2222.57,2090.0
PR006026,2026-03-28,MANDI042,Hisar,Cotton,6268.0,,6576.57,6620.0
PR007950,2026-08-22,MANDI036,Ludhiana,Wheat,2035.5,2139.98,2087.74,2275.0
PR011186,2026-04-02,MANDI038,Amritsar,Rice,1916.55,2355.97,2136.26,2183.0
PR005035,2026-09-03,MANDI037,Jalandhar,चावल,2135.81,2254.2,2195.0,
PR003645,2026-06-24,MANDI048,Muzaffarnagar,Makki,2006.31,2242.88,2124.6,
PR008929,2026-07-12,MANDI055,Jalandhar,Maize,2076.3,2488.0,2282.0,2090.0
PR001154,2026-03-13,MANDI034,Bathinda,Mustard,5305.37,5670.26,5487.82,5650.0
PR000573,2026-02-23,MANDI031,Sirsa,Maize,1822.0,2115.1,1968.8,2090.0
PR002011,2026-07-16,MANDI046,Bathinda,Wheat,2214.95,,2402.0,2275.0
PR003470,2026-01-28,MANDI011,Amritsar,Wheat,2030.12,2241.5,2136.0,2275.0
PR006909,2026-01-01,,Ambala,चावल,1871.0,1971.84,1921.0,2183.0
PR009485,2026-05-05,MANDI006,Ambala,Maize,1832.2,2018.0,1925.0,2090.0
PR003812,2026-04-13,MANDI051,Ferozepur,Makki,1813.94,,,2090.0
PR001054,2026-05-04,MANDI005,Sirsa,चावल,,2469.48,2235.0,2183.0
PR006150,2026-01-27,MANDI034,Karnal,Maize,1838.0,2111.0,,
PR000323,2026-01-23,MANDI049,Jalandhar,Rice,2055.37,2326.25,2191.0,2183.0
PR003547,2026-04-18,MANDI045,Ambala,Wheat,1959.95,2376.22,2168.09,2275.0
PR002847,2026-02-04,MANDI042,Fatehabad,Maize,2190.0,2617.26,2403.54,2090.0
PR004687,2026-07-21,MANDI020,Ferozepur,Sugarcane,3580.51,4113.61,3847.06,
PR005859,2026-01-25,MANDI026,Ludhiana,Mustard,5783.29,6636.0,6209.77,5650.0
PR001002,2026-07-28,MANDI046,Patiala,Maize,2179.91,2483.94,2331.93,
PR001672,2026-04-22,MANDI030,Hisar,Ganne,,3580.69,3463.0,3500.0
PR001932,2026-02-01,MANDI057,Bareilly,Sugarcane,3583.58,4273.3,3928.44,3500.0
PR009452,2026-08-27,MANDI054,Hisar,Sugarcane,3625.2,4000.99,3813.0,
PR009720,2026-05-20,MANDI045,Ferozepur,Makki,2016.17,2291.24,2153.7,2090.0
PR009525,2026-03-09,MANDI007,Moga,Cotton,6324.64,7335.7,6830.0,6620.0
PR011256,2026-01-25,MANDI011,Ludhiana,Wheat,2258.25,2633.62,2446.0,2275.0
PR008892,2026-03-31,MANDI055,Kurukshetra,Wheat,2368.0,2769.0,2568.0,
PR005344,2026-03-26,MANDI017,,Cotton,6064.0,6646.4,6355.09,6620.0
PR010834,2026-02-04,MANDI026,Jalandhar,Cotton,5687.0,6720.41,,6620.0
PR008252,2026-06-27,MANDI015,Patiala,Rice,,2626.86,,2183.0
PR010326,2026-08-31,MANDI026,Ludhiana,Rice,2212.0,2588.0,2399.94,
PR010648,2026-07-18,MANDI033,Moga,Sugarcane,3092.8,3693.68,,3500.0
PR010157,2026-01-25,MANDI031,Ferozepur,Mustard,5314.87,6325.0,5819.99,5650.0
PR000230,2026-08-30,,Kurukshetra,Rice,,2243.73,2171.2,2183.0
PR001455,2026-07-06,MANDI027,Amritsar,चावल,2223.47,2766.27,2495.0,2183.0
PR002596,2026-08-18,,Ambala,Mustard,5360.58,6261.28,5810.93,5650.0
PR002731,2026-01-15,MANDI001,Bathinda,Sugarcane,3071.0,3726.94,3398.82,3500.0
PR004131,2026-01-16,MANDI033,Sirsa,Sugarcane,3373.0,3893.62,3633.43,3500.0
PR006633,2026-06-16,MANDI004,Fatehabad,चावल,2147.18,2589.0,2367.89,2183.0
PR004217,2026-08-23,MANDI024,Ambala,Mustard,4917.9,5755.0,5336.67,5650.0
PR001961,2026-06-22,,,Mustard,5420.24,6744.0,6082.12,5650.0
PR002891,2026-04-08,MANDI012,Karnal,Maize,1807.84,1928.0,1868.09,2090.0
PR003495,2026-03-26,MANDI056,Fatehabad,Maize,2075.0,2288.0,2182.0,2090.0
PR011335,2026-07-23,MANDI003,Hisar,Maize,1969.95,2073.0,,2090.0
PR005466,2026-04-19,MANDI001,Ferozepur,Rice,2232.19,2635.25,2434.0,2183.0
PR011910,2026-07-04,MANDI014,Ludhiana,Makki,1955.0,2091.43,2023.23,2090.0
PR001840,2026-05-02,MANDI025,Karnal,Sugarcane,3023.66,3682.0,3353.0,3500.0
PR008276,2026-07-27,MANDI021,Jalandhar,Wheat,2324.36,2508.0,2416.09,2275.0
PR005269,2026-06-11,,,Mustard,5746.0,6662.02,6204.04,5650.0
PR007848,2026-08-16,MANDI036,Amritsar,Wheat,2376.72,2937.0,2657.0,2275.0
PR002434,2026-06-30,MANDI030,Sirsa,Rice,2104.18,2404.0,2254.0,2183.0
PR003641,2026-06-27,MANDI043,Moga,Wheat,2275.7,2564.98,2420.0,2275.0
PR011773,2026-05-25,,Karnal,Maize,2139.53,2370.13,2254.83,2090.0
PR002388,2026-08-09,MANDI049,Muzaffarnagar,Mustard,4946.0,5251.72,5098.9,
PR008418,2026-06-25,MANDI041,Hisar,Rice,1976.0,2354.98,2165.28,
PR010424,2026-03-09,MANDI032,Karnal,Sugarcane,3000.73,3320.51,3161.0,3500.0
PR007330,2026-08-17,MANDI034,Ambala,Sugarcane,,4143.99,3855.4,
PR000701,2026-02-18,MANDI001,Kurukshetra,Mustard,5540.54,6419.75,5980.0,5650.0
PR001983,2026-01-18,MANDI022,Sirsa,Rice,1978.5,2137.13,2057.82,
PR002814,2026-05-26,MANDI048,Moga,Rice,2015.25,2407.99,2212.0,2183.0
PR002909,2026-01-10,MANDI039,Patiala,Rice,2106.44,2253.33,2179.88,2183.0
PR001654,2026-02-04,MANDI016,Ferozepur,Wheat,2042.6,2237.03,2140.0,
PR006845,2026-05-01,MANDI037,Kurukshetra,Makki,2151.4,2635.91,2393.66,
PR010137,2026-04-29,MANDI044,Ferozepur,Wheat,2347.4,2842.87,2595.14,
PR001516,2026-08-15,MANDI044,Jalandhar,Mustard,5236.59,5567.52,5402.06,5650.0
PR006139,2026-05-31,MANDI037,Ludhiana,Sugarcane,3352.91,3776.67,3564.79,3500.0
PR007114,2026-08-14,MANDI018,Moga,Mustard,4966.0,5643.98,5305.09,
PR000653,2026-07-21,MANDI001,Jalandhar,Cotton,6892.05,8076.0,7484.0,6620.0
PR010233,2026-01-13,MANDI017,Bathinda,Maize,1944.88,2320.69,2133.0,2090.0
PR002483,2026-09-04,MANDI035,Patiala,Cotton,6858.0,7388.26,7123.18,6620.0
PR009595,2026-05-24,MANDI013,Ferozepur,Sugarcane,3471.66,3908.49,3690.08,3500.0
PR007283,2026-07-18,MANDI025,Bathinda,Maize,1877.54,2154.89,2016.0,2090.0
PR005472,2026-02-08,MANDI055,Hisar,Wheat,2380.0,2707.48,2543.8,2275.0
PR001934,2026-08-09,MANDI057,Jalandhar,Sugarcane,3097.0,3390.0,3243.35,3500.0
PR010240,2026-01-04,MANDI053,Jalandhar,Mustard,5359.62,6516.14,5937.88,5650.0
PR011474,2026-03-01,MANDI026,Ambala,Rice,2269.89,,2521.45,2183.0
PR006708,2026-07-19,MANDI050,Bathinda,Maize,1855.0,1974.45,1915.0,2090.0
PR001355,2026-07-01,MANDI011,Ferozepur,Mustard,5574.48,6742.0,6158.0,5650.0
PR010595,2026-05-24,MANDI049,Kurukshetra,Sugarcane,3165.36,3821.24,3493.3,3500.0
PR000067,2026-06-18,MANDI018,Bathinda,Makki,2053.02,2349.62,2201.32,2090.0
PR010688,2026-03-18,MANDI005,Ambala,Sugarcane,3140.67,3488.58,3315.0,
PR004176,2026-01-06,MANDI048,Amritsar,Mustard,5784.19,7098.35,6441.27,5650.0
PR005055,2026-02-07,MANDI028,Patiala,Mustard,4994.0,6142.0,5568.01,5650.0
PR008781,2026-06-30,MANDI050,Ludhiana,Mustard,4856.05,5530.88,5193.46,5650.0
PR010301,2026-08-30,MANDI002,Fatehabad,Mustard,5154.0,5465.0,5309.0,
PR008347,2026-02-03,MANDI002,Ludhiana,Sugarcane,,3523.0,3355.95,
PR011291,2026-05-22,MANDI021,Jalandhar,Rice,2108.0,2488.28,2298.08,2183.0
PR000066,2026-01-27,MANDI005,Moga,Wheat,2057.66,2498.12,2278.0,2275.0
PR005644,2026-04-29,MANDI004,Sirsa,Cotton,5778.14,7010.46,6394.3,6620.0
PR009123,2026-08-17,MANDI036,Kurukshetra,Mustard,5924.0,6597.84,6260.87,
PR005850,2026-02-21,MANDI039,Jalandhar,Wheat,2104.21,2318.64,2211.42,2275.0
PR005932,2026-04-03,,Amritsar,Maize,1782.79,2198.0,,
PR010457,2026-07-23,MANDI056,Amritsar,Sugarcane,3202.0,3423.17,3312.0,
PR005977,2026-01-21,,Ludhiana,Sugarcane,,3466.4,3348.61,3500.0
PR005702,2026-05-07,,Ferozepur,Sugarcane,3511.0,3799.19,3655.3,3500.0
PR003013,2026-06-18,MANDI028,Fatehabad,Cotton,5652.44,6857.25,6254.84,6620.0
PR006132,2026-08-31,MANDI034,Bathinda,Rice,2116.0,2423.25,2269.0,2183.0
PR002415,2026-07-14,MANDI021,Sirsa,Cotton,6223.96,6535.0,6380.0,6620.0
PR010925,2026-01-29,MANDI052,Amritsar,Wheat,2115.67,2225.0,2170.49,2275.0
PR000219,2026-05-06,MANDI019,Bathinda,Wheat,2215.03,2398.0,2306.0,2275.0
PR011418,2026-06-21,MANDI005,Moga,Maize,2076.56,2501.81,2289.0,2090.0
PR010953,2026-02-01,MANDI051,Patiala,Sugarcane,3660.0,4300.34,3980.06,3500.0
PR011251,2026-01-06,MANDI043,Amritsar,Mustard,5146.39,5536.03,5341.0,5650.0
PR003796,2026-03-13,MANDI052,Patiala,Sarso,5437.0,6228.47,5833.0,5650.0
PR009202,2026-08-19,MANDI001,Karnal,Maize,1975.28,2173.82,,2090.0
PR003580,2026-07-10,MANDI043,Fatehabad,Cotton,6049.87,,6661.52,6620.0
PR009224,2026-01-30,MANDI026,Ludhiana,Wheat,2122.34,2476.04,2299.19,2275.0
PR000273,2026-06-17,MANDI057,Ferozepur,Sugarcane,3329.85,3968.31,3649.0,
PR011129,2026-01-22,MANDI021,Ferozepur,Mustard,5625.16,6656.54,6140.85,
PR010377,2026-02-25,MANDI025,Ferozepur,Cotton,6334.0,7524.59,6929.0,6620.0
PR004819,2026-07-15,MANDI036,Patiala,Rice,2270.56,2583.8,2427.18,2183.0
PR008756,2026-06-10,MANDI029,Sirsa,Maize,1892.09,2087.0,1989.42,2090.0
PR002350,2026-04-11,MANDI019,Patiala,Sarso,5057.0,5549.21,,5650.0
PR010612,2026-08-19,MANDI044,Ferozepur,Cotton,5700.0,6111.8,5905.69,
PR009046,2026-05-24,MANDI011,Karnal,Sugarcane,3486.97,4138.0,3812.25,3500.0
PR008807,2026-01-25,MANDI032,Sirsa,Mustard,5016.58,5753.0,,5650.0
PR006534,2026-04-16,MANDI026,Hisar,Sugarcane,2984.97,,3126.0,3500.0
PR001462,2026-06-26,MANDI035,Karnal,Mustard,4984.23,5864.0,5424.0,5650.0
PR011871,2026-08-12,,Ferozepur,Wheat,2183.22,2569.19,2376.21,2275.0
PR002999,2026-04-16,,Moga,Ganne,3296.05,3989.92,3642.98,
PR003491,2026-08-04,MANDI005,Amritsar,Maize,1935.17,2137.21,2036.19,2090.0
PR004151,2026-04-07,MANDI021,Jalandhar,Sugarcane,3261.0,3593.58,3427.51,3500.0
PR011282,2026-07-19,MANDI029,Patiala,चावल,2050.0,2535.81,2292.77,
PR010628,2026-03-01,MANDI057,Karnal,Sugarcane,3109.29,3654.0,3381.53,3500.0
PR002362,2026-08-21,MANDI001,Ludhiana,Sugarcane,3457.0,4042.95,3749.96,3500.0
PR007091,2026-07-17,MANDI030,Patiala,Mustard,5210.07,5720.58,5465.33,5650.0
PR001353,2026-08-23,MANDI051,Karnal,Chawal,2284.31,2518.66,2401.48,
PR007434,2026-04-14,MANDI024,Kurukshetra,Narma,5963.79,7443.32,6703.56,6620.0
PR001228,2026-06-29,MANDI013,Moga,Sugarcane,3382.69,3922.24,3652.46,3500.0
PR011776,2026-07-20,MANDI034,Ludhiana,Sarso,5442.0,6100.05,5770.8,5650.0
PR006669,2026-01-24,MANDI007,Moga,Maize,2194.22,2367.39,2280.81,2090.0
PR009345,2026-03-11,MANDI025,Amritsar,Wheat,2331.0,2658.87,,2275.0
PR010123,2026-05-20,MANDI050,Kurukshetra,Ganne,3343.64,3589.49,3466.57,
PR011493,2026-05-17,MANDI049,Hisar,Rice,1987.0,2462.17,2224.59,2183.0
PR010512,2026-11-05,,Ferozepur,Wheat,2011.0,2272.0,2141.38,2275.0
PR006761,2026-09-04,,,Rice,2192.0,2657.46,2424.5,2183.0
PR003009,2026-03-03,MANDI018,Ludhiana,Mustard,5688.04,6028.94,5858.49,5650.0
PR002012,2026-07-23,MANDI015,Moga,Maize,1993.24,2411.0,2202.0,2090.0
PR002257,2026-01-23,MANDI016,Ferozepur,Rice,2107.67,2600.18,2354.0,2183.0
PR002068,2026-02-06,MANDI054,Hisar,Cotton,6708.69,8373.17,7540.93,6620.0
PR002719,2026-02-25,MANDI047,Sirsa,Rice,2156.07,2502.0,2329.24,2183.0
PR003813,2026-08-23,MANDI026,Ambala,Cotton,6426.0,7071.77,6748.93,6620.0
PR007177,2026-07-20,,Bathinda,Cotton,6019.71,6622.56,6321.0,6620.0
PR004052,2026-09-07,MANDI018,Ambala,Cotton,6761.35,7362.0,7061.72,6620.0
PR004550,2026-08-21,,Bathinda,Wheat,1976.7,2293.0,2134.81,2275.0
PR003342,2026-05-25,,Fatehabad,Wheat,1945.0,2110.13,2028.0,2275.0
PR006683,2026-07-23,MANDI011,Ferozepur,Wheat,2086.0,2266.11,2176.22,2275.0
PR007751,2026-02-02,MANDI039,Patiala,Maize,2093.6,2234.0,2163.64,2090.0
PR002668,2026-06-02,MANDI031,Ferozepur,Cotton,6611.03,8128.49,7370.0,6620.0
PR005163,2026-08-21,MANDI017,Bathinda,Maize,2110.0,2587.2,2349.0,
PR009998,2026-04-03,MANDI033,Jalandhar,Wheat,1936.58,2085.0,2011.0,2275.0
PR011896,2026-05-24,MANDI019,Moga,Maize,1861.8,2081.77,1971.78,2090.0
PR005185,2026-04-28,MANDI021,Moga,Maize,1847.0,2077.67,1962.47,
PR011833,2026-06-03,MANDI022,Fatehabad,Wheat,2036.89,2467.17,2252.03,2275.0
PR004707,2026-06-23,MANDI011,Hisar,Maize,1992.5,2200.88,2096.69,2090.0
PR003815,2026-01-12,MANDI035,Hisar,Cotton,5645.47,6812.47,6228.97,6620.0
PR003947,2026-03-21,MANDI001,Ludhiana,Wheat,2057.0,2203.05,2129.95,2275.0
PR008236,2026-04-01,MANDI012,Bathinda,Ganne,3208.83,3969.75,3589.0,3500.0
PR004086,2026-07-01,,Jalandhar,Sugarcane,3068.65,3604.4,3336.52,3500.0
PR010813,2026-04-18,MANDI004,Amritsar,Sugarcane,3110.89,3877.01,3493.95,3500.0
PR001144,2026-05-21,MANDI043,Ambala,Wheat,2341.33,2852.99,2597.0,2275.0
PR011963,2026-07-15,,Sirsa,Cotton,5947.81,6507.09,6227.45,6620.0
PR007154,2026-07-10,MANDI052,Kurukshetra,Narma,6433.0,7136.32,6785.0,6620.0
PR008102,2026-03-19,MANDI015,Bathinda,Makki,1966.78,2157.31,2062.05,2090.0
PR004194,2026-05-10,MANDI034,Bathinda,Mustard,5133.6,,5308.61,5650.0
PR004805,2026-09-08,,Moga,Wheat,2039.03,2500.25,2270.0,
PR008388,2026-01-18,MANDI037,Karnal,Mustard,5050.87,5945.71,5498.0,
PR000862,2026-03-05,MANDI010,Patiala,Cotton,5713.46,6072.0,5893.0,
PR004426,2026-06-22,,Fatehabad,Wheat,2097.66,2566.0,2331.81,2275.0
PR009127,2026-03-10,MANDI030,Ludhiana,Cotton,6034.37,7402.83,6718.6,6620.0
PR007211,2026-05-24,MANDI052,Hisar,Rice,2130.0,2649.79,2390.0,2183.0
PR011451,2026-07-17,MANDI007,Hisar,Cotton,6706.24,7046.0,6876.0,6620.0
PR010516,2026-04-03,MANDI033,Sirsa,Maize,1853.69,2231.0,2042.58,2090.0
PR011008,2026-08-28,MANDI037,Bathinda,Sugarcane,3033.1,3686.93,,3500.0
PR004929,2026-07-07,,Amritsar,Maize,1790.35,2067.8,1929.08,2090.0
PR000349,2026-06-15,MANDI048,Karnal,Maize,,2230.0,2133.41,
PR005634,2026-02-13,MANDI034,Amritsar,Ganne,,4414.97,4029.0,3500.0
PR010113,2026-04-24,MANDI025,Ludhiana,Wheat,2037.66,2344.98,2191.0,2275.0
PR008361,2026-05-10,MANDI033,Kurukshetra,Chawal,2026.35,2441.0,2234.0,
PR000495,2026-04-14,,Jalandhar,Mustard,5710.0,6897.11,6304.0,5650.0
PR011855,2026-04-17,MANDI007,Bathinda,Sugarcane,3527.5,4296.59,3912.0,3500.0
PR005337,2026-04-13,MANDI044,Hisar,Maize,2105.0,2574.0,2339.0,2090.0
PR008298,2026-03-21,MANDI039,,Narma,6805.93,,7567.71,6620.0
PR007873,2026-08-30,MANDI014,Ludhiana,Cotton,6826.05,7469.5,7148.0,6620.0
PR011344,2026-04-01,MANDI055,Bareilly,Wheat,2031.0,2399.0,2215.0,2275.0
PR005737,2026-02-15,MANDI031,Fatehabad,Wheat,2186.37,2359.64,2273.01,
PR010333,2026-01-21,MANDI052,Ambala,Narma,,6268.4,5975.0,6620.0
PR005663,2026-08-06,MANDI057,Ambala,Rice,1907.69,2295.0,2102.0,2183.0
PR007568,2026-07-11,MANDI041,Kurukshetra,Cotton,6014.0,7170.0,6592.0,6620.0
PR008049,2026-08-04,MANDI030,Jalandhar,Sugarcane,3309.0,3927.28,3618.0,
PR007549,2026-02-05,MANDI037,Moga,Cotton,6940.86,,7142.16,
PR004520,2026-05-16,MANDI017,Fatehabad,Mustard,5588.38,6142.46,,5650.0
PR003730,2026-01-08,MANDI055,Kurukshetra,Sarso,4877.83,,5463.0,5650.0
PR005396,2026-03-19,MANDI029,Fatehabad,Maize,,2307.02,,
PR001935,2026-08-13,MANDI003,Ludhiana,Cotton,5662.71,6936.19,6299.0,
PR011701,2026-03-04,MANDI001,Amritsar,Chawal,2176.0,2624.0,2399.79,2183.0
PR003811,2026-07-31,MANDI052,Saharanpur,Rice,2108.01,2510.86,2309.0,2183.0
PR008520,2026-06-05,MANDI029,Bathinda,Rice,2071.68,2451.0,2261.35,2183.0
PR001061,2026-04-08,MANDI017,Ambala,Sugarcane,3666.0,3897.6,3781.66,3500.0
PR004743,2026-08-13,MANDI043,Ludhiana,Wheat,2180.0,2426.13,2303.0,2275.0
PR008414,2026-09-07,MANDI053,Moga,Sugarcane,3170.0,3388.64,3279.26,3500.0
PR006745,2026-02-02,MANDI026,Jalandhar,Wheat,2180.15,2476.72,2328.43,2275.0
PR000545,2026-06-24,,Patiala,Maize,2099.12,2535.5,,
PR008323,2026-06-23,MANDI052,Fatehabad,Mustard,5400.0,6394.2,5897.15,5650.0
PR002445,2026-02-17,MANDI004,Hisar,Wheat,2379.0,,2602.0,2275.0
PR008097,2026-02-23,MANDI006,Amritsar,Wheat,,2693.0,2430.0,2275.0
PR002045,2026-01-12,MANDI018,Ludhiana,Rice,1872.56,,2082.59,
PR001536,2026-08-23,MANDI054,Ferozepur,Wheat,2333.21,2753.16,2543.0,2275.0
PR011423,2026-08-31,MANDI027,Hisar,Sugarcane,3527.72,4242.62,,3500.0
PR011779,2026-07-20,MANDI023,Karnal,Mustard,,7175.0,6544.0,5650.0
PR006813,2026-02-12,MANDI029,Fatehabad,Wheat,,2553.0,2362.37,2275.0
PR005198,2026-01-24,MANDI022,Karnal,Cotton,5633.58,,5792.35,6620.0
PR011089,2026-06-08,MANDI005,Fatehabad,Wheat,2035.22,2359.9,2197.56,2275.0
PR004150,2026-06-13,MANDI026,Kurukshetra,Mustard,5317.0,6397.9,5857.38,5650.0
PR010251,2026-05-10,MANDI038,Kurukshetra,Sarso,5477.0,6561.13,6019.21,5650.0
PR005580,2026-05-29,MANDI030,Jalandhar,Maize,2064.59,2259.06,2161.82,2090.0
PR001645,2026-07-19,MANDI044,Amritsar,Maize,2184.3,2625.52,2405.0,2090.0
PR007883,2026-06-26,MANDI043,Bathinda,Maize,1903.0,2245.6,2074.27,2090.0
PR002343,2026-04-13,MANDI031,Jalandhar,Cotton,6222.71,7110.2,6666.0,6620.0
PR007716,2026-01-25,MANDI053,Saharanpur,Wheat,2387.0,2837.96,2613.0,
PR000139,2026-01-16,,Ferozepur,Rice,,2573.0,2423.52,2183.0
PR007849,2026-08-26,MANDI041,Fatehabad,Maize,1837.23,2254.36,2046.0,2090.0
PR010239,2026-04-13,,Ambala,Sarso,5430.37,6046.22,5738.29,5650.0
PR009756,2026-04-10,MANDI043,Ludhiana,Rice,2112.59,2513.83,2313.21,2183.0
PR005118,2026-01-23,MANDI023,Ludhiana,Rice,2130.04,2347.94,2238.99,2183.0
PR005303,2026-03-17,MANDI041,Fatehabad,Maize,,2323.87,2244.0,2090.0
PR003970,2026-01-24,MANDI041,Ambala,Rice,2142.08,,2302.52,2183.0
PR010928,2026-08-26,MANDI010,Jalandhar,Wheat,2162.7,2339.57,2251.0,2275.0
PR006570,2026-08-09,MANDI019,Ambala,Cotton,6733.81,7439.54,7087.0,
PR010833,2026-02-20,MANDI052,Kurukshetra,Sugarcane,3614.67,4005.68,3810.17,
PR001706,2026-04-07,MANDI011,Ferozepur,Rice,1979.69,2382.92,2181.3,2183.0
PR011378,2026-08-26,MANDI010,Bathinda,Sugarcane,3608.04,4326.0,3967.05,3500.0
PR001198,2026-01-02,MANDI046,Hisar,Wheat,2217.0,2652.0,,2275.0
PR009562,2026-06-26,MANDI050,Patiala,Cotton,6517.54,8004.0,7261.0,6620.0
PR007871,2026-08-13,MANDI050,Bathinda,Wheat,2168.48,2441.13,2305.0,2275.0
PR007730,2026-07-03,MANDI010,Ferozepur,Cotton,6524.94,7686.71,7105.83,6620.0
PR008325,2026-02-24,MANDI002,Hisar,Cotton,6051.66,6783.61,6418.0,6620.0
PR000130,2026-05-02,MANDI027,Jalandhar,Rice,1990.82,2301.53,2146.17,2183.0
PR006434,2026-08-25,MANDI007,Amritsar,Maize,1806.89,1988.0,1897.63,
PR007629,2026-06-19,MANDI041,Bathinda,Wheat,2294.0,2696.06,2495.25,
PR001906,2026-01-09,,Ferozepur,Mustard,5368.9,6675.82,6022.0,5650.0
PR001215,2026-03-05,MANDI040,Karnal,Wheat,1966.76,2172.0,2069.0,2275.0
PR010324,2026-02-26,MANDI036,Hisar,Makki,2191.0,2360.03,2275.52,
PR001274,2026-06-02,MANDI052,Fatehabad,Wheat,1978.52,2131.65,2055.09,
PR001246,2026-03-05,MANDI022,Hisar,Sugarcane,3251.0,4032.14,3641.64,3500.0
PR005369,2026-01-29,MANDI014,Patiala,Mustard,5434.84,6006.18,5721.0,5650.0
PR000365,2026-01-04,MANDI006,Ferozepur,Rice,2054.54,2219.85,2137.2,2183.0
PR009148,2026-01-30,MANDI026,Hisar,Chawal,2006.91,2312.97,2159.94,2183.0
PR008019,2026-07-30,MANDI014,Amritsar,Wheat,2156.53,2352.0,2254.36,2275.0
PR004410,2026-01-17,MANDI029,Fatehabad,Rice,2011.0,2380.65,2196.0,2183.0
PR011466,2026-08-18,MANDI035,Karnal,Narma,,7413.86,6915.0,6620.0
PR010697,2026-04-01,MANDI002,Moga,Cotton,5966.02,6511.09,6238.55,6620.0
PR005500,2026-05-20,MANDI036,Fatehabad,Wheat,2290.27,2551.54,2420.9,2275.0
PR003248,2026-01-06,MANDI001,Ludhiana,Rice,2244.0,2568.93,2406.59,2183.0
PR002148,2026-05-03,MANDI049,Jalandhar,Maize,2044.53,2373.12,2208.83,2090.0
PR002932,2026-01-05,MANDI021,Moga,Wheat,2111.67,2321.74,2217.0,2275.0
PR004227,2026-01-03,MANDI045,Ambala,Sugarcane,3041.0,3580.51,3310.59,
PR005720,2026-05-31,MANDI051,Bathinda,चावल,1997.0,2115.0,2056.28,2183.0
PR003267,2026-04-07,MANDI031,Sirsa,Sugarcane,3018.3,3183.25,3100.77,3500.0
PR007195,2026-01-17,MANDI012,Amritsar,Makki,2037.73,2226.94,2132.33,2090.0
PR001398,2026-01-08,MANDI015,Ambala,Cotton,5833.0,6675.52,6254.38,
PR002834,2026-06-18,,Ferozepur,Chawal,1930.0,2182.22,2056.04,2183.0
PR009508,2026-06-02,MANDI051,Amritsar,Rice,2193.34,2596.0,2394.51,2183.0
PR010121,2026-01-19,MANDI017,Amritsar,Wheat,2055.36,2207.33,2131.34,2275.0
PR011387,2026-05-29,MANDI044,Sirsa,Narma,6564.2,7533.74,7048.97,6620.0
PR011887,2026-03-23,MANDI014,Kurukshetra,Sugarcane,3342.11,3824.96,3583.53,
PR007537,2026-02-13,MANDI029,Kurukshetra,Mustard,,6590.02,6216.21,
PR000845,2026-01-08,MANDI020,Amritsar,Mustard,4917.22,5265.0,5091.31,
PR010309,2026-03-10,MANDI049,Sirsa,Mustard,5153.0,6272.81,5713.0,5650.0
PR006675,2026-08-06,MANDI009,Jalandhar,Mustard,5128.18,6203.86,5666.02,5650.0
PR007734,2026-06-24,MANDI041,Bathinda,Sugarcane,3645.0,4411.33,4028.41,3500.0
PR006846,2026-09-07,MANDI035,Ambala,Mustard,5063.18,5483.03,5273.0,
PR008835,2026-03-14,MANDI034,Moga,Narma,6311.0,6860.3,6585.43,6620.0
PR011115,2026-04-07,MANDI007,Kurukshetra,Sugarcane,3057.73,3712.0,3384.94,3500.0
PR007486,2026-04-29,,Fatehabad,Sarso,5443.34,6750.0,6096.43,5650.0
PR004880,2026-09-01,MANDI020,Ferozepur,Sugarcane,3544.16,4224.63,3884.0,3500.0
PR005178,2026-06-17,MANDI028,Fatehabad,चावल,2143.17,2369.0,2256.11,
PR006239,2026-04-28,MANDI055,Kurukshetra,Cotton,5851.56,7279.0,6565.05,6620.0
PR005196,2026-02-25,MANDI056,Amritsar,Cotton,5903.18,7305.9,6604.54,6620.0
PR005473,2026-02-03,MANDI033,Ambala,Sarso,4958.13,5333.1,5146.0,
PR004716,2026-01-04,MANDI048,Jalandhar,Cotton,6219.0,7603.34,,6620.0
PR001050,2026-02-07,MANDI043,Hisar,Mustard,5441.51,6560.58,6001.04,5650.0
PR006739,2026-06-22,MANDI057,Karnal,Cotton,5813.01,6502.0,6157.0,6620.0
PR000048,2026-07-08,MANDI009,Jalandhar,Cotton,6730.24,7559.26,7144.75,6620.0
PR008961,2026-04-18,MANDI031,Sirsa,Cotton,5777.0,6406.55,6091.6,6620.0
PR005588,2026-08-09,MANDI052,Moga,Cotton,6176.0,7599.0,6887.52,
PR003829,2026-02-23,MANDI015,Ludhiana,Ganne,3261.0,3605.26,3433.02,
PR007581,2026-07-01,MANDI041,Moga,Cotton,5920.0,6397.42,6158.94,
PR000144,2026-08-25,MANDI051,Ludhiana,Sugarcane,3324.0,,3499.71,3500.0
PR000711,2026-07-26,MANDI046,Ambala,Mustard,5460.0,6111.02,5785.52,
PR001763,2026-05-07,MANDI023,Fatehabad,Rice,1946.94,2209.87,2078.41,2183.0
PR002201,2026-08-02,MANDI019,Fatehabad,चावल,1971.46,2321.53,2146.0,
PR010036,2026-02-13,MANDI054,Moga,Mustard,5202.4,6131.21,5667.0,
PR004213,2026-06-08,MANDI052,Ferozepur,Narma,6701.0,,7117.23,6620.0
PR007331,2026-03-31,MANDI025,Jalandhar,Wheat,2100.09,2413.21,2256.65,2275.0
PR011721,2026-08-18,MANDI056,Moga,Cotton,6030.0,6871.7,6451.03,6620.0
PR000117,2026-05-06,MANDI011,Bathinda,Maize,1989.5,2201.25,2095.38,2090.0
PR002066,2026-05-26,MANDI036,Karnal,Cotton,6256.01,7220.0,6738.0,6620.0
PR004259,2026-02-06,MANDI019,Hisar,Mustard,4915.25,,5523.26,5650.0
PR002927,2026-01-25,MANDI015,Bathinda,Chawal,2233.0,2384.38,2308.0,2183.0
PR009986,2026-03-17,MANDI004,Ludhiana,Cotton,6300.52,7025.0,6663.0,6620.0
PR007029,2026-12-07,,Jalandhar,Wheat,2204.0,2470.0,2336.75,2275.0
PR008312,2026-08-08,MANDI020,Ambala,Mustard,5808.0,6992.0,6400.22,5650.0
PR007866,2026-02-27,MANDI049,Bathinda,Narma,6756.41,7461.99,,6620.0
PR008143,2026-03-22,MANDI044,Bathinda,Sarso,5463.7,,5746.0,5650.0
PR001714,2026-09-02,MANDI011,Bathinda,Maize,1805.7,2011.08,1908.39,2090.0
PR010313,2026-04-18,MANDI015,Karnal,Sarso,5049.59,5787.84,5418.72,5650.0
PR008243,2026-04-30,MANDI014,Hisar,Rice,1936.0,2403.0,2170.0,2183.0
PR001568,2026-04-06,MANDI034,Kurukshetra,Sarso,4892.0,5346.07,5119.0,5650.0
PR006092,2026-02-24,MANDI034,Hisar,Rice,1862.94,2327.64,2095.29,
PR010130,2026-03-03,MANDI037,Bathinda,Wheat,2171.0,2652.0,2411.31,2275.0
PR002679,2026-03-22,MANDI051,Moga,Cotton,6397.56,7803.0,7100.0,
PR007370,2026-08-12,MANDI054,Sirsa,Wheat,2243.0,2778.91,2511.0,2275.0
PR009883,2026-05-28,MANDI024,Patiala,Wheat,,2630.32,2472.93,2275.0
PR000145,2026-05-30,,Bathinda,Maize,1999.52,2494.0,2246.91,
PR007541,2026-02-23,MANDI014,Moga,Maize,1877.51,2147.0,2012.0,2090.0
PR004991,2026-01-08,MANDI027,Hisar,Wheat,2313.1,2542.68,2427.89,2275.0
PR006213,2026-04-25,MANDI001,Moga,Mustard,4898.22,5152.18,,5650.0
PR000651,2026-08-30,MANDI039,Moga,Cotton,6506.41,7366.07,6936.24,6620.0
PR006931,2026-07-26,MANDI029,Kurukshetra,Rice,2238.18,2454.04,2346.0,2183.0
PR005125,2026-02-14,MANDI020,Ferozepur,Narma,5903.02,7336.0,6619.43,6620.0
PR003362,2026-03-05,MANDI009,Bathinda,Wheat,2103.3,,2205.0,
PR006383,2026-06-17,MANDI054,Ludhiana,Mustard,4945.28,5577.0,5261.34,5650.0
PR000137,2026-01-08,MANDI057,Fatehabad,Cotton,5927.67,6880.0,6404.0,6620.0
PR009404,2026-06-20,MANDI055,Karnal,Wheat,2282.0,2603.63,2443.0,2275.0
PR006378,2026-07-26,MANDI039,,Sugarcane,3558.22,3779.8,3669.01,3500.0
PR006537,2026-01-19,MANDI020,Bathinda,Cotton,5666.0,6664.25,,6620.0
PR000908,2026-02-05,MANDI035,Jalandhar,Makki,1903.1,,2131.82,2090.0
PR009614,2026-08-26,MANDI047,Sirsa,Rice,2123.0,2310.99,2216.75,2183.0
PR003749,2026-07-26,MANDI017,Hisar,Wheat,,2701.81,2445.96,2275.0
PR000200,2026-03-13,MANDI034,Kurukshetra,Mustard,5371.37,6711.31,,5650.0
PR007827,2026-05-11,MANDI048,Ludhiana,Sugarcane,3475.0,3768.0,3621.42,3500.0
PR010859,2026-06-15,MANDI033,Hisar,Cotton,6410.0,7019.99,6715.11,6620.0
PR002685,2026-07-18,,Patiala,Maize,1989.27,2123.29,2056.28,2090.0
PR010337,2026-06-14,MANDI016,Sirsa,Maize,2028.12,2477.82,2252.97,2090.0
PR001000,2026-07-11,MANDI006,Amritsar,Wheat,1962.7,2210.73,2086.71,
PR006822,2026-05-01,MANDI030,Sirsa,Maize,2171.0,2577.25,2374.01,2090.0
PR011174,2026-01-06,MANDI035,Ambala,Cotton,6140.0,7317.0,6729.0,
PR004032,2026-04-20,MANDI054,Hisar,Cotton,6419.0,7554.32,6986.73,
PR009881,2026-01-14,MANDI047,Amritsar,Cotton,6816.44,8440.98,7628.71,6620.0
PR011488,2026-06-24,MANDI001,Bathinda,Mustard,5397.27,6190.0,5793.67,5650.0
PR011232,2026-07-14,MANDI057,Ambala,Sugarcane,3378.0,3932.25,3655.13,3500.0
PR006768,2026-07-03,MANDI005,Ludhiana,Wheat,1951.0,,2008.42,2275.0
PR008306,2026-06-12,,Jalandhar,Maize,2124.21,,2264.82,2090.0
PR002755,2026-09-01,MANDI016,Patiala,Maize,2087.0,2374.34,2230.71,2090.0
PR004859,2026-03-30,MANDI008,Moga,Sugarcane,3656.0,4312.96,3984.46,
PR004562,2026-08-03,MANDI043,Sirsa,Sugarcane,3338.0,3535.0,3436.0,3500.0
PR004967,2026-02-14,MANDI021,Ferozepur,Rice,1998.29,2326.66,2162.48,2183.0
PR006158,2026-07-12,MANDI032,Patiala,Maize,1873.09,2089.11,1981.1,2090.0
PR005513,2026-02-02,MANDI007,Amritsar,Mustard,5589.0,6090.0,5839.09,5650.0
PR004584,2026-02-14,,Fatehabad,Maize,1943.94,2391.03,2167.49,2090.0
PR001399,2026-03-03,MANDI018,Patiala,Maize,1782.15,2111.93,1947.0,2090.0
PR007699,2026-07-10,,Jalandhar,Cotton,,7670.0,7280.0,
PR006523,2026-08-31,MANDI006,Karnal,Wheat,2189.33,2711.92,2450.62,
PR005535,2026-01-17,MANDI016,Patiala,चावल,,2700.07,2489.51,2183.0
PR010937,2026-01-15,MANDI048,Sirsa,Mustard,5897.0,6852.68,6374.9,5650.0
PR000217,2026-02-10,MANDI037,Moga,चावल,1974.0,2102.0,2038.24,2183.0
PR000436,2026-08-14,MANDI030,Bathinda,Narma,6029.35,6528.27,6279.0,6620.0
PR001261,2026-08-14,MANDI036,Amritsar,Maize,,2363.0,,
PR004720,2026-04-26,MANDI024,Ferozepur,Mustard,5053.0,6285.18,5669.0,5650.0
PR001258,2026-06-25,MANDI030,Moga,Wheat,2165.11,,2367.29,2275.0
PR000510,2026-08-28,MANDI013,Ferozepur,Cotton,6652.62,7700.89,7176.75,6620.0
PR008758,2026-04-04,,Hisar,Maize,2061.02,2185.0,2123.0,2090.0
PR000758,2026-03-24,MANDI047,Bathinda,Mustard,5893.96,6989.24,6441.6,5650.0
PR011892,2026-02-14,MANDI004,Patiala,Mustard,,,5096.54,5650.0
PR009784,2026-06-06,MANDI047,Ludhiana,Cotton,5649.8,,5917.77,6620.0
PR005080,2026-08-30,MANDI035,Karnal,Maize,1952.9,2211.0,2082.11,2090.0
PR002360,2026-03-11,MANDI022,Sirsa,Wheat,2019.83,2160.83,2090.33,2275.0
PR009240,2026-06-03,MANDI023,Karnal,Ganne,3201.6,3804.0,3502.94,3500.0
PR006079,2026-04-29,MANDI038,Jalandhar,Maize,2059.78,2453.0,2256.37,
PR010168,2026-04-03,MANDI004,Fatehabad,Maize,1990.83,2421.0,,2090.0
PR001792,2026-05-01,MANDI034,Hisar,Mustard,,7003.01,6452.67,
PR005970,2026-06-07,,Hisar,Rice,1856.21,1986.0,1921.0,2183.0
PR000038,2026-09-06,,Sirsa,Wheat,,2601.22,2424.04,2275.0
PR003147,2026-08-07,MANDI016,Kurukshetra,Maize,1795.0,2142.97,1969.0,2090.0
PR010287,2026-02-24,MANDI024,Sirsa,Sarso,5755.62,6242.85,5999.0,5650.0
PR011218,2026-08-01,,Karnal,Sugarcane,3179.2,3407.0,3293.0,3500.0
PR001471,2026-02-15,MANDI010,Karnal,Chawal,2062.33,2437.44,2249.88,
PR006359,2026-04-07,MANDI020,Patiala,Mustard,5354.59,5932.26,5643.0,
PR002810,2026-06-06,MANDI047,Sirsa,Maize,1907.0,2173.11,2040.0,2090.0
PR006753,2026-02-17,MANDI036,Patiala,Mustard,5283.53,5870.25,5577.0,5650.0
PR007819,2026-05-23,MANDI018,Moga,Cotton,5932.2,6351.5,6141.85,6620.0
PR010000,2026-07-19,MANDI048,Ambala,चावल,2239.92,2704.73,2472.32,2183.0
PR004121,2026-03-28,MANDI043,Patiala,Mustard,4875.8,5136.12,5006.0,
PR011017,2026-04-01,MANDI053,Jalandhar,Rice,2261.0,2442.91,2352.1,2183.0
PR007688,2026-08-05,MANDI040,Kurukshetra,Maize,2191.0,2497.0,2343.96,2090.0
PR011750,2026-03-26,MANDI016,Patiala,Narma,5711.88,6127.96,5919.92,6620.0
PR000606,2026-08-13,MANDI046,Hisar,Rice,2133.0,2446.06,2289.35,
PR007528,2026-02-13,MANDI055,Moga,Rice,1970.0,2346.55,2158.29,2183.0
PR010264,2026-07-30,MANDI056,Fatehabad,Maize,1813.43,2178.56,1996.0,2090.0
PR004683,2026-01-31,MANDI033,Kurukshetra,Makki,1896.0,2289.79,2093.07,2090.0
PR011716,2026-01-19,MANDI007,Amritsar,Sarso,5745.61,6609.39,6177.5,5650.0
PR004978,2026-08-09,MANDI012,Sirsa,Cotton,6379.0,7550.0,6964.0,6620.0
PR009454,2026-01-19,MANDI009,Ludhiana,Maize,1836.65,2123.63,1980.0,
PR002053,2026-01-28,MANDI045,Ferozepur,Rice,2064.0,2376.0,2220.17,2183.0
PR005192,2026-07-30,MANDI051,Patiala,Maize,2129.0,2479.42,2304.05,2090.0
PR003754,2026-07-29,MANDI016,Moga,Sugarcane,3673.57,4541.0,4107.26,3500.0
PR006403,2026-05-16,MANDI052,Jalandhar,Cotton,5806.84,6812.28,6309.56,6620.0
PR004986,2026-05-20,MANDI016,Bathinda,Makki,2194.01,2607.95,2400.98,2090.0
PR010379,2026-03-25,MANDI003,Moga,Sugarcane,3444.7,3965.01,3704.86,3500.0
PR004965,2026-06-19,MANDI011,Fatehabad,Cotton,,8069.0,7272.0,6620.0
PR003541,2026-01-15,MANDI011,Jalandhar,Rice,1856.16,2090.75,1973.46,
PR003532,2026-03-13,MANDI026,Amritsar,Sarso,5857.0,6941.7,6399.28,5650.0
PR008405,2026-03-14,MANDI004,Ludhiana,Chawal,2101.0,2497.2,2298.89,2183.0
PR006645,2026-04-17,MANDI050,Karnal,Cotton,6568.51,8128.0,7348.22,
PR011995,2026-02-23,,,Cotton,5964.97,6679.01,6322.0,6620.0
PR009825,2026-06-06,MANDI026,Hisar,Maize,,2484.8,2294.27,2090.0
PR011767,2026-01-06,,Ambala,Sugarcane,3444.0,3774.75,3609.34,3500.0
PR010510,2026-02-04,MANDI012,Patiala,Maize,2057.87,2395.0,2226.64,2090.0
PR006592,2026-07-25,MANDI032,Kurukshetra,Sarso,5395.01,6724.84,6059.92,5650.0
PR008444,2026-04-03,MANDI005,Moga,Maize,1817.05,2199.0,2008.18,2090.0
PR005057,2026-08-17,MANDI029,Kurukshetra,Sugarcane,3302.41,4071.28,3687.0,
PR003479,2026-01-06,MANDI004,Bathinda,Narma,6048.0,7422.0,6735.15,6620.0
PR008894,2026-06-05,MANDI012,Ludhiana,Wheat,2157.0,2420.52,2288.66,
PR002863,2026-07-22,MANDI030,Bathinda,Ganne,3459.81,4258.16,3859.0,3500.0
PR000469,2026-06-24,MANDI035,Ludhiana,Mustard,5454.0,6057.0,5755.2,
PR006201,2026-04-09,MANDI049,Moga,Cotton,6130.0,7390.67,6760.58,6620.0
PR002882,2026-01-24,MANDI054,Bathinda,Sarso,5780.07,6456.48,6118.0,5650.0
PR000660,2026-06-03,MANDI009,Ambala,Chawal,2062.0,2229.75,2146.0,2183.0
PR009329,2026-07-08,,Hisar,Mustard,5824.0,7252.24,6538.0,5650.0
PR011513,2026-09-08,MANDI034,Ambala,Cotton,5811.93,6139.99,5975.96,
PR001544,2026-08-07,MANDI050,Ferozepur,Sugarcane,3161.0,3515.29,3338.0,
PR007570,2026-05-08,,,Cotton,5744.79,6329.41,6037.1,6620.0
PR011166,2026-07-12,,,Wheat,2251.31,2487.62,2369.46,2275.0
PR009586,2026-03-16,MANDI002,Ludhiana,Sugarcane,3600.82,4236.85,,3500.0
PR005470,2026-07-28,MANDI039,Jalandhar,Ganne,2978.49,3445.0,3211.99,3500.0
PR003037,2026-02-07,MANDI051,Ferozepur,Sugarcane,3464.0,4151.85,3807.91,3500.0
PR003393,2026-05-22,MANDI026,Moga,Sugarcane,3524.0,4275.0,3900.0,
PR005953,2026-09-05,MANDI042,Sirsa,Makki,1882.0,2236.0,2058.88,2090.0
PR006144,2026-01-03,MANDI016,Ludhiana,Narma,6903.0,7869.61,7386.3,6620.0
PR000600,2026-12-06,MANDI010,Hisar,Sugarcane,3096.0,3681.04,,3500.0
PR006637,2026-05-02,MANDI054,Patiala,Wheat,2342.0,2713.29,2527.83,2275.0
PR002656,2026-02-04,MANDI041,Amritsar,Sugarcane,3320.7,3832.63,3577.0,3500.0
PR010242,2026-07-08,MANDI009,Fatehabad,चावल,1992.91,2124.18,2058.54,
PR011782,2026-01-05,MANDI041,Hisar,Mustard,5453.0,6269.0,5861.06,5650.0
PR000419,2026-07-16,MANDI002,Jalandhar,Mustard,5422.27,6339.0,5880.41,5650.0
PR007187,2026-08-19,MANDI022,Ferozepur,Ganne,3472.67,4205.0,3838.61,3500.0
PR008815,2026-04-15,MANDI032,Moga,चावल,2214.0,2635.43,2424.6,
PR004877,2026-04-14,MANDI040,Fatehabad,Sugarcane,3554.4,,3956.16,
PR005952,2026-06-14,,,Wheat,2039.42,2528.0,2283.59,2275.0
PR010611,2026-05-11,MANDI028,Hisar,Mustard,5261.69,6075.93,5669.0,
PR004779,2026-07-29,MANDI008,Ludhiana,Sugarcane,3192.28,3517.35,3355.0,3500.0
PR004106,2026-02-22,,Hisar,Rice,2115.23,2564.01,2339.62,2183.0
PR006284,2026-07-19,MANDI037,Ferozepur,Maize,1969.36,2431.04,2200.2,2090.0
PR011587,2026-01-27,MANDI038,Moga,Ganne,3116.24,3529.78,3323.01,
PR003355,2026-02-10,MANDI036,Kurukshetra,Wheat,1970.0,2432.31,2201.27,2275.0
PR002270,2026-03-12,MANDI001,Fatehabad,Mustard,5244.06,5938.22,5591.14,
PR004958,2026-06-06,MANDI038,Jalandhar,Wheat,2312.44,2483.98,2398.21,
PR009925,2026-07-21,MANDI028,Sirsa,Sugarcane,3630.19,4020.26,3825.23,
PR008159,2026-03-28,MANDI011,Kurukshetra,Wheat,2376.59,2761.43,,
PR009120,2026-05-09,MANDI021,Amritsar,Cotton,6463.0,6795.18,6629.12,
PR005504,2026-05-18,MANDI024,Patiala,Wheat,2006.27,2478.0,2241.99,
PR010727,2026-03-15,MANDI036,Ludhiana,Mustard,5823.44,6320.99,6072.21,5650.0
PR006696,2026-01-22,MANDI012,Ferozepur,Wheat,,2356.21,2178.0,2275.0
PR004085,2026-04-13,,Amritsar,Rice,1861.43,2155.0,2007.97,2183.0
PR001094,2026-05-25,MANDI026,Hisar,Sugarcane,3125.21,3568.71,3346.96,3500.0
PR011524,2026-01-26,MANDI041,Fatehabad,Cotton,6806.0,7702.0,7254.08,6620.0
PR000490,2026-07-15,MANDI002,Bathinda,Cotton,5932.8,6950.21,6441.5,6620.0
PR002804,2026-02-04,MANDI022,Ferozepur,Mustard,5853.13,7092.87,6473.0,5650.0
PR010676,2026-05-23,MANDI017,Ambala,Cotton,6666.92,7561.42,7114.17,6620.0
PR002336,2026-08-31,MANDI040,Ferozepur,Maize,1900.84,2317.08,2108.96,2090.0
PR002078,2026-08-05,MANDI057,Fatehabad,Rice,1996.0,2294.0,2145.0,2183.0
PR002898,2026-11-06,MANDI033,Ludhiana,Wheat,2274.5,2489.95,,2275.0
PR010610,2026-07-05,MANDI007,Kurukshetra,Rice,1926.18,2083.13,2004.65,
PR011973,2026-05-29,MANDI017,Amritsar,Wheat,,2673.95,2426.6,2275.0
PR006437,2026-08-14,MANDI019,Ludhiana,Maize,2042.43,,2238.42,2090.0
PR003966,2026-07-06,MANDI016,Kurukshetra,Ganne,3396.64,3982.0,3689.51,3500.0
PR008831,2026-03-09,MANDI031,Ludhiana,Cotton,6226.97,6613.0,6420.21,
PR010045,2026-10-03,MANDI005,Moga,Rice,2234.0,2411.08,2322.29,2183.0
PR006952,2026-01-01,MANDI036,Kurukshetra,Rice,1988.0,2108.27,2048.06,2183.0
PR010077,2026-05-07,,Fatehabad,Sugarcane,3351.86,3868.0,3609.97,
PR002191,2026-04-17,MANDI026,Bathinda,Maize,2059.94,2522.17,2291.06,
PR006764,2026-07-10,MANDI041,Ferozepur,Wheat,2372.0,2951.79,2661.97,2275.0
PR000141,2026-08-12,MANDI044,Jalandhar,Wheat,1941.02,,2121.51,2275.0
PR006619,2026-05-31,,Jalandhar,Rice,,2194.32,2028.95,2183.0
PR010159,2026-08-06,MANDI042,Ludhiana,Maize,1814.4,2053.0,1933.46,2090.0
PR004983,2026-07-18,MANDI024,Hisar,Maize,1890.0,2117.21,2004.0,2090.0
PR001267,2026-01-06,MANDI003,Patiala,Cotton,6204.58,7733.29,6968.93,6620.0
PR007494,2026-08-20,MANDI036,Ferozepur,Narma,5688.0,6899.0,6293.56,6620.0
PR008866,2026-06-23,MANDI002,Ludhiana,Rice,2087.89,2254.96,2171.0,
PR003002,2026-07-26,MANDI007,Jalandhar,Maize,1841.0,2057.18,1949.0,
PR007530,2026-01-05,MANDI015,Sirsa,Cotton,6794.0,8041.0,7417.42,6620.0
PR003137,2026-07-18,MANDI053,Moga,Sarso,5209.0,6469.96,5839.31,5650.0
PR005596,2026-04-06,MANDI031,Sirsa,Cotton,5651.75,6942.0,6296.89,6620.0
PR000846,2026-02-03,MANDI008,Patiala,चावल,,2292.41,,2183.0
PR011147,2026-02-01,MANDI040,Ferozepur,Sugarcane,3148.9,3575.0,3361.83,3500.0
PR008152,2026-03-30,MANDI032,Ludhiana,Sugarcane,3159.0,3364.76,3261.79,
PR000034,2026-03-27,MANDI015,Kurukshetra,Wheat,2255.18,2803.7,2529.44,
PR003753,2026-06-03,MANDI027,Karnal,Cotton,5870.0,6902.0,6386.0,6620.0
PR010729,2026-08-31,MANDI045,Bathinda,Rice,1862.04,2140.0,2001.03,2183.0
PR003215,2026-08-24,MANDI020,Moga,Makki,1873.75,1988.0,1930.84,2090.0
PR008256,2026-07-08,MANDI031,Kurukshetra,Rice,2285.31,2734.63,2509.97,
PR005996,2026-04-13,MANDI011,Ludhiana,Narma,6532.79,7034.0,6783.0,6620.0
PR004222,2026-01-25,MANDI056,Hisar,Mustard,5176.93,6450.74,5813.83,5650.0
PR003874,2026-04-19,MANDI054,Jalandhar,Ganne,3155.0,3615.46,3385.0,
PR009667,2026-01-18,,,Rice,2217.4,2728.0,2472.6,2183.0
PR007633,2026-01-14,MANDI019,Ferozepur,Mustard,5418.0,5991.83,5705.13,5650.0
PR000939,2026-01-26,MANDI030,Ludhiana,Maize,1835.0,2108.0,1971.49,2090.0
PR005505,2026-07-01,MANDI043,Amritsar,Rice,1935.66,2182.56,2059.11,2183.0
PR005502,2026-02-25,MANDI038,Amritsar,Rice,2064.0,2216.14,2140.27,2183.0
PR007973,2026-06-11,MANDI046,Amritsar,Rice,2139.9,2250.66,2195.28,2183.0
PR008755,2026-05-05,MANDI037,Sirsa,Wheat,2293.24,2800.0,2547.0,2275.0
PR006670,2026-01-08,MANDI027,Patiala,Rice,1942.66,2277.85,2110.0,2183.0
PR001919,2026-05-25,MANDI037,Fatehabad,Makki,1882.0,2022.99,1952.43,2090.0
PR004465,2026-03-18,MANDI006,Patiala,Mustard,4974.42,5783.13,5379.0,
PR007828,2026-01-20,MANDI019,Fatehabad,Rice,2284.0,2846.0,2564.85,
PR009342,2026-04-13,MANDI036,Moga,Sarso,5770.04,7174.0,6471.93,5650.0
PR001873,2026-03-30,MANDI048,Hisar,Mustard,,6605.0,5997.76,5650.0
PR007484,2026-09-05,,Sirsa,Cotton,6556.83,7955.09,7255.96,
PR001567,2026-02-10,MANDI011,Ludhiana,Maize,2079.0,2322.0,2200.0,2090.0
PR007156,2026-05-26,MANDI051,Jalandhar,Sugarcane,3558.43,4374.24,,3500.0
PR002269,2026-02-09,MANDI017,Fatehabad,Sugarcane,3270.96,3655.0,,3500.0
PR004706,2026-08-06,MANDI011,Patiala,Wheat,2107.0,2554.0,,
PR001095,2026-09-02,MANDI024,Bathinda,Rice,,2178.0,2072.64,
PR005690,2026-06-02,MANDI013,Ferozepur,Mustard,5288.2,6261.94,,5650.0
PR004345,2026-04-27,MANDI021,Moga,Wheat,2086.12,2474.82,2280.47,2275.0
PR007574,2026-07-12,MANDI033,Bathinda,Mustard,5568.0,6428.49,5998.26,5650.0
PR011124,2026-01-14,MANDI018,Sirsa,Cotton,6070.74,7547.65,,6620.0
PR004509,2026-02-17,MANDI008,Patiala,Maize,1794.49,2129.5,1962.0,2090.0
PR007634,2026-02-15,MANDI024,Karnal,Rice,2231.0,2571.62,2401.0,2183.0
PR000974,2026-06-19,MANDI019,Patiala,Cotton,6193.34,7095.59,6644.47,6620.0
PR009544,2026-08-26,MANDI027,Hisar,Cotton,6242.0,,6538.0,6620.0
PR004294,2026-04-18,,Kurukshetra,Cotton,6476.0,7963.75,7219.79,
PR007823,2026-05-12,MANDI018,Ferozepur,Sugarcane,,3842.56,3641.76,3500.0
PR011420,2026-06-21,MANDI022,Kurukshetra,Mustard,,6109.89,5946.0,5650.0
PR007415,2026-05-07,MANDI002,Ferozepur,Sarso,4825.29,5518.71,5172.0,5650.0
PR007151,2026-01-20,,,Maize,2189.84,2469.25,2329.54,2090.0
PR010576,2026-08-28,MANDI025,Jalandhar,Rice,2221.0,2450.15,2335.53,2183.0
PR001149,2026-01-09,MANDI049,Muzaffarnagar,Maize,,2540.51,2307.0,2090.0
PR001107,2026-01-14,MANDI006,Ferozepur,Rice,2024.0,2199.05,2111.61,2183.0
PR011267,2026-07-15,MANDI019,Moga,Cotton,6871.32,8493.8,7682.56,6620.0
PR004862,2026-05-21,MANDI019,Hisar,Cotton,5764.77,6576.27,6170.52,6620.0
PR005924,2026-08-29,,Ludhiana,Sugarcane,3067.32,3764.03,3415.67,
PR003022,2026-03-17,,Sirsa,Wheat,2135.04,,2275.96,2275.0
PR002974,2026-01-11,MANDI007,Hisar,Wheat,2242.77,2433.0,2337.77,2275.0
PR001415,2026-04-12,MANDI029,Ferozepur,Rice,2098.97,,2278.0,2183.0
PR004408,2026-05-15,,Ferozepur,Maize,1969.09,2288.15,2128.62,2090.0
PR000532,2026-07-24,,Karnal,Rice,1920.22,2281.56,2101.0,2183.0
PR003903,2026-04-03,MANDI017,Hisar,Cotton,6908.89,7656.28,,6620.0
PR004897,2026-05-27,MANDI017,Fatehabad,Wheat,2205.0,2738.48,2472.0,2275.0
PR005103,2026-01-07,MANDI005,Moga,Chawal,2270.74,2810.05,2540.4,
PR010821,2026-08-20,MANDI040,Ferozepur,Cotton,6031.89,6990.81,6511.0,6620.0
PR001827,2026-08-23,MANDI049,Ferozepur,Rice,2213.7,2732.0,2473.0,2183.0
PR010746,2026-07-13,MANDI027,Kurukshetra,Cotton,5805.0,7014.0,6409.0,6620.0
PR009422,2026-08-13,MANDI024,Sirsa,Cotton,5674.0,6942.0,6308.0,
PR003237,2026-03-08,MANDI007,Patiala,Cotton,6727.09,,,6620.0
PR008573,2026-01-24,MANDI047,Muzaffarnagar,Maize,1917.0,2194.73,2056.0,2090.0
PR009566,2026-03-14,MANDI017,Patiala,Wheat,2265.99,2636.7,2451.35,2275.0
PR007768,2026-03-25,MANDI004,Kurukshetra,Maize,1850.0,2079.0,1964.75,2090.0
PR010926,2026-04-18,MANDI010,Ferozepur,Wheat,2015.0,2150.93,2083.0,2275.0
PR005825,2026-03-14,MANDI028,Ambala,Cotton,6593.04,8046.0,7319.63,6620.0
PR005947,2026-02-07,MANDI052,Hisar,Maize,2121.99,2368.0,2245.16,2090.0
PR011480,2026-07-23,MANDI050,Muzaffarnagar,Mustard,5733.0,7041.0,6387.1,
PR009002,2026-05-17,MANDI014,Sirsa,Cotton,6201.0,6523.95,6362.48,6620.0
PR005695,2026-01-30,MANDI041,Ambala,Wheat,1972.07,2230.88,2101.48,2275.0
PR003750,2026-06-11,,Hisar,Cotton,6261.62,6890.0,6576.0,6620.0
PR006652,2026-02-08,MANDI050,Ambala,Rice,2211.0,2689.0,2449.59,2183.0
PR007964,2026-07-28,MANDI054,Fatehabad,Rice,2169.13,2631.0,2399.93,2183.0
PR010812,2026-09-02,,Moga,Makki,1840.0,2120.0,1979.96,2090.0
PR011911,2026-07-23,MANDI023,Patiala,Cotton,6616.61,6953.88,6785.25,6620.0
PR011355,2026-06-16,MANDI057,Ambala,Ganne,2979.08,3197.0,3088.14,
PR001192,2026-05-17,MANDI051,Moga,Ganne,3480.0,3685.66,3583.0,3500.0
PR005575,2026-02-06,MANDI055,Bathinda,Chawal,1872.0,1997.0,1935.0,
PR005534,2026-01-19,MANDI036,Ambala,Maize,2134.64,2628.82,2381.73,2090.0
PR003400,2026-01-19,MANDI021,Ferozepur,Ganne,3174.0,3546.0,,3500.0
PR008675,2026-09-07,MANDI043,Jalandhar,Sugarcane,3593.0,3784.86,,
PR002530,2026-03-21,MANDI046,Kurukshetra,Chawal,1966.0,2391.0,2178.65,2183.0
PR001984,2026-08-26,,Ambala,Sugarcane,3026.0,3339.18,3182.77,
PR001299,2026-03-06,MANDI020,Moga,Maize,1929.33,2155.12,2042.0,2090.0
PR011802,2026-02-12,,Moga,Mustard,4943.0,5518.2,5230.57,
PR003699,2026-04-29,MANDI025,Karnal,Sugarcane,3409.0,3655.0,3531.8,3500.0
PR005943,2026-05-20,MANDI050,Sirsa,Cotton,5651.66,,5864.73,6620.0
PR006747,2026-08-03,MANDI017,Bathinda,Ganne,3598.23,4483.73,4041.0,3500.0
PR001159,2026-03-03,MANDI027,Bathinda,Wheat,2225.0,2368.02,2296.67,2275.0
PR007179,2026-04-27,MANDI017,Moga,Maize,2188.0,2424.11,2305.97,2090.0
PR009703,2026-03-30,MANDI053,Moga,Cotton,6790.52,7686.0,7238.4,6620.0
PR005109,2026-01-09,MANDI050,Muzaffarnagar,Cotton,6799.0,7306.0,7052.14,6620.0
PR004613,2026-05-29,MANDI054,Sirsa,Maize,2120.73,2228.29,2174.51,2090.0
PR000166,2026-01-19,,Fatehabad,Cotton,5664.0,6462.13,6063.28,
PR003384,2026-03-28,MANDI053,Moga,Cotton,6108.0,7627.73,6867.93,6620.0
PR002694,2026-01-02,MANDI008,Ferozepur,Rice,1931.31,,2087.26,2183.0
PR001550,2026-02-28,MANDI034,Ambala,Mustard,5125.56,6095.15,5610.36,5650.0
PR003649,2026-01-29,,,Wheat,2078.65,2590.26,2334.45,2275.0
PR011888,2026-02-12,MANDI006,Ambala,Mustard,5645.7,6530.0,6087.82,5650.0
PR000440,2026-04-23,MANDI036,Kurukshetra,Maize,2153.0,2315.0,2234.0,
PR005003,2026-08-25,MANDI030,Kurukshetra,Narma,6251.73,6574.0,6413.0,6620.0
PR007904,2026-05-06,MANDI039,Ludhiana,Makki,2111.62,2484.0,2297.59,2090.0
PR005935,2026-05-07,,Hisar,Cotton,6172.0,7665.82,6919.0,6620.0
PR011472,2026-04-18,MANDI042,Moga,Mustard,4918.0,5482.77,5200.0,
PR010651,2026-07-28,MANDI002,Karnal,Mustard,5401.41,6139.0,5770.0,5650.0
PR006514,2026-01-25,MANDI028,Moga,Narma,6097.75,7068.39,6583.07,6620.0
PR006889,2026-08-11,MANDI029,Sirsa,Maize,1914.82,2149.93,2032.38,2090.0
PR002716,2026-05-20,MANDI042,Jalandhar,Sarso,5333.62,6002.0,5668.0,
PR008556,2026-05-24,MANDI051,Fatehabad,Wheat,2294.0,2577.09,2436.0,2275.0
PR011627,2026-05-27,MANDI008,Bathinda,Maize,2093.0,2375.43,2234.11,2090.0
PR007814,2026-03-23,MANDI006,Fatehabad,Sugarcane,3073.5,3289.02,3181.0,
PR000641,2026-08-29,,Moga,Sarso,5607.06,6113.0,5860.17,5650.0
PR006812,2026-05-16,MANDI036,Ambala,Makki,2082.0,2517.3,2299.53,2090.0
PR004094,2026-04-17,MANDI004,Ludhiana,Maize,1926.78,2367.79,2147.28,2090.0
PR003684,2026-05-28,MANDI047,Moga,Sugarcane,3168.54,3533.0,3350.99,3500.0
PR000603,2026-02-10,MANDI022,Ferozepur,Rice,2011.87,2265.24,2138.56,
PR007039,2026-12-01,,Karnal,Sugarcane,3574.0,4209.06,3891.75,
PR000643,2026-01-28,MANDI020,Patiala,Sugarcane,3126.92,3733.51,3430.21,3500.0
PR009896,2026-06-22,MANDI034,Moga,Mustard,5506.0,6471.92,5989.0,5650.0
PR008202,2026-03-26,MANDI048,Muzaffarnagar,Sugarcane,,3974.54,3777.34,
PR006493,2026-04-03,MANDI041,Ludhiana,Rice,2029.95,2254.0,2142.08,
PR010184,2026-01-20,MANDI039,Ludhiana,Narma,6033.76,7157.25,6595.51,6620.0
PR006136,2026-06-20,MANDI035,Ambala,Mustard,5083.0,5568.23,5325.55,5650.0
PR003448,2026-05-02,MANDI022,Ambala,Cotton,6732.03,8353.23,7543.0,6620.0
PR000338,2026-08-04,MANDI044,Karnal,Maize,1932.61,2251.72,,2090.0
PR007772,2026-02-21,MANDI056,Ambala,Sugarcane,3604.17,4480.18,4042.0,3500.0
PR009967,2026-07-14,MANDI046,Karnal,Ganne,3421.0,,3635.0,3500.0
PR008793,2026-01-30,MANDI039,Amritsar,Maize,1937.32,2206.11,2072.0,2090.0
PR007000,2026-05-22,MANDI008,Karnal,Rice,2117.23,,2216.0,
PR002307,2026-01-01,,Patiala,Sugarcane,3470.52,3855.0,3662.98,3500.0
PR000188,2026-02-12,MANDI044,Kurukshetra,Cotton,,6792.45,6465.3,6620.0
PR005643,2026-09-02,,Ferozepur,Narma,6059.0,7302.0,6680.0,6620.0
PR009824,2026-06-07,MANDI049,Ludhiana,Cotton,,6798.0,6251.76,6620.0
PR007392,2026-02-19,MANDI024,Kurukshetra,चावल,2259.0,2397.41,2328.0,2183.0
PR009370,2026-08-24,MANDI006,Ambala,Maize,1865.0,2226.0,2045.47,2090.0
PR011340,2026-07-13,MANDI053,Patiala,Maize,1964.0,2366.91,2165.56,2090.0
PR007879,2026-08-10,,Patiala,Mustard,5107.02,5775.03,5441.02,5650.0
PR004124,2026-04-24,MANDI039,Amritsar,Wheat,2302.32,2860.0,2581.27,
PR006805,2026-04-18,MANDI015,Karnal,Narma,,6393.38,6133.03,
PR005249,2026-06-19,MANDI051,Jalandhar,Cotton,6164.04,7138.77,6651.41,6620.0
PR010819,2026-01-24,,Hisar,चावल,2075.0,2499.59,2287.18,2183.0
PR000736,2026-03-17,MANDI035,Moga,Wheat,2379.92,2922.0,2650.78,
PR008697,2026-04-02,MANDI032,Patiala,Cotton,5981.38,6687.58,6334.48,6620.0
PR010918,2026-03-23,MANDI012,Patiala,Makki,,2426.15,2189.0,2090.0
PR007418,2026-06-12,MANDI005,Amritsar,Mustard,5771.0,6629.0,6199.82,5650.0
PR003268,2026-07-12,MANDI021,Karnal,Wheat,2016.88,2218.0,2117.0,2275.0
PR003604,2026-08-27,MANDI002,Patiala,Wheat,2164.14,2500.91,2332.53,2275.0
PR007232,2026-07-27,MANDI014,Jalandhar,Maize,1893.81,2001.36,1947.58,2090.0
PR001017,2026-04-06,MANDI011,Patiala,Maize,1816.0,2069.59,,2090.0
PR009876,2026-02-09,MANDI016,Ludhiana,Maize,1877.58,2067.28,1972.43,2090.0
PR003818,2026-06-07,MANDI030,Sirsa,Mustard,5570.09,6582.53,6076.0,
PR000368,2026-08-20,MANDI048,Muzaffarnagar,Maize,1782.0,,,
PR009737,2026-09-04,MANDI028,Hisar,Sarso,5542.0,6832.0,6187.05,5650.0
PR006754,2026-03-15,MANDI038,Bathinda,Rice,2010.12,2409.31,2209.72,2183.0
PR005102,2026-08-22,MANDI055,Moga,Cotton,6181.0,6707.62,6444.56,6620.0
PR010071,2026-04-23,MANDI009,Kurukshetra,Rice,1958.0,2291.93,2125.0,2183.0
PR011785,2026-08-21,MANDI013,Ambala,Maize,2075.06,2271.81,2173.0,2090.0
PR003149,2026-03-20,MANDI015,Bathinda,Rice,2152.51,2283.72,2218.11,
PR010048,2026-01-28,MANDI037,Ludhiana,Cotton,,7619.93,7067.99,6620.0
PR008612,2026-08-01,MANDI015,Patiala,Mustard,5929.92,6613.1,,5650.0
PR000717,2026-08-07,MANDI028,Ferozepur,Sugarcane,3349.0,3617.0,3482.99,3500.0
PR004658,2026-09-04,MANDI051,Fatehabad,Ganne,3094.35,3865.22,3480.0,3500.0
PR000784,2026-08-23,MANDI004,Kurukshetra,Sarso,5269.66,6107.8,5689.0,5650.0
PR008162,2026-07-04,MANDI039,Amritsar,Maize,1821.0,2005.16,1913.17,
PR006313,2026-04-02,MANDI016,Bathinda,Narma,6820.63,7707.0,7263.84,6620.0
PR006677,2026-01-19,MANDI048,Bathinda,Wheat,2015.33,2129.08,2072.21,2275.0
PR011645,2026-06-21,MANDI046,Bathinda,Maize,1835.71,2292.33,2064.0,2090.0
PR008776,2026-03-04,,Kurukshetra,Wheat,2051.0,2366.0,2208.11,
PR000787,2026-04-22,MANDI034,Ambala,Cotton,6337.58,7664.05,7000.82,6620.0
PR009527,2026-03-16,MANDI042,Ambala,Maize,1985.23,2413.0,2199.0,
PR000389,2026-09-04,MANDI035,Hisar,Rice,2039.03,2151.16,2095.09,2183.0
PR000764,2026-01-07,,Fatehabad,Sarso,5392.94,6715.45,,
PR011684,2026-08-07,MANDI036,Kurukshetra,Rice,2134.0,2523.0,2328.45,2183.0
PR010988,2026-04-02,MANDI043,Hisar,Cotton,6049.9,7065.0,6557.35,6620.0
PR007503,2026-05-08,MANDI029,Ambala,Wheat,2243.0,2755.23,2499.0,2275.0
PR001503,2026-05-29,MANDI012,Ambala,Wheat,2198.81,2632.0,2415.46,2275.0
PR003286,2026-02-13,MANDI005,Jalandhar,Rice,2124.47,2389.0,2256.6,
PR009050,2026-04-26,MANDI044,Amritsar,Wheat,2225.0,2388.0,2306.0,2275.0
PR009820,2026-09-04,MANDI037,Jalandhar,Cotton,5664.0,6370.16,6016.86,6620.0
PR001078,2026-02-06,MANDI032,Ludhiana,Mustard,4945.57,,5300.83,5650.0
PR000282,2026-09-06,MANDI049,Ambala,Mustard,5261.74,5699.76,5481.0,5650.0
PR005400,2026-07-26,MANDI018,Fatehabad,Mustard,,6742.93,6237.0,
PR000120,2026-04-03,MANDI013,Ambala,Maize,1987.18,2272.0,2129.59,2090.0
PR008648,2026-07-26,MANDI054,Hisar,Wheat,2049.15,,2241.0,2275.0
PR004729,2026-09-04,MANDI017,Amritsar,Narma,6305.0,7457.04,6881.25,6620.0
PR009976,2026-01-02,MANDI005,Ambala,Wheat,2058.71,2320.25,2189.0,2275.0
PR003972,2026-08-14,MANDI008,Sirsa,Cotton,6049.82,7244.76,6647.29,6620.0
PR010656,2026-07-21,,Ludhiana,Sarso,5297.09,6229.29,5763.19,
PR009197,2026-04-08,MANDI015,Bathinda,Sugarcane,3241.23,3760.67,3501.0,3500.0
PR001655,2026-02-12,MANDI041,Ferozepur,Rice,1986.08,2456.85,2221.0,2183.0
PR004115,2026-01-01,MANDI055,Kurukshetra,Maize,2082.74,2593.6,2338.17,2090.0
PR011570,2026-08-28,MANDI009,Jalandhar,Wheat,2376.72,2597.68,2487.2,2275.0
PR001278,2026-08-03,MANDI051,Fatehabad,Sugarcane,3284.97,3946.5,3615.73,3500.0
PR009080,2026-04-05,MANDI042,Ambala,Cotton,5983.45,6477.0,6230.12,6620.0
PR009575,2026-04-12,MANDI046,Bathinda,Wheat,,2600.0,2429.01,2275.0
PR011354,2026-01-28,MANDI046,Fatehabad,Maize,2144.04,2452.44,2298.24,2090.0
PR000132,2026-07-13,MANDI050,Bathinda,Sugarcane,3393.65,4048.07,3720.86,3500.0
PR003855,2026-06-18,MANDI013,Ferozepur,Wheat,2137.09,2361.56,2249.0,2275.0
PR007917,2026-04-20,MANDI006,Hisar,Wheat,2155.42,2622.16,2388.79,2275.0
PR005323,2026-05-24,MANDI009,Hisar,Rice,2217.09,2697.0,2457.1,
PR010484,2026-02-20,MANDI026,Jalandhar,Mustard,5582.74,6951.8,6267.27,
PR000301,2026-04-27,MANDI042,Ambala,Maize,2121.0,2548.15,2334.73,2090.0
PR002448,2026-07-25,MANDI005,Sirsa,Sugarcane,,3791.78,3526.0,3500.0
PR004653,2026-03-31,MANDI055,Hisar,Cotton,6415.99,,6968.0,6620.0
PR006379,2026-03-08,MANDI009,Sirsa,Mustard,5112.1,5739.0,5425.52,5650.0
PR007208,2026-08-23,MANDI001,Ludhiana,Mustard,5367.93,6341.18,5855.0,5650.0
PR003285,2026-06-08,MANDI048,Fatehabad,Rice,1999.23,2427.0,2213.32,2183.0
PR000306,2026-06-05,MANDI057,Ludhiana,Rice,2060.25,,2158.4,
PR006864,2026-01-30,MANDI053,Jalandhar,Maize,2016.0,2186.33,2101.3,2090.0
PR005096,2026-08-01,MANDI024,Moga,Sugarcane,2998.65,3310.58,3154.62,3500.0
PR003558,2026-07-30,MANDI007,Karnal,Cotton,6234.0,7225.0,6730.0,6620.0
PR008120,2026-06-06,MANDI011,Patiala,Rice,2290.27,2543.91,2417.09,2183.0
PR007226,2026-07-09,MANDI043,Agra,Rice,2276.37,2410.58,,
PR009402,2026-01-08,MANDI055,Ferozepur,Sugarcane,3501.46,4275.8,3889.0,
PR000871,2026-05-12,MANDI007,Ambala,Rice,2104.0,2242.0,,2183.0
PR000109,2026-03-24,MANDI048,Amritsar,Rice,2126.0,2498.31,2312.0,
PR008432,2026-05-21,MANDI002,Ludhiana,Narma,6289.16,6947.44,6618.3,6620.0
PR005746,2026-01-28,MANDI007,Jalandhar,Rice,2218.31,2342.0,2280.28,2183.0
PR008744,2026-04-17,MANDI056,Fatehabad,Wheat,2168.0,2297.0,2233.0,
PR007129,2026-08-09,MANDI013,Ludhiana,Rice,2268.36,2814.69,2542.0,
PR002597,2026-08-30,MANDI040,Ludhiana,Sugarcane,3270.94,3532.0,3401.24,3500.0
PR008820,2026-07-25,MANDI005,Hisar,Wheat,2389.0,2929.35,2658.96,
PR010554,2026-05-29,MANDI016,Amritsar,Wheat,2339.5,2478.21,2408.85,2275.0
PR002833,2026-08-05,MANDI026,Bathinda,Mustard,5192.0,6384.0,5788.04,5650.0
PR003297,2026-03-01,MANDI009,Jalandhar,Wheat,2212.0,2474.87,2343.59,2275.0
PR002907,2026-05-11,MANDI002,Ambala,Cotton,6079.98,7084.1,6582.0,6620.0
PR005300,2026-08-27,MANDI020,Hisar,Cotton,6512.94,7125.0,6819.0,6620.0
PR001875,2026-07-23,MANDI045,Ludhiana,Sarso,4941.0,5949.72,5445.57,5650.0
PR003676,2026-01-29,MANDI056,Hisar,Cotton,6683.25,7364.57,7023.91,6620.0
PR004692,2026-05-09,MANDI049,Moga,Sugarcane,3367.86,3912.92,3640.0,3500.0
PR006639,2026-02-18,MANDI020,Ferozepur,Rice,2095.0,2538.68,2316.66,2183.0
PR006310,2026-06-26,MANDI035,Kurukshetra,Sugarcane,3524.0,3968.48,3746.39,3500.0
PR002107,2026-05-19,MANDI051,Amritsar,Narma,6538.56,7466.26,7002.41,6620.0
PR006836,2026-06-23,,Ambala,Makki,2022.28,2454.21,2238.0,2090.0
PR002537,2026-02-23,MANDI009,Moga,Mustard,5493.68,5930.83,5712.0,
PR001593,2026-05-22,MANDI038,Jalandhar,Rice,2203.0,2611.0,2406.99,2183.0
PR006992,2026-08-04,MANDI051,Moga,Mustard,4971.84,,5246.74,5650.0
PR004430,2026-01-05,MANDI021,Ludhiana,Makki,1907.86,2353.88,2130.87,
PR002906,2026-06-23,MANDI046,Ferozepur,Sarso,5662.0,7021.65,6341.84,5650.0
PR005132,2026-07-28,MANDI020,Moga,Wheat,2046.31,2264.4,2155.35,2275.0
PR010571,2026-08-21,MANDI041,Ferozepur,Rice,1878.0,2110.15,1994.0,2183.0
PR006178,2026-01-31,MANDI028,Ambala,Mustard,5226.81,,5731.16,5650.0
PR009453,2026-05-19,MANDI035,Kurukshetra,Maize,2119.78,2562.74,2341.26,2090.0
PR004310,2026-07-07,,Ferozepur,Rice,1954.72,2193.9,2074.0,2183.0
PR008346,2026-03-04,MANDI054,Amritsar,Narma,6917.14,7839.0,7377.82,6620.0
PR002958,2026-05-14,MANDI017,Moga,Sugarcane,3087.0,3482.62,3285.06,3500.0
PR002703,2026-04-29,MANDI040,Fatehabad,Rice,2204.0,2383.5,2293.7,2183.0
PR007018,2026-04-14,MANDI007,Moga,Cotton,5869.15,6787.14,6328.0,6620.0
PR002184,2026-08-07,MANDI012,Fatehabad,Maize,2072.14,2556.0,2314.0,2090.0
PR006471,2026-05-03,MANDI004,Jalandhar,Chawal,1875.0,2098.1,1986.5,2183.0
PR001048,2026-03-15,MANDI023,Karnal,Ganne,3211.99,3567.61,3389.8,3500.0
PR010356,2026-07-23,MANDI017,Ludhiana,Cotton,6375.0,6743.86,6559.36,
PR011469,2026-04-08,MANDI012,Patiala,Maize,1836.83,2262.18,2050.0,2090.0
PR004972,2026-07-04,,Patiala,Wheat,2048.48,2409.0,2228.59,2275.0
PR008857,2026-08-13,MANDI006,Patiala,Rice,1876.37,2332.73,2105.0,2183.0
PR004083,2026-07-31,MANDI031,Hisar,Rice,2054.36,2188.81,2121.59,2183.0
PR002513,2026-07-11,MANDI009,Jalandhar,Rice,2264.37,2657.77,2461.0,2183.0
PR006525,2026-08-22,MANDI054,Hisar,Maize,,2221.31,2112.27,2090.0
PR003862,2026-06-19,MANDI015,Jalandhar,Narma,5999.4,,6428.0,
PR003768,2026-04-03,MANDI017,Amritsar,Sugarcane,3623.92,4234.7,3929.0,3500.0
PR003094,2026-08-19,MANDI034,Moga,Mustard,5475.27,6634.4,6054.83,
PR000233,2026-03-17,MANDI003,Amritsar,Rice,1855.84,2050.02,1953.0,2183.0
PR006724,2026-07-05,MANDI002,Ludhiana,Mustard,5294.79,5829.0,5562.0,5650.0
PR005294,2026-04-27,MANDI018,Jalandhar,Cotton,6257.74,7053.0,6655.0,
PR004931,2026-07-03,MANDI053,Saharanpur,Cotton,6692.38,,6948.11,
PR008853,2026-03-18,MANDI036,Hisar,Cotton,5877.25,6363.0,6120.25,6620.0
PR000075,2026-06-07,MANDI045,Ferozepur,Rice,2098.08,2599.16,2348.62,
PR006432,2026-03-16,MANDI053,Kurukshetra,Mustard,5128.41,6126.0,5626.99,
PR006233,2026-04-29,MANDI041,Patiala,Maize,1849.58,1992.89,1921.23,
PR007057,2026-08-12,MANDI014,Ludhiana,Wheat,2017.0,2201.78,2109.56,2275.0
PR002214,2026-03-28,MANDI039,Sirsa,Sugarcane,3650.0,4335.17,3992.48,3500.0
PR011167,2026-07-09,MANDI009,Bathinda,Mustard,5348.0,,5486.0,5650.0
PR005257,2026-10-07,MANDI053,Saharanpur,Mustard,,6813.98,6148.6,5650.0
PR007632,2026-05-20,MANDI057,Jalandhar,Sugarcane,3206.34,3961.51,3583.92,3500.0
PR010952,2026-09-07,MANDI057,Hisar,Wheat,2216.0,2717.0,2466.91,2275.0
PR005541,2026-05-21,,Jalandhar,Wheat,2242.98,2632.48,2437.73,2275.0
PR004911,2026-05-31,MANDI038,Jalandhar,Cotton,5815.0,7033.0,6423.81,6620.0
PR000065,2026-07-19,MANDI013,Ferozepur,Wheat,2252.79,2767.0,2509.65,2275.0
PR011371,2026-09-02,MANDI053,Sirsa,Narma,6392.0,7550.57,6971.0,
PR005468,2026-06-02,,,Mustard,5345.0,6002.0,5673.26,
PR004037,2026-07-01,,,Rice,2013.52,2495.99,2254.76,2183.0
PR011389,2026-06-11,MANDI037,Ferozepur,Mustard,4915.0,5339.0,5126.89,
PR004382,2026-01-03,MANDI051,Ambala,Makki,1957.6,2079.0,2018.27,2090.0
PR010948,2026-03-02,,Jalandhar,Wheat,2085.14,2597.0,2341.13,2275.0
PR008318,2026-09-08,MANDI052,Ferozepur,Rice,2213.19,2675.19,2444.19,2183.0
PR005517,2026-08-30,MANDI035,Hisar,Sugarcane,3533.0,3971.86,3752.62,3500.0
PR002346,2026-03-06,MANDI026,Sirsa,Chawal,1961.07,2067.14,2014.0,2183.0
PR003135,2026-04-07,MANDI021,Ferozepur,Sugarcane,3610.0,3912.96,3762.0,3500.0
PR003912,2026-02-07,MANDI034,Karnal,Sugarcane,,3748.7,,3500.0
PR004454,2026-05-10,MANDI051,Patiala,चावल,2103.05,2341.25,2222.15,2183.0
PR008548,2026-03-02,MANDI009,Jalandhar,Sugarcane,3453.0,4047.0,3750.05,3500.0
PR003402,2026-02-22,MANDI011,Sirsa,Maize,2005.33,2214.95,2110.14,2090.0
PR008307,2026-03-20,MANDI018,Ambala,Sugarcane,3120.46,3814.0,3467.0,
PR004406,2026-04-02,MANDI024,Patiala,Sugarcane,3165.77,3634.0,3400.02,3500.0
PR008275,2026-05-16,MANDI038,Hisar,Ganne,3004.17,,3253.42,3500.0
PR003350,2026-07-08,MANDI053,Jalandhar,Maize,1992.83,,2082.24,2090.0
PR002853,2026-09-06,MANDI028,Sirsa,Sugarcane,3060.59,3436.15,3248.0,
PR003224,2026-01-15,MANDI021,Jalandhar,Rice,2144.04,2282.12,2213.08,2183.0
PR002937,2026-05-02,MANDI015,Karnal,Maize,1907.71,2364.75,2136.23,
PR007160,2026-04-01,MANDI018,Karnal,Mustard,5442.99,6635.0,6038.98,5650.0
PR009111,2026-08-02,MANDI050,Amritsar,Rice,2172.36,2674.0,2423.0,2183.0
PR007569,2026-06-03,MANDI037,Patiala,Sugarcane,3146.74,3408.14,3277.44,
PR000479,2026-01-17,MANDI057,Hisar,Mustard,5721.6,6229.38,5975.49,5650.0
PR002265,2026-01-22,MANDI004,Patiala,Wheat,2034.36,2196.0,2115.36,2275.0
PR002893,2026-04-05,MANDI049,Bathinda,Sugarcane,3641.0,4408.0,4024.0,
PR008490,2026-02-10,MANDI035,Sirsa,Cotton,6341.51,7196.69,6769.1,6620.0
PR010848,2026-01-25,MANDI036,Amritsar,Maize,2053.86,2431.45,2242.65,2090.0
PR000497,2026-06-16,MANDI039,Ludhiana,Maize,2004.07,2361.91,2183.0,
PR008583,2026-06-05,MANDI055,Kurukshetra,Cotton,6515.19,7173.0,6844.0,6620.0
PR007558,2026-08-25,MANDI020,Hisar,Maize,1951.41,,2092.55,
PR003317,2026-04-18,MANDI027,Hisar,Mustard,,,6158.08,5650.0
PR011094,2026-04-10,MANDI042,Fatehabad,Ganne,3645.31,4444.0,4044.0,3500.0
PR006854,2026-06-01,MANDI029,Sirsa,Maize,2058.0,2559.69,2308.62,2090.0
PR009939,2026-02-28,MANDI045,Kurukshetra,Maize,1943.14,2359.53,2151.0,2090.0
PR006058,2026-08-05,MANDI026,Hisar,Maize,1801.52,1988.0,1895.0,
PR001224,2026-12-04,MANDI041,Ambala,Rice,2206.05,2460.0,2333.26,2183.0
PR001339,2026-04-08,MANDI020,Kurukshetra,Cotton,6563.55,7581.9,7072.73,6620.0
PR001741,2026-06-03,MANDI052,Patiala,Wheat,2042.03,2300.0,2171.12,2275.0
PR005672,2026-02-12,MANDI034,Ludhiana,Maize,1909.0,2196.0,2052.73,2090.0
PR000260,2026-04-15,MANDI049,Muzaffarnagar,Maize,1842.25,2235.0,2038.58,
PR007868,2026-02-01,MANDI031,Fatehabad,Mustard,5768.81,6809.44,6289.0,5650.0
PR001738,2026-06-04,MANDI052,Ferozepur,चावल,2285.22,2694.48,2489.85,2183.0
PR000757,2026-07-01,MANDI005,Ambala,Narma,6619.04,8081.43,7350.24,6620.0
PR002568,2026-07-18,MANDI045,Ferozepur,Maize,2109.14,2528.0,2318.37,2090.0
PR010341,2026-02-09,MANDI055,Karnal,Sugarcane,3155.0,3586.0,3370.29,3500.0
PR005385,2026-03-04,MANDI030,Bathinda,Maize,2099.34,2605.0,2352.31,
PR009378,2026-03-06,MANDI041,Fatehabad,Makki,2158.0,2507.58,,2090.0
PR009318,2026-01-01,,Amritsar,Maize,,2178.08,2056.85,
PR008472,2026-08-05,MANDI045,Sirsa,Sugarcane,3124.0,3514.28,3318.98,3500.0
PR001709,2026-02-25,MANDI040,Ludhiana,Maize,1815.72,2191.0,2003.0,2090.0
PR005710,2026-02-28,MANDI054,Saharanpur,Rice,2023.0,2399.0,2211.0,2183.0
PR010408,2026-06-01,MANDI021,Ferozepur,Maize,1914.0,2025.01,1969.26,2090.0
PR009520,2026-03-22,MANDI034,Amritsar,चावल,2251.54,2752.45,2501.99,2183.0
PR011953,2026-06-03,MANDI030,Sirsa,Wheat,1964.0,2328.11,2146.0,2275.0
PR011798,2026-05-16,MANDI019,Fatehabad,Narma,5781.07,7072.2,,6620.0
PR004892,2026-05-12,,,Wheat,1936.04,,2022.96,
PR002059,2026-04-09,MANDI003,Bathinda,Sugarcane,3389.58,3629.43,3509.51,3500.0
PR004267,2026-07-16,MANDI016,Jalandhar,Cotton,6746.04,7354.37,7050.21,6620.0
PR008720,2026-04-04,MANDI029,Ludhiana,Sugarcane,3370.64,3898.48,3635.0,
PR002006,2026-09-04,MANDI025,Hisar,Sugarcane,3472.0,4067.0,3769.61,3500.0
PR005651,2026-01-07,MANDI025,Patiala,Mustard,,6269.0,5929.0,5650.0
PR011010,2026-03-14,MANDI002,Karnal,Maize,2109.9,2609.0,2359.31,2090.0
PR011393,2026-04-16,MANDI031,Ambala,Sugarcane,,4019.5,3674.51,3500.0
PR011945,2026-08-14,MANDI013,Sirsa,Rice,1964.3,2438.0,2201.38,2183.0
PR007757,2026-08-28,MANDI024,Sirsa,Cotton,6070.29,6604.9,,6620.0
PR001129,2026-01-28,MANDI011,Ludhiana,Maize,1975.55,2106.32,2040.94,2090.0
PR000782,2026-03-14,MANDI013,Jalandhar,Maize,1949.1,2367.52,2158.31,2090.0
PR009220,2026-07-07,MANDI012,Ambala,Cotton,5705.07,,6350.13,6620.0
PR008650,2026-01-22,MANDI056,Ferozepur,Cotton,6621.0,7937.0,7279.0,
PR001335,2026-07-14,MANDI055,Kurukshetra,Narma,6915.98,7892.0,7404.0,
PR001337,2026-08-26,MANDI002,Hisar,Cotton,6367.29,7881.74,7124.52,
PR009382,2026-06-02,MANDI032,Karnal,Cotton,6398.0,7095.87,,6620.0
PR000646,2026-05-07,MANDI024,Sirsa,Sugarcane,3595.3,4369.59,3982.44,3500.0
PR011070,2026-06-04,MANDI053,Saharanpur,Sugarcane,3362.97,3700.32,3532.0,
PR009533,2026-05-28,,Ambala,Narma,6381.23,6705.76,6543.0,6620.0
PR005813,2026-02-08,MANDI022,Jalandhar,Wheat,2106.0,2320.0,2212.69,
PR009065,2026-05-28,MANDI015,Sirsa,Wheat,2134.73,2268.0,2201.0,2275.0
PR008485,2026-03-17,MANDI026,Ludhiana,Narma,6297.36,7416.11,6856.73,6620.0
PR004417,2026-01-12,MANDI057,Jalandhar,Narma,6599.0,7111.58,6855.17,6620.0
PR006151,2026-03-04,MANDI057,Patiala,Ganne,3296.58,3614.0,,3500.0
PR006517,2026-06-06,MANDI019,Hisar,Chawal,2235.54,2637.0,2436.08,2183.0
PR001886,2026-08-03,,Fatehabad,Ganne,3568.28,4192.88,3880.58,
PR009623,2026-08-20,MANDI035,Ambala,Sugarcane,3312.62,4076.9,3694.76,
PR002243,2026-08-26,MANDI056,Jalandhar,Rice,2259.0,2455.55,2357.38,2183.0
PR010018,2026-06-15,MANDI033,Ambala,Sugarcane,3614.72,3968.0,3791.36,
PR011496,2026-02-23,MANDI004,Ludhiana,Wheat,2087.35,2252.0,2169.48,2275.0
PR003586,2026-08-22,,Hisar,Wheat,2299.05,2787.0,2542.93,2275.0
PR000768,2026-05-22,MANDI049,Bathinda,Mustard,4922.11,6021.96,5472.0,5650.0
PR001836,2026-01-11,MANDI019,Moga,Rice,2104.0,2529.04,2316.76,2183.0
PR005985,2026-05-28,,Moga,Cotton,5867.7,6972.31,6420.0,
PR010030,2026-05-19,MANDI042,Amritsar,Cotton,6473.0,7539.95,7006.0,6620.0
PR000414,2026-01-06,MANDI010,Moga,Sugarcane,3509.19,3844.62,3676.91,3500.0
PR011227,2026-03-12,MANDI018,Ambala,Chawal,2030.81,2174.72,2102.76,2183.0
PR000322,2026-07-02,MANDI035,Ferozepur,Cotton,5701.56,6101.0,5901.31,6620.0
PR005004,2026-06-10,MANDI052,Saharanpur,Ganne,3373.41,3577.69,3476.0,3500.0
PR010655,2026-01-12,MANDI015,Kurukshetra,Chawal,2038.86,2510.2,2274.53,2183.0
PR009331,2026-02-02,MANDI038,Kurukshetra,Maize,2159.0,2337.59,2248.08,2090.0
PR007750,2026-08-30,MANDI003,Ludhiana,Rice,2125.0,2609.55,2367.07,2183.0
PR000777,2026-08-22,MANDI038,Amritsar,Wheat,2007.0,2367.0,2187.0,2275.0
PR006930,2026-05-27,,Bathinda,Mustard,5824.52,7029.02,,5650.0
PR000215,2026-04-26,MANDI022,Bathinda,Wheat,2220.73,2698.44,2460.0,
PR009741,2026-03-07,MANDI043,Fatehabad,Wheat,2388.49,2679.87,2534.0,2275.0
PR010401,2026-08-20,,Bathinda,Maize,2019.13,2140.59,2079.86,2090.0
PR000446,2026-06-27,MANDI005,Amritsar,Rice,2080.49,2532.79,2306.64,2183.0
PR005665,2026-04-10,MANDI025,Kurukshetra,Rice,2194.74,,2295.0,2183.0
PR002351,2026-03-02,MANDI048,Hisar,Mustard,5210.04,,5411.0,5650.0
PR001670,2026-01-19,MANDI036,Amritsar,Wheat,2054.57,,2273.0,
PR001079,2026-04-27,MANDI023,Ambala,Mustard,5909.04,6618.51,6263.78,
PR008938,2026-02-06,MANDI016,Jalandhar,Mustard,5709.09,6540.94,6125.02,
PR007616,2026-06-05,MANDI030,Sirsa,Cotton,6451.9,7363.0,6907.7,
PR007817,2026-08-15,,,Cotton,5647.82,6166.98,5907.0,6620.0
PR005610,2026-07-01,MANDI038,Amritsar,Mustard,5483.06,6128.37,5805.71,5650.0
PR002919,2026-08-28,MANDI057,Bathinda,Mustard,5067.24,5550.24,5308.74,5650.0
PR007554,2026-03-31,MANDI043,Agra,Wheat,2208.76,2646.0,2427.23,
PR009294,2026-07-01,MANDI044,Moga,Rice,2117.82,2434.76,2276.29,2183.0
PR001530,2026-06-30,MANDI005,Amritsar,Rice,2248.0,2760.28,,
PR005119,2026-01-18,MANDI038,Ferozepur,Cotton,5800.0,6858.08,6328.95,6620.0
PR005214,2026-03-27,MANDI009,Jalandhar,Cotton,6610.02,7980.71,7295.36,6620.0
PR008373,2026-07-20,MANDI025,Ludhiana,Sugarcane,3099.0,3843.0,3471.28,3500.0
PR005144,2026-06-15,MANDI042,Amritsar,Wheat,2213.0,2344.39,2278.72,
PR002880,2026-01-31,MANDI002,Ferozepur,Maize,2048.78,2476.15,2262.47,
PR003103,2026-07-30,MANDI019,Patiala,Wheat,2197.29,2663.53,2430.41,2275.0
PR008290,2026-08-26,MANDI036,Ferozepur,Wheat,1934.0,2163.65,2049.0,2275.0
PR001420,2026-08-31,MANDI034,Bathinda,Maize,1879.47,2198.94,2039.2,2090.0
PR007378,2026-03-21,MANDI040,Jalandhar,Wheat,2275.1,2481.94,2378.52,2275.0
PR007351,2026-02-27,MANDI035,Ambala,Makki,1834.49,2140.33,1987.0,
PR005262,2026-04-23,,Ambala,Maize,1893.25,2228.63,2060.94,2090.0
PR001438,2026-04-16,MANDI052,Moga,Rice,1894.51,2155.0,2025.0,2183.0
PR008924,2026-04-29,MANDI006,Amritsar,Maize,1814.22,2132.0,1972.95,2090.0
PR005564,2026-04-29,MANDI019,Ambala,Mustard,5458.0,6731.07,6094.54,5650.0
PR000513,2026-07-04,MANDI004,Ferozepur,Sugarcane,3218.52,3545.78,3382.0,3500.0
PR004559,2026-05-30,MANDI056,Ambala,Cotton,6201.03,6852.04,6527.0,
PR006111,2026-07-23,MANDI027,Sirsa,Mustard,5375.41,5754.0,5564.92,5650.0
PR008786,2026-07-21,MANDI040,Ambala,Maize,1799.0,1890.92,1845.0,
PR001521,2026-07-21,MANDI024,Kurukshetra,Ganne,3192.0,3919.98,3555.83,3500.0
PR005625,2026-05-09,MANDI023,Ferozepur,Maize,2000.0,2229.49,2114.78,2090.0
PR008768,2026-06-29,MANDI047,Sirsa,Maize,2031.95,2496.63,2264.29,2090.0
PR000465,2026-04-15,MANDI019,Amritsar,Wheat,2172.0,2339.9,2256.0,2275.0
PR008809,2026-04-27,MANDI047,Bathinda,Wheat,2108.66,2349.93,2229.3,2275.0
PR000461,2026-02-12,MANDI035,Sirsa,Sugarcane,,3537.57,3421.68,3500.0
PR009693,2026-04-20,MANDI003,Kurukshetra,Mustard,5154.0,6061.0,5607.45,5650.0
PR001171,2026-06-21,MANDI047,Sirsa,Sugarcane,3426.74,3859.0,3643.0,3500.0
PR009310,2026-05-10,,Sirsa,Maize,1999.02,2247.0,2123.0,2090.0
PR005235,2026-05-15,MANDI021,Ferozepur,Sarso,5377.0,6197.53,5787.17,5650.0
PR007673,2026-08-16,MANDI023,Karnal,Rice,2155.58,2576.0,2365.77,2183.0
PR008590,2026-06-06,MANDI002,Hisar,Sugarcane,3169.28,3444.0,3307.0,3500.0
PR004513,2026-01-07,,Ferozepur,Rice,1989.55,2438.19,2214.0,
PR009092,2026-02-10,MANDI032,,Rice,1926.0,2173.49,2050.0,2183.0
PR005238,2026-01-31,MANDI055,Ferozepur,Rice,2189.33,2618.1,2403.71,2183.0
PR001164,2026-08-19,,,Mustard,5500.26,5903.0,5701.78,5650.0
PR011737,2026-05-26,MANDI053,Ambala,Wheat,2214.32,,2359.0,2275.0
PR001170,2026-03-24,MANDI031,Jalandhar,Rice,1958.64,,,2183.0
PR004427,2026-03-20,MANDI039,Ambala,Rice,,2663.43,2401.87,2183.0
PR010127,2026-08-05,MANDI052,Ludhiana,Wheat,2333.0,2460.35,,2275.0
PR009601,2026-03-12,MANDI033,Karnal,Wheat,,2509.97,2330.0,2275.0
PR008408,2026-08-09,MANDI025,Amritsar,Mustard,5321.95,5636.47,5479.0,5650.0
PR007566,2026-11-01,MANDI026,Jalandhar,Sugarcane,3472.78,3946.49,3709.63,3500.0
PR003787,2026-03-19,MANDI024,Patiala,Sugarcane,3470.94,4168.52,,3500.0
PR007685,2026-02-04,MANDI019,Ambala,Maize,2100.92,,2222.23,
PR011908,2026-01-01,MANDI021,Patiala,Mustard,5352.48,5804.0,5578.0,5650.0
PR002594,2026-05-30,MANDI005,Karnal,Wheat,2264.44,2655.0,2460.0,2275.0
PR009847,2026-08-04,MANDI046,Ambala,Wheat,2011.0,2371.0,2190.72,2275.0
PR009488,2026-05-04,MANDI020,Ludhiana,Cotton,6908.1,8345.0,7626.52,6620.0
PR000987,2026-09-07,MANDI017,Karnal,Mustard,5098.0,5913.0,5505.92,5650.0
PR001997,2026-02-27,MANDI019,Jalandhar,Maize,1849.0,2138.0,1993.57,2090.0
PR009233,2026-07-01,MANDI021,Ambala,Wheat,1995.0,2440.25,2217.46,
PR005966,2026-05-24,MANDI002,Ambala,Wheat,1938.0,2328.51,2133.25,2275.0
PR001845,2026-02-13,MANDI050,Ambala,Rice,,2653.5,2399.0,2183.0
PR003630,2026-06-03,MANDI026,Fatehabad,Mustard,4896.68,,5362.2,
PR000947,2026-02-18,MANDI004,Amritsar,Mustard,5066.23,6193.98,5630.11,5650.0
PR005058,2026-09-04,MANDI005,Amritsar,Sugarcane,2983.63,3392.93,3188.28,3500.0
PR006392,2026-02-23,MANDI037,Jalandhar,Sarso,5845.55,6536.0,6190.73,5650.0
PR002022,2026-01-13,,Kurukshetra,Mustard,5248.81,6157.0,5702.83,
PR000990,2026-08-08,,Moga,Sugarcane,3190.73,3563.0,3376.83,
PR002316,2026-08-14,MANDI025,Patiala,Wheat,2278.13,2606.84,2442.48,
PR010335,2026-08-24,MANDI047,Ludhiana,Wheat,,2824.0,,2275.0
PR003888,2026-01-13,MANDI016,Ferozepur,Wheat,1970.0,2447.71,2209.01,2275.0
PR002524,2026-08-28,MANDI046,,Mustard,5290.27,5644.55,5467.41,5650.0
PR011171,2026-03-07,MANDI007,Ferozepur,Cotton,5806.19,,6197.73,
PR011969,2026-04-23,MANDI026,Fatehabad,Mustard,5323.28,5781.92,,5650.0
PR011321,2026-01-08,MANDI032,Karnal,Mustard,5885.92,6737.0,6311.0,5650.0
PR003942,2026-02-13,MANDI030,Moga,Wheat,,2696.0,2458.0,2275.0
PR001801,2026-05-10,,Fatehabad,Wheat,2276.62,2393.05,2334.83,2275.0
PR008530,2026-08-25,MANDI035,Karnal,Wheat,2217.0,2768.23,2492.79,2275.0
PR005536,2026-05-30,MANDI049,Amritsar,Chawal,1936.45,2392.0,2164.02,2183.0
PR004385,2026-09-04,MANDI020,Hisar,Mustard,5369.65,6149.0,5760.0,
PR006568,2026-03-29,MANDI032,Ludhiana,Cotton,6789.5,7440.4,7114.95,
PR005018,2026-07-15,MANDI019,Kurukshetra,Sugarcane,3667.14,4219.0,3943.21,3500.0
PR005216,2026-03-31,MANDI020,Ludhiana,Maize,2072.45,2319.33,2196.0,
PR009528,2026-05-06,MANDI054,Sirsa,चावल,2122.25,2439.0,2280.8,2183.0
PR008963,2026-10-01,MANDI030,Ludhiana,Maize,2008.0,2454.0,2231.12,2090.0
PR008113,2026-01-18,MANDI013,Patiala,Wheat,2061.0,2488.09,2274.4,
PR002825,2026-07-07,MANDI007,Hisar,Cotton,6250.0,6879.85,6564.74,6620.0
PR001248,2026-09-05,MANDI033,Jalandhar,Cotton,6349.88,7726.37,7038.12,6620.0
PR006352,2026-01-16,MANDI046,,Wheat,2317.69,2689.24,2503.0,2275.0
PR009639,2026-07-16,,Moga,Cotton,5865.0,6169.93,6017.51,
PR006082,2026-02-07,MANDI052,Saharanpur,Sarso,4899.0,5934.11,5416.47,5650.0
PR009031,2026-02-16,MANDI032,Ludhiana,चावल,2094.53,2565.64,2330.0,2183.0
PR006129,2026-03-28,,Ferozepur,Cotton,6333.0,7583.0,6958.0,
PR007926,2026-05-15,MANDI044,Fatehabad,Maize,1850.74,2128.0,1989.26,2090.0
PR004415,2026-08-07,MANDI042,Moga,Rice,2225.0,2758.75,2492.1,
PR004273,2026-05-01,MANDI013,Ludhiana,Cotton,6341.64,7232.13,6786.88,6620.0
PR000376,2026-03-31,MANDI055,Ferozepur,Sugarcane,3310.89,3540.0,3425.23,3500.0
PR010607,2026-02-12,MANDI036,Moga,Mustard,5487.47,6651.0,6069.36,
PR002722,2026-01-09,,Ambala,Ganne,3534.0,3759.33,3646.69,3500.0
PR002886,2026-05-08,MANDI025,Hisar,Maize,2106.0,2449.0,2278.0,2090.0
PR000517,2026-07-01,,,Ganne,3263.01,4023.5,3643.25,3500.0
PR000944,2026-03-14,MANDI016,Jalandhar,Maize,2015.0,2361.38,2188.0,2090.0
PR007335,2026-04-18,MANDI048,Muzaffarnagar,Wheat,2007.0,2204.0,2105.75,2275.0
PR003553,2026-08-20,MANDI002,Patiala,Narma,5725.0,7143.5,6434.31,6620.0
PR005700,2026-03-08,MANDI046,Patiala,Rice,1993.2,,2150.01,2183.0
PR000889,2026-08-13,MANDI020,Karnal,Sugarcane,3170.0,3837.0,3503.47,
PR001930,2026-02-15,MANDI057,Karnal,Mustard,5453.72,5972.12,5712.92,
PR004480,2026-08-08,MANDI052,Sirsa,Maize,2014.29,2196.03,2105.16,
PR006900,2026-03-13,,Moga,Maize,1874.09,2205.0,2039.53,2090.0
PR007741,2026-04-18,MANDI012,Hisar,Cotton,6886.87,7256.0,7071.29,6620.0
PR003171,2026-08-08,,,Ganne,3603.59,4161.01,3882.3,3500.0
PR009190,2026-02-09,MANDI015,Ambala,Wheat,2065.86,2377.81,,2275.0
PR004808,2026-02-18,MANDI055,Amritsar,Wheat,1937.49,2407.18,2172.33,2275.0
PR000195,2026-03-11,MANDI035,Jalandhar,Cotton,6722.0,8166.21,7444.0,
PR005258,2026-11-08,MANDI051,Bathinda,Ganne,3050.2,3568.0,3309.28,3500.0
PR008340,2026-06-21,MANDI048,Amritsar,Rice,1941.08,2245.26,2093.17,
PR010596,2026-01-14,MANDI005,Moga,Sugarcane,2979.03,3496.82,3237.93,3500.0
PR008973,2026-09-08,MANDI041,Amritsar,Narma,6933.76,7925.91,7430.0,
PR009900,2026-04-13,MANDI051,Fatehabad,Wheat,2017.93,2330.0,2174.15,
PR001383,2026-02-06,MANDI057,Hisar,Maize,2169.24,2618.0,2393.52,2090.0
PR007198,2026-01-17,MANDI031,Fatehabad,Narma,6758.57,8190.55,7474.56,6620.0
PR011293,2026-03-20,MANDI029,Bathinda,Wheat,2001.0,2246.0,2123.56,
PR000655,2026-05-23,MANDI031,Ambala,Sugarcane,3367.47,3875.19,3621.33,3500.0
PR010126,2026-02-02,MANDI006,Jalandhar,Sugarcane,3136.0,3434.0,3285.14,3500.0
PR003563,2026-02-26,MANDI019,Ambala,Narma,6803.0,8501.78,7652.53,6620.0
PR008545,2026-05-11,MANDI025,Kurukshetra,Mustard,4830.2,6027.48,5428.84,5650.0
PR006835,2026-03-20,,Hisar,Wheat,2160.0,2533.0,2347.0,2275.0
PR006807,2026-01-08,MANDI034,Moga,Maize,2049.19,2314.08,2181.64,2090.0
PR006051,2026-03-08,MANDI056,Hisar,Cotton,5995.0,6454.05,6224.45,6620.0
PR001841,2026-01-12,,Ferozepur,Maize,1982.0,2404.0,2193.21,2090.0
PR004638,2026-08-26,MANDI051,Amritsar,Mustard,5231.46,6151.0,,5650.0
PR010316,2026-03-22,MANDI021,Ferozepur,Rice,2183.0,2668.88,2426.0,2183.0
PR010380,2026-03-21,MANDI050,Moga,Mustard,5133.98,5429.0,5281.0,5650.0
PR007702,2026-02-04,MANDI035,Ambala,Ganne,3327.63,3698.55,3513.09,3500.0
PR007249,2026-01-24,MANDI009,Ferozepur,Wheat,2012.0,2129.46,2071.0,2275.0
PR000679,2026-01-09,MANDI057,Fatehabad,Rice,1970.0,2460.65,2215.18,2183.0
PR006686,2026-01-14,MANDI005,Moga,Cotton,6003.64,6648.55,6326.09,6620.0
PR005347,2026-04-27,MANDI033,Ambala,Narma,6227.56,6651.09,6439.0,
PR007333,2026-03-01,MANDI049,Kurukshetra,Cotton,5737.0,6281.53,6009.49,6620.0
PR003019,2026-07-17,MANDI011,Ambala,Rice,2006.83,2496.43,2252.0,2183.0
PR003039,2026-08-20,,Sirsa,Sugarcane,3637.34,4471.98,4054.66,3500.0
PR008333,2026-07-28,,Fatehabad,Maize,1977.46,2195.0,2086.07,2090.0
PR007028,2026-02-19,MANDI011,Sirsa,चावल,2287.97,2782.77,2535.37,2183.0
PR008351,2026-07-20,,Bathinda,Cotton,6500.33,6885.0,6693.0,6620.0
PR005633,2026-08-09,MANDI015,Ferozepur,Rice,2287.18,2780.79,2533.99,2183.0
PR009330,2026-07-10,MANDI052,Jalandhar,Cotton,6487.52,7836.0,7162.0,6620.0
PR004895,2026-01-14,MANDI030,Fatehabad,Wheat,2016.25,2265.0,2140.5,2275.0
PR009669,2026-04-14,MANDI034,Bathinda,Cotton,6253.0,7072.86,6663.04,6620.0
PR000763,2026-07-18,MANDI054,Saharanpur,Wheat,2363.0,2742.81,2552.91,2275.0
PR010009,2026-03-11,MANDI047,Ludhiana,Maize,2041.46,2325.66,2183.56,2090.0
PR005220,2026-03-04,MANDI032,,Mustard,5667.13,6385.8,6026.46,
PR003027,2026-05-01,MANDI010,Fatehabad,Cotton,6321.15,6963.12,6642.14,6620.0
PR010150,2026-04-03,MANDI015,Amritsar,Mustard,,6360.77,5966.97,
PR005091,2026-07-08,MANDI008,Moga,Sugarcane,3121.66,3597.0,3359.36,3500.0
PR000568,2026-11-08,MANDI007,Karnal,Maize,1914.0,2018.9,1966.6,2090.0
PR011067,2026-08-02,MANDI038,Bathinda,Maize,2161.29,2346.89,2254.09,2090.0
PR006624,2026-01-31,MANDI045,Sirsa,Rice,2197.97,2538.98,2368.48,2183.0
PR000567,2026-02-05,,Ferozepur,Mustard,4885.21,5898.0,5391.59,5650.0
PR001720,2026-05-30,,Ambala,Wheat,2364.72,2487.36,2426.0,2275.0
PR004988,2026-01-17,MANDI051,Ferozepur,Sugarcane,3599.0,3866.0,3732.58,3500.0
PR008519,2026-07-17,MANDI054,Karnal,Maize,2158.0,2336.44,2247.0,2090.0
PR002329,2026-03-06,,,Maize,1864.52,2304.53,2085.0,2090.0
PR011116,2026-08-23,MANDI050,Karnal,Sarso,5437.0,6279.99,5858.0,5650.0
PR002301,2026-08-16,MANDI020,Karnal,Rice,1945.81,2394.0,2169.66,2183.0
PR004330,2026-08-31,MANDI047,Muzaffarnagar,Cotton,6296.63,7815.61,7056.0,6620.0
PR010703,2026-02-01,MANDI043,Ferozepur,Mustard,5562.0,6645.0,6103.33,5650.0
PR001912,2026-06-10,MANDI006,Patiala,Maize,2156.06,2504.0,2329.96,2090.0
PR003213,2026-05-16,MANDI025,Moga,Cotton,5951.0,,6682.0,6620.0
PR011014,2026-05-05,,Sirsa,Wheat,1979.61,,2098.62,2275.0
PR009467,2026-02-19,MANDI026,Ambala,Sugarcane,3293.1,3928.84,,3500.0
PR003503,2026-07-20,MANDI016,Bathinda,Sugarcane,3438.41,4221.0,3829.79,3500.0
PR010140,2026-07-09,MANDI014,Ambala,Wheat,2164.24,2326.85,2245.55,2275.0
PR001871,2026-08-18,,,Chawal,2144.85,2581.18,2363.01,2183.0
PR004664,2026-01-24,MANDI043,Kurukshetra,Rice,2198.0,2717.93,2457.75,2183.0
PR008410,2026-08-02,MANDI041,Fatehabad,Maize,2186.0,2703.0,2444.44,2090.0
PR002852,2026-01-23,MANDI022,Ambala,Sugarcane,,3994.73,3783.75,
PR002872,2026-05-13,MANDI034,Ludhiana,Cotton,6493.08,7782.0,7137.35,6620.0
PR005372,2026-08-29,MANDI036,Patiala,Mustard,5110.69,6077.0,5594.05,
PR007865,2026-08-03,MANDI053,Ambala,Makki,1957.27,2386.1,2171.69,2090.0
PR004835,2026-06-04,MANDI036,Sirsa,Mustard,5930.89,,6537.0,5650.0
PR000856,2026-03-26,MANDI023,Karnal,Mustard,5559.07,6268.0,5913.45,
PR008585,2026-04-24,MANDI031,Karnal,Wheat,1973.0,2156.39,2064.69,2275.0
PR009694,2026-05-13,MANDI043,Ambala,Sugarcane,3077.0,3436.63,3256.77,3500.0
PR002198,2026-08-28,MANDI017,Patiala,Sarso,5852.12,6155.79,6003.95,5650.0
PR008874,2026-01-07,MANDI027,Patiala,Wheat,2293.46,2619.06,,2275.0
PR001846,2026-08-17,MANDI030,Amritsar,Maize,,2160.0,2066.7,2090.0
PR001367,2026-07-03,MANDI012,Ambala,Maize,1957.0,2286.58,2121.94,
PR008457,2026-01-21,MANDI023,Kurukshetra,Mustard,5452.0,6672.0,6062.0,5650.0
PR002609,2026-06-08,MANDI020,Ludhiana,Rice,2059.72,2360.88,2210.0,2183.0
PR000423,2026-10-03,MANDI041,Fatehabad,Maize,1960.17,2078.53,2019.35,2090.0
PR002179,2026-07-27,,Fatehabad,Wheat,1993.0,2449.85,2221.0,2275.0
PR003690,2026-06-10,MANDI050,Kurukshetra,Wheat,2239.91,2754.68,2497.0,2275.0
PR009733,2026-04-07,MANDI001,Bathinda,Wheat,2383.65,2912.15,2648.0,2275.0
PR003369,2026-03-24,MANDI001,Jalandhar,Cotton,6144.0,6743.3,6444.0,6620.0
PR001625,2026-07-15,MANDI032,Amritsar,Maize,2112.0,2458.0,2284.75,2090.0
PR010878,2026-05-16,MANDI016,Karnal,Sugarcane,3122.8,3659.41,,3500.0
PR002697,2026-05-06,MANDI009,Jalandhar,Sugarcane,3653.53,4260.4,3956.96,3500.0
PR008553,2026-08-27,,Ferozepur,Cotton,5775.0,6819.06,6297.03,6620.0
PR009375,2026-04-08,MANDI052,Jalandhar,Wheat,2198.97,2515.0,2357.0,
PR003869,2026-09-02,,Ambala,Wheat,2064.0,2404.0,2233.9,2275.0
PR003165,2026-03-06,MANDI053,Fatehabad,Maize,2151.32,2532.86,2342.09,
PR001964,2026-08-12,MANDI013,Jalandhar,Cotton,5716.44,6851.86,6284.15,6620.0
PR008787,2026-08-10,MANDI009,Fatehabad,Mustard,5908.27,7338.56,6623.0,5650.0
PR000391,2026-03-02,MANDI038,Hisar,Mustard,5795.14,6296.0,6045.57,5650.0
PR004782,2026-03-28,MANDI027,Moga,Mustard,5386.0,6636.29,6010.94,
PR000536,2026-08-02,,Karnal,Sugarcane,3241.19,3754.95,3498.07,3500.0
PR003636,2026-07-14,MANDI027,Amritsar,Mustard,5548.3,6559.03,,5650.0
PR008676,2026-02-17,MANDI024,Kurukshetra,Wheat,2102.12,2337.98,2220.05,2275.0
PR011665,2026-07-30,MANDI017,Moga,Cotton,5861.0,6322.36,6092.0,6620.0
PR001317,2026-02-23,MANDI023,Jalandhar,Sugarcane,3309.0,3862.0,3585.69,3500.0
PR010552,2026-04-20,MANDI049,Amritsar,Mustard,5463.0,5777.0,5619.94,5650.0
PR009206,2026-08-28,MANDI012,Ferozepur,Rice,2151.0,2501.0,2325.66,
PR010801,2026-02-11,MANDI057,Ferozepur,Mustard,5315.0,6235.71,5775.5,5650.0
PR011440,2026-06-06,MANDI053,Ambala,Wheat,2205.75,2555.74,2380.74,2275.0
PR007515,2026-02-24,MANDI011,Patiala,Sugarcane,3234.0,3885.57,3559.71,3500.0
PR007224,2026-03-29,,Amritsar,Cotton,6308.81,7652.24,6981.0,6620.0
PR000457,2026-02-27,MANDI027,Moga,Mustard,5500.0,6340.49,5920.42,5650.0
PR007776,2026-06-04,,Bathinda,Cotton,6745.0,7192.0,6968.27,6620.0
PR011758,2026-05-10,MANDI054,Karnal,Cotton,6461.79,6909.79,6685.79,
PR006342,2026-01-19,MANDI054,Ambala,Sugarcane,3551.9,4263.0,3907.47,
PR011509,2026-05-30,MANDI032,Karnal,Cotton,6615.05,7181.0,6898.17,6620.0
PR001762,2026-04-30,MANDI045,Ludhiana,Wheat,1953.95,2214.0,2084.06,2275.0
PR008278,2026-08-14,MANDI017,Kurukshetra,Cotton,6008.0,7142.2,6575.0,6620.0
PR002495,2026-03-01,MANDI052,Karnal,Maize,1905.0,2179.99,2042.49,2090.0
PR006539,2026-03-16,MANDI010,Hisar,Maize,1911.0,2311.4,2111.22,2090.0
PR003803,2026-03-02,MANDI015,Bathinda,Maize,2005.38,2123.0,2064.1,2090.0
PR001157,2026-10-01,MANDI030,Patiala,Wheat,2229.3,2409.38,2319.34,2275.0
PR007366,2026-01-02,MANDI013,Fatehabad,Sugarcane,3009.56,3710.0,3359.81,3500.0
PR004545,2026-06-23,MANDI049,Ambala,Narma,6483.63,7300.57,6892.1,
PR010015,2026-03-04,MANDI044,Ambala,Cotton,5911.55,6917.0,6414.44,6620.0
PR007535,2026-01-26,,Ludhiana,Sugarcane,,3840.0,3577.51,3500.0
PR003823,2026-03-20,MANDI010,Moga,Sugarcane,3518.2,4078.32,3798.26,3500.0
PR006618,2026-08-03,MANDI037,Karnal,Sugarcane,3336.0,4027.0,3681.0,3500.0
PR010143,2026-05-10,MANDI002,Ludhiana,Narma,6517.43,8056.74,7287.08,6620.0
PR000082,2026-04-03,MANDI036,Amritsar,Cotton,5739.33,6728.0,6233.66,6620.0
PR001318,2026-02-10,MANDI016,Jalandhar,Wheat,2031.06,2428.0,2229.66,2275.0
PR002421,2026-06-04,MANDI036,Jalandhar,Cotton,,7992.2,7264.56,6620.0
PR002496,2026-07-02,MANDI025,Karnal,Wheat,2191.82,2677.29,2434.56,
PR003123,2026-05-29,MANDI020,Fatehabad,Wheat,2213.11,2629.86,2421.0,
PR000578,2026-07-06,MANDI005,Patiala,Wheat,2179.82,2512.18,2346.0,2275.0
PR004066,2026-05-17,MANDI052,Hisar,Rice,2187.88,2545.46,2366.67,2183.0
PR001743,2026-04-20,,Ambala,Maize,1980.0,2277.0,2128.39,2090.0
PR011937,2026-07-28,MANDI037,Kurukshetra,Sugarcane,3163.0,3636.41,3399.64,
PR004172,2026-07-12,MANDI055,Karnal,Cotton,5704.24,6789.0,6246.6,6620.0
PR008617,2026-07-15,MANDI041,Patiala,Mustard,5162.0,5753.15,5457.49,5650.0
PR000106,2026-01-27,MANDI047,Karnal,Wheat,2336.56,2753.54,2545.05,
PR011777,2026-07-24,MANDI046,,Makki,1986.13,2267.0,2126.7,2090.0
PR000775,2026-01-11,MANDI042,Amritsar,Rice,2174.1,2373.94,2274.02,2183.0
PR001145,2026-01-25,MANDI036,Ferozepur,Maize,1991.0,2166.04,2079.0,2090.0
PR011946,2026-02-28,MANDI018,Moga,Cotton,5923.93,6735.1,6329.51,6620.0
PR007062,2026-07-14,,,Ganne,3533.0,3818.45,3676.0,3500.0
PR005126,2026-08-04,MANDI038,Ludhiana,Wheat,2376.0,2643.61,2510.04,2275.0
PR009049,2026-08-02,MANDI041,Ludhiana,Wheat,2341.0,2516.7,2429.0,
PR009399,2026-02-12,MANDI011,Sirsa,Wheat,2064.0,2460.73,2262.0,2275.0
PR008231,2026-04-24,MANDI008,Amritsar,Cotton,6731.25,7734.3,7232.77,6620.0
PR006078,2026-06-17,MANDI049,Amritsar,Rice,1900.61,2127.83,2014.22,2183.0
PR010707,2026-05-25,MANDI004,Ferozepur,Rice,2071.63,2496.27,2284.0,
PR002557,2026-01-04,MANDI018,Hisar,Sugarcane,3595.0,3839.0,3717.0,3500.0
PR002352,2026-03-22,MANDI014,Hisar,Maize,,2455.7,2301.67,2090.0
PR004342,2026-03-09,MANDI017,Ferozepur,Chawal,,2273.93,2161.1,2183.0
PR006054,2026-06-22,,Moga,Maize,2118.95,2521.8,2320.0,2090.0
PR010682,2026-04-01,MANDI034,Moga,Rice,2124.13,2585.56,2355.0,
PR003779,2026-09-08,MANDI006,Ferozepur,Wheat,2100.51,2460.76,2280.63,2275.0
PR005792,2026-08-03,MANDI019,Sirsa,Mustard,5932.43,7268.74,6600.58,5650.0
PR010738,2026-01-16,MANDI033,Hisar,Sugarcane,3254.97,3454.0,3354.41,3500.0
PR000688,2026-03-03,MANDI016,Kurukshetra,Chawal,2086.15,2345.61,2215.88,2183.0
PR001342,2026-06-12,MANDI032,Karnal,Maize,2028.25,2376.0,2202.32,2090.0
PR007731,2026-02-12,MANDI041,Kurukshetra,Wheat,2163.0,2679.0,2421.0,2275.0
PR007961,2026-03-19,MANDI023,Bathinda,Wheat,2094.64,2236.44,2165.54,
PR011506,2026-01-20,MANDI012,Sirsa,Makki,2046.78,2458.0,2252.0,2090.0
PR000496,2026-03-08,MANDI032,,Maize,1838.0,2212.0,2025.01,2090.0
PR011966,2026-04-26,,Amritsar,Sugarcane,3582.0,3990.0,3786.09,3500.0
PR007771,2026-08-20,MANDI010,Ambala,Sarso,5591.28,6702.63,6146.95,5650.0
PR008466,2026-05-30,MANDI031,Kurukshetra,Cotton,,7047.0,6481.8,6620.0
PR003938,2026-08-19,MANDI013,Ferozepur,Sugarcane,3489.0,4059.21,3774.0,3500.0
PR001428,2026-08-31,MANDI004,Sirsa,Mustard,5162.47,5480.95,5322.0,5650.0
PR006963,2026-01-08,MANDI006,Sirsa,Wheat,2177.33,2632.0,2404.85,
PR005054,2026-03-28,MANDI019,Moga,Cotton,5969.0,6972.62,6470.96,6620.0
PR004035,2026-06-09,MANDI003,Hisar,Wheat,2123.1,2406.4,2264.75,2275.0
PR006688,2026-04-19,MANDI048,Ludhiana,Ganne,3244.0,3973.0,3608.78,3500.0
PR007236,2026-03-22,MANDI003,Jalandhar,Rice,2177.08,2604.0,2390.43,2183.0
PR002400,2026-07-18,MANDI013,Fatehabad,Wheat,2001.72,2113.61,2057.67,2275.0
PR011527,2026-06-25,MANDI036,Ferozepur,Ganne,3338.48,4157.0,,3500.0
PR004731,2026-08-05,MANDI018,Moga,Maize,1926.0,2202.41,2063.97,2090.0
PR001592,2026-08-11,MANDI023,Patiala,Cotton,6937.26,7686.67,7311.97,6620.0
PR003703,2026-05-17,MANDI051,Saharanpur,Wheat,2187.0,2362.97,2274.77,2275.0
PR001132,2026-05-11,MANDI032,Hisar,Mustard,5648.5,6760.0,6204.49,5650.0
PR007060,2026-03-30,MANDI045,Fatehabad,Mustard,4891.0,6087.96,5489.5,5650.0
PR005605,2026-05-01,MANDI023,Patiala,Wheat,2125.5,2428.37,2276.94,2275.0
PR001172,2026-07-11,MANDI022,Bathinda,Rice,1972.0,2434.54,2203.0,2183.0
PR011981,2026-08-31,MANDI012,Kurukshetra,Rice,,2085.03,1977.44,
PR001782,2026-04-21,MANDI034,Ferozepur,Maize,1939.8,,2064.64,2090.0
PR001667,2026-06-30,MANDI013,Karnal,Makki,2079.0,2560.91,2319.77,
PR008331,2026-01-18,MANDI036,Hisar,Mustard,5887.0,6790.19,6339.0,5650.0
PR005832,2026-05-29,MANDI051,Jalandhar,Wheat,1969.87,2427.0,2198.64,2275.0
PR002990,2026-02-09,MANDI025,Karnal,Wheat,2111.58,2266.68,2189.13,2275.0
PR007645,2026-07-02,,Hisar,Rice,2167.0,2349.76,2258.53,2183.0
PR009864,2026-09-02,MANDI024,Karnal,Rice,2164.1,2595.05,2380.0,2183.0
PR000949,2026-04-26,MANDI002,Ferozepur,Sugarcane,3334.61,3845.09,3590.0,3500.0
PR008140,2026-09-02,MANDI049,Muzaffarnagar,Mustard,5035.33,6291.0,5663.0,5650.0
PR002453,2026-01-28,MANDI052,Jalandhar,Mustard,5111.46,5579.0,5345.21,5650.0
PR008745,2026-04-26,MANDI001,Fatehabad,Sugarcane,3479.55,4300.41,3890.0,3500.0
PR004922,2026-05-03,MANDI052,Saharanpur,Wheat,2262.29,2681.0,2471.79,2275.0
PR001726,2026-09-01,MANDI040,Moga,Rice,2211.66,2519.58,2366.0,
PR009811,2026-05-25,MANDI014,Amritsar,Sugarcane,3457.0,3670.77,3563.85,
PR001443,2026-07-14,MANDI006,Amritsar,Maize,1998.53,2156.23,2077.0,2090.0
PR010975,2026-06-14,,Ambala,Maize,2163.81,,2411.0,
PR006919,2026-03-29,,Bathinda,Wheat,2225.0,2727.41,2476.2,2275.0
PR011831,2026-02-02,MANDI002,Karnal,Wheat,2281.47,2558.33,2420.0,2275.0
PR008006,2026-01-03,MANDI049,Muzaffarnagar,Wheat,2100.15,2478.0,2289.26,2275.0
PR000265,2026-03-15,MANDI006,Amritsar,Sugarcane,3456.59,3684.0,3570.3,3500.0
PR004535,2026-01-25,MANDI053,Bathinda,Ganne,2980.72,3160.46,3070.59,3500.0
PR007182,2026-08-20,MANDI012,Hisar,Maize,2162.2,2337.77,2250.0,2090.0
PR009660,2026-06-09,MANDI013,Amritsar,Mustard,5725.03,7036.34,6380.68,5650.0
PR003502,2026-07-31,MANDI011,Jalandhar,Cotton,6930.18,7571.02,7251.0,6620.0
PR003252,2026-08-02,,,Wheat,2143.72,2613.91,2379.0,2275.0
PR006892,2026-07-28,,Sirsa,Makki,2011.0,2284.84,2147.76,2090.0
PR006444,2026-05-06,MANDI002,Ludhiana,Sugarcane,3434.0,4147.0,3790.84,3500.0
PR001134,2026-02-20,MANDI026,Kurukshetra,Rice,2242.64,,,2183.0
PR009644,2026-04-21,MANDI039,Karnal,Maize,2111.0,2538.67,2324.59,2090.0
PR002689,2026-07-14,MANDI047,Karnal,Rice,1978.72,2440.37,2209.55,2183.0
PR003273,2026-04-08,MANDI019,Ferozepur,Wheat,2161.0,2679.0,2420.06,2275.0
PR004072,2026-06-16,MANDI030,Ludhiana,Mustard,5173.0,5810.0,5491.04,5650.0
PR004620,2026-06-18,,Karnal,Sugarcane,3210.0,3934.0,3572.08,3500.0
PR002248,2026-05-04,MANDI006,Karnal,Maize,2133.0,2433.0,2282.79,2090.0
PR005687,2026-01-21,MANDI037,Ferozepur,Sugarcane,3509.31,3708.01,,3500.0
PR000534,2026-05-08,MANDI046,Ludhiana,Mustard,5832.0,7205.0,6518.0,5650.0
PR011151,2026-05-17,MANDI027,Karnal,Maize,2130.2,2424.0,2277.0,
PR003546,2026-08-19,MANDI043,Moga,Cotton,6570.0,7959.43,7264.93,6620.0
PR002234,2026-02-03,,Fatehabad,Wheat,2109.51,2216.0,2162.78,
PR005627,2026-02-08,MANDI028,Jalandhar,Wheat,2339.7,2864.0,2601.96,2275.0
PR006094,2026-01-27,MANDI014,Patiala,Sugarcane,3482.56,3819.1,3650.83,3500.0
PR011508,2026-03-02,MANDI048,Kurukshetra,Mustard,5630.26,6174.91,5902.58,
PR007585,2026-04-16,MANDI049,Karnal,Wheat,2017.78,2256.42,2137.1,2275.0
PR009766,2026-02-03,MANDI054,Kurukshetra,Sarso,5613.43,6997.38,,5650.0
PR009385,2026-03-01,MANDI048,Ludhiana,Mustard,5374.4,6104.29,5739.35,5650.0
PR010178,2026-05-13,MANDI010,Patiala,Maize,2038.0,2151.05,2094.38,2090.0
PR007052,2026-02-19,MANDI018,Ambala,Wheat,2029.0,2204.11,2116.0,2275.0
PR001902,2026-02-07,MANDI004,Karnal,Mustard,5873.44,6501.91,6188.0,5650.0
PR001527,2026-03-24,MANDI023,Ambala,Wheat,2166.51,2463.44,,2275.0
PR005019,2026-04-16,,Amritsar,Rice,1990.0,2165.0,2077.61,2183.0
PR000445,2026-01-28,MANDI002,Moga,Makki,1792.3,2208.31,2000.0,2090.0
PR006246,2026-02-27,MANDI003,Amritsar,Rice,2084.95,2442.14,2263.55,2183.0
PR005745,2026-03-23,,Ludhiana,Rice,2217.8,2437.84,2327.82,2183.0
PR004552,2026-07-21,MANDI017,Hisar,Mustard,5666.02,5997.41,5831.72,5650.0
PR003926,2026-03-21,MANDI007,Kurukshetra,Rice,2036.18,2264.0,2150.32,
PR001526,2026-02-24,MANDI024,Ambala,Sugarcane,3179.72,3468.82,3324.27,3500.0
PR009904,2026-01-20,MANDI047,Karnal,Rice,1957.01,2386.07,2172.0,2183.0
PR008266,2026-09-08,MANDI041,Patiala,Mustard,5862.98,6606.0,,5650.0
PR011743,2026-02-16,MANDI018,Kurukshetra,Wheat,1997.47,2211.47,2104.0,2275.0
PR004525,2026-08-09,MANDI043,Jalandhar,Sarso,4931.0,5934.21,5432.63,
PR003987,2026-03-19,MANDI006,Ambala,Maize,1889.94,2087.28,1988.61,2090.0
PR001885,2026-03-06,MANDI039,,Wheat,2131.21,2329.32,2230.0,2275.0
PR000264,2026-01-20,MANDI013,Hisar,Maize,2128.4,2249.34,2189.0,2090.0
PR008182,2026-07-25,MANDI045,Patiala,Cotton,6147.73,6843.0,6495.41,6620.0
PR006182,2026-01-01,MANDI017,Patiala,Rice,2238.0,2355.22,2296.84,2183.0
PR004109,2026-12-06,MANDI047,Patiala,Cotton,6879.0,7782.27,7330.41,6620.0
PR008079,2026-07-20,MANDI012,Hisar,Sugarcane,3344.88,3741.42,3543.15,3500.0
PR004605,2026-06-27,MANDI042,Amritsar,Maize,2074.44,2268.0,2171.06,
PR009852,2026-08-14,MANDI021,Amritsar,Sugarcane,3244.24,3934.61,3589.0,3500.0
PR002041,2026-06-30,MANDI017,Karnal,Mustard,5560.87,5871.72,5716.29,
PR000875,2026-01-22,MANDI004,Ferozepur,Makki,2149.47,,2260.26,2090.0
PR000214,2026-02-15,MANDI017,Ferozepur,Mustard,5371.65,6309.56,5840.6,5650.0
PR005261,2026-06-11,MANDI049,Ludhiana,Rice,2040.76,2361.88,2201.32,2183.0
PR008970,2026-04-06,MANDI032,Patiala,Maize,2044.1,2458.0,2251.1,2090.0
PR001075,2026-02-28,MANDI045,Patiala,Sugarcane,3145.0,3679.0,3412.0,3500.0
PR008551,2026-01-04,MANDI011,Kurukshetra,Mustard,5261.82,6489.72,5875.77,5650.0
PR004019,2026-04-26,MANDI030,Patiala,Ganne,3214.66,3531.83,3373.25,3500.0
PR010280,2026-06-11,MANDI018,Moga,Mustard,5880.42,7287.78,6584.0,5650.0
PR009779,2026-07-20,MANDI019,Amritsar,Maize,2133.24,2297.11,2215.18,2090.0
PR004871,2026-09-03,MANDI014,Sirsa,Cotton,5632.8,6166.43,,
PR008915,2026-05-10,MANDI038,Jalandhar,Makki,1920.26,2173.6,2046.93,
PR006788,2026-02-02,MANDI020,Ludhiana,Ganne,3588.82,4137.01,3863.0,3500.0
PR002747,2026-06-09,MANDI028,Hisar,Rice,2013.0,2321.0,2167.08,2183.0
PR006083,2026-02-08,MANDI056,Amritsar,Maize,2145.0,2347.59,2246.11,
PR011284,2026-05-13,MANDI005,Hisar,Mustard,5175.0,6024.27,5599.63,5650.0
PR007329,2026-07-27,MANDI036,Moga,Cotton,6856.49,7420.5,7138.49,6620.0
PR002553,2026-05-02,MANDI041,Ambala,Sugarcane,3157.01,3697.59,,3500.0
PR007555,2026-06-01,MANDI012,Fatehabad,Mustard,4991.26,5836.62,5414.0,
PR007786,2026-06-12,MANDI010,Ferozepur,Rice,1983.0,,2050.88,2183.0
PR006289,2026-06-15,MANDI040,Moga,Cotton,6044.0,6773.62,6408.64,
PR006476,2026-05-29,MANDI042,Amritsar,Maize,2192.0,2682.87,2438.0,2090.0
PR004215,2026-02-04,MANDI032,Ludhiana,Narma,5913.53,6912.0,6412.64,6620.0
PR000619,2026-03-29,MANDI044,Ferozepur,Cotton,6380.0,,7164.84,6620.0
PR005993,2026-07-28,MANDI001,Jalandhar,Sugarcane,3212.29,3972.69,3592.0,3500.0
PR004834,2026-05-22,MANDI010,Sirsa,Cotton,6210.94,7073.8,6642.37,6620.0
PR011642,2026-02-09,MANDI049,Bathinda,Cotton,5694.0,6034.64,5864.39,6620.0
PR002580,2026-08-21,MANDI052,Hisar,Rice,1970.51,2192.0,2081.47,
PR006681,2026-06-15,MANDI020,Fatehabad,Cotton,5789.05,7065.94,6427.5,6620.0
PR002709,2026-03-25,MANDI009,Ambala,Rice,1953.97,2096.12,2025.04,2183.0
PR000780,2026-05-22,MANDI009,Amritsar,Sugarcane,3588.67,4207.82,,3500.0
PR009249,2026-05-02,MANDI008,Fatehabad,Maize,2026.82,2288.0,2157.33,
PR009028,2026-05-19,MANDI020,Jalandhar,Cotton,6621.67,7351.02,6986.34,6620.0
PR007993,2026-09-09,MANDI054,Amritsar,Wheat,2052.47,2193.8,2123.14,2275.0
PR000335,2026-06-24,MANDI009,Bathinda,Maize,2032.87,2488.66,2260.76,2090.0
PR008637,2026-05-06,MANDI044,Patiala,Rice,2248.48,2457.0,2352.58,
PR006871,2026-02-04,MANDI007,Bathinda,Rice,2091.83,2258.22,2175.02,2183.0
PR003075,2026-08-28,MANDI007,Hisar,Maize,1968.11,2231.56,2099.83,2090.0
PR006189,2026-01-24,MANDI040,Sirsa,Cotton,6316.05,6889.0,6602.47,6620.0
PR005239,2026-09-04,,Moga,Cotton,,6448.0,6110.1,6620.0
PR011998,2026-08-03,MANDI019,Bathinda,Sugarcane,3451.96,3910.0,3681.0,3500.0
PR000028,2026-02-12,MANDI033,Amritsar,Maize,1926.86,2175.0,2050.86,2090.0
PR003339,2026-05-18,MANDI046,Fatehabad,Wheat,2318.5,2856.01,2587.25,2275.0
PR002435,2026-02-25,MANDI056,Kurukshetra,Wheat,2078.97,2269.0,2173.89,
PR007063,2026-06-04,MANDI011,Bathinda,Sugarcane,3593.92,3848.27,3721.09,3500.0
PR004429,2026-01-27,MANDI052,Sirsa,Mustard,5099.04,5707.26,5403.15,5650.0
PR011069,2026-01-20,,Ferozepur,Maize,1957.0,2252.67,2105.0,2090.0
PR003419,2026-05-25,MANDI033,Kurukshetra,Mustard,5184.6,5511.09,5347.84,5650.0
PR000898,2026-01-16,MANDI042,Fatehabad,Wheat,2104.22,2333.21,2219.0,2275.0
PR001147,2026-09-05,MANDI013,Ferozepur,Mustard,5902.42,6759.25,6331.0,5650.0
PR002349,2026-03-04,MANDI002,Amritsar,Sugarcane,3446.0,4067.13,3756.0,3500.0
PR007238,2026-04-12,MANDI014,Hisar,Makki,2141.71,2286.01,2213.86,2090.0
PR008871,2026-01-31,MANDI001,Jalandhar,Wheat,2199.96,2493.0,2346.39,2275.0
PR006936,2026-08-13,MANDI052,Kurukshetra,Maize,2085.78,2264.58,2175.0,2090.0
PR006156,2026-01-13,MANDI039,Ferozepur,Sugarcane,3381.04,4111.0,3745.98,3500.0
PR000716,2026-05-22,MANDI049,Sirsa,Maize,2005.0,2275.13,2140.08,2090.0
PR002467,2026-07-07,MANDI040,Bathinda,Maize,2062.0,2550.49,2306.0,2090.0
PR002991,2026-04-20,MANDI024,Ludhiana,Chawal,,,2447.22,2183.0
PR010725,2026-08-25,MANDI002,Ferozepur,Wheat,2255.73,2701.03,2478.0,2275.0
PR010940,2026-06-09,MANDI029,Patiala,Cotton,6113.58,6767.0,6441.0,6620.0
PR006564,2026-07-16,MANDI047,Ambala,Maize,2009.27,2405.0,2207.29,2090.0
PR006867,2026-05-14,MANDI057,Amritsar,Sarso,5671.96,6115.0,5893.0,5650.0
PR009831,2026-08-25,MANDI027,Patiala,Sugarcane,3262.17,3689.37,3476.0,3500.0
PR011477,2026-07-14,,Ludhiana,Wheat,2309.0,2638.0,2474.0,2275.0
PR008616,2026-03-15,MANDI018,Patiala,Cotton,6788.0,7419.99,7104.16,6620.0
PR006766,2026-08-22,MANDI042,Sirsa,Rice,2194.0,2489.38,,2183.0
PR010331,2026-07-09,,Amritsar,Ganne,3281.0,3809.17,3544.91,3500.0
PR008212,2026-02-12,MANDI045,Ambala,Mustard,5676.37,6215.0,5945.6,5650.0
PR009893,2026-08-22,MANDI055,Patiala,Cotton,5710.0,6095.17,5903.0,6620.0
PR001405,2026-04-26,MANDI025,Sirsa,Sugarcane,3233.73,3916.79,3575.0,3500.0
PR010863,2026-07-18,MANDI049,Muzaffarnagar,Rice,2246.43,2744.14,2495.0,2183.0
PR010369,2026-04-29,MANDI034,Amritsar,Mustard,5884.0,7090.0,6487.21,5650.0
PR006573,2026-04-17,MANDI033,Ambala,Rice,2060.32,2373.8,2217.06,2183.0
PR009573,2026-08-11,MANDI027,Ferozepur,Rice,1921.77,2195.71,2058.74,2183.0
PR009650,2026-07-27,MANDI006,Ludhiana,Wheat,,2611.0,2465.45,2275.0
PR001252,2026-08-29,MANDI039,Karnal,Mustard,5233.0,5778.77,5506.12,5650.0
PR007475,2026-03-26,MANDI003,Ludhiana,Mustard,5148.34,5440.04,5294.0,
PR004831,2026-06-19,MANDI007,Amritsar,Mustard,5080.0,5772.8,5426.0,5650.0
PR009506,2026-06-20,MANDI020,Ambala,Sugarcane,3329.74,,3414.0,3500.0
PR008287,2026-03-01,MANDI016,Kurukshetra,Mustard,4873.83,5806.0,5339.71,5650.0
PR005501,2026-07-24,MANDI009,Ludhiana,Wheat,2339.36,,2542.0,2275.0
PR000162,2026-01-21,MANDI042,Fatehabad,Wheat,2216.78,2703.0,2460.03,2275.0
PR003974,2026-05-24,MANDI026,Ferozepur,Rice,1939.46,2382.2,2160.83,2183.0
PR005430,2026-08-11,,,Ganne,2984.0,3304.29,3143.96,
PR002061,2026-09-06,MANDI054,Kurukshetra,Mustard,5048.89,5769.0,5409.0,5650.0
PR000256,2026-08-31,,Jalandhar,Mustard,4941.49,5672.99,5307.0,
PR004354,2026-06-17,MANDI027,Hisar,Rice,2131.15,2481.82,2306.0,2183.0
PR005128,2026-02-09,,Jalandhar,Maize,1852.89,1995.65,1924.27,2090.0
PR004373,2026-10-07,MANDI021,Jalandhar,Maize,2059.0,2404.63,2231.79,2090.0
PR008687,2026-04-23,MANDI046,Moga,Mustard,5436.33,6333.0,5884.83,5650.0
PR000868,2026-06-28,MANDI031,Fatehabad,Ganne,3666.72,4048.23,3857.48,3500.0
PR006664,2026-02-07,MANDI007,Ambala,Rice,1941.05,2083.64,2012.0,2183.0
PR006055,2026-07-07,MANDI010,Jalandhar,Maize,1873.51,2053.0,1963.0,
PR002490,2026-02-13,,Ambala,Rice,2069.77,2581.0,2325.28,2183.0
PR004794,2026-04-16,,Patiala,Maize,,,1929.0,2090.0
PR010365,2026-01-02,MANDI033,Moga,Maize,,2308.86,2162.95,2090.0
PR006375,2026-08-19,MANDI049,Amritsar,Maize,1966.82,2385.0,2175.85,2090.0
PR010822,2026-08-23,MANDI011,Kurukshetra,Mustard,5703.0,6469.87,6086.33,5650.0
PR001225,2026-04-27,MANDI025,Amritsar,Cotton,6260.0,6863.68,,6620.0
PR001944,2026-08-26,,Hisar,Cotton,6493.09,7364.27,6929.0,6620.0
PR004091,2026-02-19,MANDI035,Fatehabad,Sugarcane,3075.34,3550.0,3312.43,3500.0
PR008833,2026-01-01,MANDI009,Ludhiana,Maize,1788.2,2101.34,1944.77,2090.0
PR002965,2026-01-29,MANDI034,Kurukshetra,Cotton,5737.0,6148.0,5942.33,6620.0
PR006382,2026-08-20,,Kurukshetra,Mustard,5087.0,5891.75,5489.0,5650.0
PR004840,2026-05-05,MANDI017,Sirsa,Wheat,1988.78,2421.88,2205.0,2275.0
PR009632,2026-05-28,MANDI037,Kurukshetra,Mustard,5232.81,6443.56,5838.19,5650.0
PR008387,2026-02-22,MANDI030,Moga,Sugarcane,3039.0,3526.13,3282.67,3500.0
PR000945,2026-01-15,MANDI053,Jalandhar,Mustard,4944.38,6038.61,5491.5,5650.0
PR000884,2026-01-08,MANDI035,Amritsar,Cotton,6791.05,7481.29,7136.17,
PR011772,2026-04-01,MANDI011,Moga,Cotton,5674.53,6378.07,6026.0,
PR011093,2026-09-05,,Jalandhar,Cotton,5832.73,6310.31,6072.0,6620.0
PR005708,2026-07-06,MANDI021,Patiala,Rice,1909.64,2331.46,2120.55,2183.0
PR000383,2026-08-08,MANDI020,Ferozepur,Maize,2142.5,2407.38,2274.94,2090.0
PR001851,2026-05-10,MANDI026,Jalandhar,Narma,5908.89,6826.0,6367.0,6620.0
PR005053,2026-05-23,MANDI024,Ferozepur,Wheat,2004.71,2378.85,2191.78,2275.0
PR008796,2026-04-21,MANDI002,Ferozepur,Mustard,5081.68,5431.0,5256.39,5650.0
PR000760,2026-05-26,MANDI045,Amritsar,Rice,1882.75,2082.0,1982.0,2183.0
PR003763,2026-05-24,,Karnal,Sugarcane,3321.3,3547.8,3435.0,3500.0
PR009816,2026-01-16,MANDI003,Amritsar,Wheat,2361.01,2766.4,2564.0,2275.0
PR009556,2026-12-02,MANDI030,Ludhiana,Sugarcane,3378.13,3618.62,3498.0,3500.0
PR011182,2026-09-03,MANDI050,Hisar,Sugarcane,3586.0,4008.15,3797.0,3500.0
PR002504,2026-07-24,MANDI052,Hisar,Wheat,2029.76,2182.55,2106.15,2275.0
PR004328,2026-03-25,MANDI024,Kurukshetra,Maize,2191.72,2506.67,2349.0,
PR006549,2026-08-06,,Hisar,Sugarcane,3025.22,3501.0,3263.0,3500.0
PR002781,2026-07-19,MANDI002,Karnal,Mustard,5391.52,6368.79,5880.0,5650.0
PR010452,2026-07-13,MANDI044,Moga,Mustard,5558.0,6851.97,6205.0,5650.0
PR011516,2026-08-14,MANDI045,Meerut,Ganne,3311.26,3480.0,3396.0,3500.0
PR006721,2026-04-13,MANDI017,Sirsa,Mustard,4906.69,5738.21,5322.0,5650.0
PR010588,2026-03-14,MANDI029,Fatehabad,Makki,1795.97,2210.76,2003.37,
PR006414,2026-06-13,MANDI019,Patiala,Maize,1905.0,2252.0,2078.4,
PR005760,2026-07-06,MANDI026,Jalandhar,Mustard,4828.0,5404.94,5116.55,
PR000402,2026-07-19,MANDI011,Ludhiana,Cotton,6278.77,7233.0,6755.92,6620.0
PR009755,2026-07-10,MANDI048,Kurukshetra,Sarso,5708.0,6136.72,5922.43,5650.0
PR011123,2026-03-31,MANDI018,Ambala,Wheat,1999.35,2268.0,2133.58,2275.0
PR004952,2026-03-23,MANDI046,Patiala,Maize,1845.7,1974.25,1909.98,2090.0
PR009410,2026-03-07,MANDI041,Bathinda,Maize,2028.67,2471.51,2250.09,2090.0
PR007228,2026-03-30,MANDI053,Saharanpur,Mustard,5012.42,5348.17,5180.29,5650.0
PR011630,2026-03-16,MANDI041,Jalandhar,चावल,2125.94,2616.0,2370.88,2183.0
PR005548,2026-04-20,MANDI006,Patiala,Makki,1936.0,2356.0,2146.0,2090.0
PR007442,2026-08-25,,Hisar,Maize,2130.2,2468.64,2299.42,2090.0
PR006061,2026-11-01,MANDI049,Moga,Chawal,1870.01,2321.59,2095.8,2183.0
PR007189,2026-04-03,MANDI028,Jalandhar,Rice,2280.89,2419.48,2350.18,2183.0
PR010032,2026-07-22,MANDI001,Patiala,Wheat,2295.0,2694.59,2494.95,2275.0
PR007956,2026-05-15,,Hisar,Narma,6627.0,7665.0,,6620.0
PR002147,2026-03-16,MANDI041,Fatehabad,Cotton,5888.0,6884.09,6386.0,6620.0
PR001857,2026-03-15,MANDI026,Kurukshetra,Mustard,4815.0,5587.92,5201.33,5650.0
PR001304,2026-06-30,MANDI001,Patiala,Cotton,5947.91,6930.39,6439.15,6620.0
PR000407,2026-06-28,MANDI013,Sirsa,Chawal,1996.0,2148.92,2072.32,2183.0
PR009935,2026-08-29,MANDI001,Ludhiana,Sarso,5107.19,6283.0,,5650.0
PR010269,2026-05-26,MANDI022,Ferozepur,Cotton,5632.0,6398.0,6015.0,
PR005852,2026-04-24,MANDI016,Jalandhar,Maize,2009.28,2313.63,,2090.0
PR004389,2026-03-16,MANDI047,Muzaffarnagar,Mustard,4982.04,5961.36,5471.7,5650.0
PR011951,2026-08-25,MANDI009,Bathinda,Mustard,5781.72,6310.29,6046.0,5650.0
PR007055,2026-03-31,MANDI029,Amritsar,Maize,1782.0,1934.65,1858.13,
PR000860,2026-01-29,MANDI033,Bathinda,Narma,6532.22,7037.65,6785.0,6620.0
PR004671,2026-06-01,,Hisar,Wheat,2142.23,2674.0,2408.25,2275.0
PR010985,2026-08-21,MANDI001,Patiala,Wheat,2221.81,2757.0,,2275.0
PR010964,2026-05-11,MANDI003,Ambala,Narma,6381.42,7062.42,6721.92,6620.0
PR011618,2026-04-21,MANDI020,Ambala,Wheat,1985.34,2293.0,2139.0,2275.0
PR008840,2026-04-06,MANDI049,Muzaffarnagar,Cotton,6657.36,7193.99,6925.68,6620.0
PR009210,2026-07-23,MANDI022,Karnal,Chawal,1925.08,2371.95,2149.0,2183.0
PR006783,2026-10-04,MANDI050,Kurukshetra,Maize,1885.35,2078.19,1981.77,2090.0
PR006939,2026-01-18,MANDI057,Karnal,Wheat,2210.92,2399.12,2305.02,2275.0
PR004629,2026-07-29,MANDI041,Ludhiana,Maize,2043.59,2545.53,2294.56,
PR007843,2026-02-22,MANDI050,Amritsar,Wheat,2103.42,2251.45,2177.43,2275.0
PR003964,2026-02-17,MANDI031,Sirsa,Sarso,5250.61,5696.0,5473.0,5650.0
PR005862,2026-06-14,MANDI056,Fatehabad,Mustard,4861.26,5157.17,5009.21,5650.0
PR001038,2026-01-27,MANDI051,Saharanpur,Narma,5984.42,7250.41,6617.41,6620.0
PR008723,2026-02-03,MANDI023,Jalandhar,Cotton,5650.75,6616.0,6133.21,6620.0
PR000262,2026-03-28,MANDI012,Hisar,Wheat,2355.32,,2599.78,2275.0
PR011560,2026-06-14,MANDI039,Karnal,Narma,6467.52,,,6620.0
PR003345,2026-08-15,MANDI023,Hisar,Sarso,5506.01,5793.0,5649.59,5650.0
PR011306,2026-02-22,MANDI021,Amritsar,Sugarcane,3199.04,3711.0,3455.0,3500.0
PR003762,2026-04-18,MANDI006,Kurukshetra,Narma,6717.21,7852.89,7285.05,6620.0
PR006130,2026-06-30,MANDI007,Sirsa,Mustard,5090.05,6181.32,5636.0,
PR002902,2026-08-25,,Amritsar,Mustard,4878.4,5989.34,5434.0,5650.0
PR010642,2026-05-20,MANDI025,Ludhiana,Sugarcane,3234.0,3729.12,3481.33,3500.0
PR000177,2026-07-15,MANDI026,Hisar,Sugarcane,3372.0,3972.66,3672.54,3500.0
PR011048,2026-11-07,MANDI029,Ambala,Rice,2020.69,2270.05,2145.37,2183.0
PR003136,2026-01-14,MANDI001,Amritsar,Mustard,4992.39,5886.04,5439.21,5650.0
PR002964,2026-02-11,MANDI027,Jalandhar,Mustard,5576.0,6145.41,5861.0,5650.0
PR003426,2026-02-11,MANDI017,Bathinda,Wheat,2077.51,2493.79,2285.65,2275.0
PR000313,2026-06-29,MANDI028,Hisar,Makki,2071.0,2472.97,2272.12,2090.0
PR011698,2026-02-18,MANDI006,Jalandhar,Sugarcane,3306.77,3886.07,3596.42,3500.0
PR004112,2026-01-28,MANDI001,Amritsar,Maize,2113.0,2277.0,2194.64,
PR000582,2026-01-31,MANDI006,Fatehabad,Maize,2118.78,,2278.65,2090.0
PR005860,2026-11-02,MANDI045,Karnal,Cotton,5855.6,6524.1,,
PR000464,2026-07-24,MANDI038,Karnal,Sugarcane,3215.09,3927.0,3571.0,3500.0
PR002642,2026-01-27,MANDI012,Jalandhar,Maize,1798.66,1936.34,1867.5,2090.0
PR008003,2026-01-05,MANDI013,Sirsa,Wheat,2141.49,2465.99,2304.0,2275.0
PR001987,2026-02-11,MANDI021,Karnal,Sugarcane,3116.0,3859.54,3487.73,3500.0
PR004496,2026-06-05,MANDI056,Ambala,Cotton,6176.18,6585.59,6380.88,6620.0
PR001620,2026-08-03,MANDI014,Patiala,Mustard,4958.51,5972.4,5465.45,
PR004047,2026-08-17,MANDI045,Ludhiana,Makki,2105.27,2600.8,2353.0,
PR006395,2026-09-04,MANDI051,Ferozepur,Makki,2120.0,2226.39,2173.0,2090.0
PR007439,2026-02-23,MANDI031,Ferozepur,Maize,1851.0,2058.08,1955.0,2090.0
PR009505,2026-05-12,MANDI041,Ambala,चावल,2118.64,2395.39,2257.0,2183.0
PR000161,2026-08-06,MANDI047,Jalandhar,Cotton,5859.49,7040.0,6449.74,6620.0
PR010115,2026-03-23,MANDI017,Kurukshetra,Maize,2189.14,2473.17,2331.16,2090.0
PR009781,2026-07-09,MANDI029,Jalandhar,Mustard,5251.41,6178.52,5714.97,
PR003610,2026-04-04,MANDI005,Fatehabad,Sugarcane,3444.0,3737.65,3590.86,3500.0
PR001853,2026-08-08,MANDI029,Ambala,Cotton,6456.43,6864.89,6661.0,6620.0
PR007462,2026-06-13,MANDI002,Karnal,Wheat,2136.77,2245.6,2191.19,2275.0
PR001146,2026-02-11,MANDI055,Ferozepur,Maize,1836.38,2092.0,,2090.0
PR002805,2026-04-26,MANDI010,Patiala,Ganne,3033.8,3406.74,3220.27,3500.0
PR003523,2026-05-11,MANDI050,Sirsa,Wheat,2153.45,2583.94,2369.0,2275.0
PR006942,2026-03-16,,Fatehabad,Sarso,5468.59,,6133.0,5650.0
PR011717,2026-02-02,MANDI038,Kurukshetra,Cotton,6624.0,8159.5,7391.64,
PR000046,2026-03-26,,Fatehabad,Cotton,6855.0,8119.0,7486.72,6620.0
PR007429,2026-05-13,MANDI043,Patiala,Mustard,4847.0,5453.98,5150.4,5650.0
PR001386,2026-08-15,MANDI020,Kurukshetra,Mustard,5315.78,5637.68,5477.0,5650.0
PR006544,2026-04-13,MANDI020,Ferozepur,Mustard,5893.9,7322.39,6608.0,
PR011064,2026-06-01,MANDI002,Ludhiana,Maize,2115.72,2342.0,2228.67,2090.0
PR000786,2026-02-06,MANDI054,Karnal,Mustard,5879.0,6412.28,6145.47,5650.0
PR008265,2026-08-23,MANDI040,Hisar,Sarso,5414.96,,6053.71,5650.0
PR000180,2026-06-27,MANDI033,Ferozepur,Maize,1825.7,2019.0,1922.0,2090.0
PR000766,2026-05-19,,Ferozepur,Cotton,6780.07,8410.64,7595.35,6620.0
PR011303,2026-12-07,MANDI035,Moga,Mustard,5274.52,6086.66,5680.59,5650.0
PR008729,2026-03-10,MANDI053,Ambala,Mustard,5732.82,,5916.0,5650.0
PR010861,2026-05-12,MANDI052,Moga,Rice,1995.27,2333.81,2164.54,2183.0
PR008042,2026-08-04,MANDI036,Karnal,Rice,1986.89,2291.93,2139.41,
PR001573,2026-05-17,MANDI048,Muzaffarnagar,Rice,2231.28,2420.98,2326.13,2183.0
PR004335,2026-05-16,MANDI019,Ambala,Rice,2276.29,2767.49,2521.89,2183.0
PR005595,2026-04-16,MANDI042,Amritsar,Wheat,2187.0,2581.0,2384.0,2275.0
PR009535,2026-01-13,MANDI045,Patiala,Sugarcane,3244.0,3854.0,3549.22,3500.0
PR002117,2026-06-11,MANDI028,Amritsar,Maize,1971.0,2306.0,2139.0,2090.0
PR000315,2026-06-21,MANDI016,Ludhiana,Cotton,5663.5,6749.0,6206.27,6620.0
PR000684,2026-05-26,MANDI036,Patiala,Wheat,2335.94,2704.76,2520.35,2275.0
PR004162,2026-01-21,MANDI027,Hisar,Sugarcane,3576.15,4110.0,3843.0,
PR002970,2026-02-09,MANDI037,Sirsa,Maize,1945.58,2356.08,2150.83,2090.0
PR010796,2026-06-22,MANDI045,Kurukshetra,Sarso,5909.0,6302.25,6105.0,5650.0
PR001412,2026-03-17,MANDI013,Ambala,Sugarcane,3258.0,3927.0,3592.0,
PR007647,2026-08-07,MANDI013,Moga,Cotton,6205.87,7412.0,6809.0,
PR002451,2026-05-22,MANDI032,Amritsar,Wheat,1959.41,2137.37,2048.39,2275.0
PR010698,2026-07-02,MANDI029,Sirsa,चावल,2071.42,2431.75,2251.59,2183.0
PR004803,2026-02-05,MANDI030,Sirsa,Wheat,2119.26,2256.0,2187.7,
PR000206,2026-02-04,MANDI036,Hisar,Narma,6923.06,7592.0,7257.49,6620.0
PR006095,2026-02-19,MANDI010,Ambala,Mustard,5886.84,7057.37,6472.0,5650.0
PR001730,2026-03-02,MANDI026,Ferozepur,Wheat,1982.0,2437.48,2210.0,2275.0
PR006746,2026-04-18,MANDI012,Karnal,Sarso,5664.0,6044.0,5853.99,5650.0
PR011229,2026-06-05,,Bathinda,Maize,2144.0,2303.62,2223.97,2090.0
PR001322,2026-08-19,,Bathinda,Mustard,5583.0,6805.0,6193.95,5650.0
PR002113,2026-06-04,MANDI023,Karnal,Chawal,,2064.19,1993.39,2183.0
PR006767,2026-06-15,MANDI009,Moga,Rice,2131.57,2362.23,2246.9,2183.0
PR007602,2026-04-19,MANDI008,Jalandhar,Wheat,2037.99,2428.33,2233.0,2275.0
PR006489,2026-06-10,MANDI028,Ferozepur,Rice,1982.0,2450.93,2216.57,2183.0
PR007124,2026-04-15,MANDI003,Ferozepur,Rice,1895.16,2055.0,1975.33,2183.0
PR003102,2026-05-04,,Kurukshetra,Sugarcane,3150.91,3465.17,3308.04,3500.0
PR011161,2026-02-05,MANDI018,Moga,Mustard,5660.58,6864.55,6262.56,5650.0
PR010383,2026-04-22,,Moga,Cotton,6031.65,6888.0,6459.82,6620.0
PR000251,2026-05-21,MANDI042,Karnal,Mustard,4983.31,5622.0,5302.58,
PR000022,2026-08-31,MANDI040,Moga,Mustard,5577.52,5945.47,5761.49,
PR001537,2026-09-05,MANDI039,Moga,Sugarcane,3280.49,3846.0,3563.0,3500.0
PR002069,2026-08-02,MANDI028,Sirsa,Mustard,5489.0,6600.56,6045.0,
PR003593,2026-05-18,MANDI052,Saharanpur,Sugarcane,3014.0,3271.32,3142.62,3500.0
PR004946,2026-04-24,MANDI044,Ludhiana,Sugarcane,3308.0,3514.72,3411.13,3500.0
PR006615,2026-06-14,MANDI020,Ferozepur,Mustard,5448.51,6774.0,6111.06,5650.0
PR000404,2026-07-04,MANDI050,Amritsar,Narma,6911.0,8583.62,7747.0,
PR005039,2026-04-21,MANDI012,Ferozepur,Rice,2154.0,2314.0,2234.21,2183.0
PR009894,2026-02-08,MANDI001,Kurukshetra,Sugarcane,3642.4,3835.7,3739.05,
PR011990,2026-11-03,,,Mustard,5815.31,6821.82,6318.56,
PR010440,2026-04-14,MANDI013,Kurukshetra,Mustard,5131.76,5599.08,5365.42,
PR006134,2026-01-19,MANDI022,Patiala,Sarso,,6705.71,6160.92,5650.0
PR010572,2026-02-07,MANDI001,Karnal,Narma,6078.63,6955.0,6516.79,
PR010898,2026-01-13,MANDI053,Ludhiana,Rice,1945.77,2297.04,2121.0,2183.0
PR008127,2026-01-24,MANDI053,Moga,Cotton,6504.8,8010.56,7257.68,6620.0
PR008554,2026-06-30,MANDI010,Jalandhar,Sarso,5621.0,6696.51,6159.0,
PR007274,2026-05-16,MANDI017,Ludhiana,Cotton,6633.77,7902.0,7268.0,6620.0
PR000175,2026-06-14,MANDI051,Saharanpur,Wheat,2341.0,2725.59,2533.0,2275.0
PR008706,2026-02-06,MANDI005,Amritsar,Wheat,2269.55,2539.18,2404.0,2275.0
PR010226,2026-02-02,MANDI050,Patiala,Makki,1849.69,1949.45,1899.57,2090.0
PR002073,2026-06-20,MANDI026,Hisar,Maize,1952.0,2109.82,2031.0,
PR009022,2026-06-28,MANDI003,Ludhiana,Rice,1913.0,2085.88,,2183.0
PR010327,2026-02-04,MANDI046,Kurukshetra,Narma,6222.01,6867.85,6544.93,6620.0
PR004228,2026-06-03,MANDI035,Kurukshetra,Mustard,4898.41,5514.0,5206.18,5650.0
PR010098,2026-04-18,MANDI032,,Sugarcane,,3565.45,3291.67,3500.0
PR006389,2026-05-29,,Hisar,Makki,1993.58,2463.27,2228.42,2090.0
PR004225,2026-04-05,MANDI040,Ferozepur,चावल,2032.09,2339.81,2185.95,2183.0
PR008543,2026-03-29,MANDI052,Saharanpur,Sugarcane,3548.0,4094.28,3821.17,3500.0
PR010411,2026-03-29,,Moga,Maize,1845.17,2117.42,1981.29,2090.0
PR002438,2026-07-02,MANDI003,Moga,Cotton,6196.33,7009.0,6603.0,6620.0
PR010787,2026-01-18,MANDI015,Sirsa,Mustard,5493.0,,5801.0,
PR009873,2026-04-15,MANDI047,Amritsar,Wheat,2294.0,2491.0,2392.73,2275.0
PR000649,2026-02-15,MANDI003,Karnal,Sarso,5527.0,6068.91,5797.77,5650.0
PR010569,2026-01-12,MANDI007,Patiala,Cotton,6386.11,7273.0,6829.4,6620.0
PR009711,2026-05-20,MANDI029,Kurukshetra,Maize,2049.38,2467.94,2258.66,2090.0
PR006976,2026-03-10,MANDI053,Saharanpur,Wheat,2346.0,2803.73,2574.79,2275.0
PR000727,2026-07-04,MANDI042,Sirsa,Wheat,1984.54,2270.18,2127.36,2275.0
PR003917,2026-04-26,MANDI048,Sirsa,Rice,2183.67,2364.59,2274.0,2183.0
PR000102,2026-02-07,MANDI051,Karnal,चावल,1990.0,2176.49,2083.12,
PR007516,2026-02-19,MANDI055,Hisar,Rice,1891.0,2066.0,1978.28,2183.0
PR004941,2026-04-11,MANDI014,Patiala,Mustard,5679.02,6438.0,6058.0,5650.0
PR006876,2026-06-03,MANDI057,Patiala,Rice,2259.26,2487.95,2374.0,2183.0
PR010893,2026-06-08,MANDI052,Karnal,Wheat,2095.36,2507.8,2301.58,2275.0
PR008296,2026-04-04,MANDI025,Patiala,Mustard,5240.0,5543.02,5391.31,5650.0
PR000726,2026-07-07,,Ferozepur,Sugarcane,3201.0,3642.24,3421.53,3500.0
PR000064,2026-02-23,MANDI041,Ferozepur,Rice,1912.0,2089.0,2000.0,
PR008597,2026-08-31,MANDI007,Ferozepur,Mustard,5033.0,5480.12,5256.78,5650.0
PR006986,2026-08-11,,Fatehabad,Rice,1870.07,2114.28,1992.17,2183.0
PR008672,2026-06-19,MANDI019,Hisar,Cotton,6903.4,,7168.88,6620.0
PR007991,2026-07-05,MANDI053,Fatehabad,Maize,,2012.0,1920.0,2090.0
PR006155,2026-07-13,MANDI008,Moga,Cotton,6154.33,7177.0,6665.52,6620.0
PR000017,2026-07-26,MANDI033,Ambala,Ganne,3633.0,4142.0,3888.0,3500.0
PR003109,2026-07-01,MANDI023,Fatehabad,Cotton,5708.88,,6014.0,
PR008245,2026-08-16,,Sirsa,Mustard,5867.28,6533.0,6200.0,5650.0
PR011379,2026-07-30,MANDI014,Patiala,Wheat,1960.0,2077.85,,2275.0
PR000133,2026-05-31,MANDI017,Bathinda,Cotton,6834.39,7432.45,7133.42,6620.0
PR007929,2026-03-05,MANDI045,Ludhiana,Mustard,4893.72,5933.0,5413.59,
PR004159,2026-01-25,MANDI045,Amritsar,Mustard,4823.66,5339.73,5081.69,5650.0
PR007637,2026-07-28,MANDI026,Jalandhar,Wheat,2075.0,2367.64,2221.07,2275.0
PR009040,2026-04-13,MANDI053,Hisar,Wheat,1960.44,2254.19,2107.32,
PR000374,2026-02-23,MANDI019,Moga,Maize,2168.0,2601.72,2384.69,2090.0
PR011286,2026-01-11,MANDI024,Amritsar,Wheat,1956.1,2226.16,2091.13,2275.0
PR003734,2026-05-28,MANDI018,Moga,Sugarcane,3373.52,3634.0,3503.93,3500.0
PR010867,2026-05-27,MANDI025,Ferozepur,Mustard,4941.96,5438.34,5190.15,5650.0
PR011965,2026-05-08,MANDI014,Bathinda,Rice,2160.0,2507.0,2333.64,
PR004771,2026-04-21,MANDI055,Bathinda,Wheat,1972.0,2430.45,2201.43,2275.0
PR001226,2026-04-14,MANDI045,Sirsa,Cotton,5728.09,6697.0,6212.62,6620.0
PR003833,2026-08-31,MANDI042,Bathinda,Sugarcane,2995.52,3633.0,3314.0,3500.0
PR011183,2026-03-18,MANDI046,Jalandhar,Mustard,5441.31,6063.0,5752.26,5650.0
PR000459,2026-01-24,,Jalandhar,Maize,1898.81,2159.0,2029.0,2090.0
PR008718,2026-07-12,MANDI032,Hisar,Cotton,6745.0,8137.0,,
PR007770,2026-04-14,MANDI048,Ambala,Maize,2107.86,2331.65,2219.75,
PR001138,2026-05-14,MANDI012,Sirsa,Maize,1924.15,2044.34,1984.0,2090.0
PR003594,2026-06-13,MANDI013,Bathinda,Wheat,2054.38,2307.0,2180.48,2275.0
PR001349,2026-04-28,MANDI046,Amritsar,Mustard,5702.0,6271.0,5986.26,5650.0
PR011936,2026-02-04,MANDI041,Amritsar,Maize,1880.0,2033.2,1957.0,2090.0
PR008427,2026-03-24,MANDI026,Amritsar,Maize,2040.52,2311.08,2176.0,2090.0
PR009248,2026-08-21,MANDI018,Bathinda,Mustard,5494.06,6632.2,,
PR009968,2026-08-19,MANDI024,Ferozepur,Cotton,6462.26,6798.39,6630.32,6620.0
PR009990,2026-05-29,MANDI035,Ludhiana,Sarso,5445.93,6653.0,6049.0,5650.0
PR007367,2026-04-27,MANDI049,Jalandhar,Cotton,6422.37,7443.0,6932.71,6620.0
PR007416,2026-01-01,MANDI049,Fatehabad,Rice,2204.08,2401.0,2302.39,
PR000537,2026-01-17,,Karnal,Cotton,6468.37,7972.0,7220.0,6620.0
PR008100,2026-04-08,MANDI007,Moga,Mustard,4820.21,6017.74,5419.0,5650.0
PR003899,2026-09-09,MANDI038,Ludhiana,Cotton,5852.0,6768.0,6310.44,
PR007711,2026-05-19,MANDI026,Hisar,Wheat,2088.55,2333.64,2211.09,
PR000228,2026-05-12,,Ludhiana,Ganne,3573.98,,,3500.0
PR010305,2026-07-26,MANDI012,Hisar,Mustard,5465.09,6260.47,,5650.0
PR009003,2026-06-10,MANDI042,Patiala,Wheat,2234.0,2621.0,2428.0,2275.0
PR011139,2026-09-07,MANDI029,Kurukshetra,Sugarcane,3562.16,4103.0,3833.0,3500.0
PR001855,2026-09-02,MANDI003,Ludhiana,Maize,1782.0,1971.0,,
PR001868,2026-01-08,MANDI027,Ludhiana,Sugarcane,3103.0,3621.81,3362.0,3500.0
PR005202,2026-02-17,MANDI031,Sirsa,Mustard,5035.17,6039.0,5537.0,5650.0
PR000781,2026-06-04,MANDI009,Hisar,Ganne,3278.86,3467.0,3372.9,3500.0
PR007560,2026-05-09,MANDI021,Ferozepur,Sugarcane,3292.81,3886.93,3590.0,3500.0
PR001001,2026-08-25,MANDI008,Moga,Rice,2290.0,2815.8,2553.14,2183.0
PR005682,2026-01-30,MANDI036,Karnal,Maize,1848.09,2196.49,2022.29,2090.0
PR009688,2026-01-12,MANDI027,Fatehabad,Mustard,4841.0,5410.92,5126.19,5650.0
PR011654,2026-08-21,MANDI025,Ferozepur,Rice,1859.2,2315.2,2087.2,2183.0
PR007169,2026-01-14,MANDI047,Jalandhar,Sarso,5260.6,6308.0,5784.0,5650.0
PR005538,2026-02-08,MANDI027,Karnal,Makki,1782.89,2173.78,1978.33,2090.0
PR005331,2026-02-13,MANDI014,Karnal,चावल,2196.93,2629.0,2413.0,2183.0
PR002502,2026-09-02,MANDI047,Fatehabad,Maize,2121.51,2253.0,2187.22,2090.0
PR003587,2026-07-11,MANDI048,Jalandhar,Cotton,5681.97,6449.73,6065.85,6620.0
PR003837,2026-10-05,MANDI019,Bathinda,Maize,1967.66,2163.22,2065.0,2090.0
PR003542,2026-05-07,MANDI038,Hisar,Wheat,1957.82,2312.62,2135.22,2275.0
PR011164,2026-01-10,MANDI047,Ferozepur,Wheat,2144.0,2447.0,2295.15,2275.0
PR009722,2026-11-07,MANDI018,Ferozepur,Sugarcane,3638.75,4120.92,3879.83,3500.0
PR011409,2026-03-25,MANDI023,Ambala,Cotton,5921.27,6731.29,6326.28,6620.0
PR011656,2026-03-23,MANDI018,Patiala,Cotton,6625.31,7735.0,7180.06,
PR001511,2026-04-07,MANDI038,Fatehabad,Maize,1876.47,1984.54,1930.5,2090.0
PR008527,2026-02-05,,,Rice,1956.0,2337.18,2146.0,
PR006815,2026-04-14,MANDI048,Moga,Maize,1777.67,2006.54,1892.1,2090.0
PR001806,2026-03-14,MANDI057,Jalandhar,Wheat,1953.0,2165.05,2059.15,2275.0
PR002963,2026-07-13,MANDI008,Ludhiana,Cotton,6760.07,8179.62,7470.0,6620.0
PR002683,2026-01-18,MANDI049,Ludhiana,Maize,2004.0,2230.98,2117.49,2090.0
PR009552,2026-07-02,MANDI053,Moga,Ganne,3582.03,4265.93,3924.0,3500.0
PR008025,2026-07-01,,Karnal,Sarso,5906.0,6811.07,6358.0,5650.0
PR008071,2026-08-23,MANDI026,Fatehabad,Chawal,2001.25,2290.22,2146.0,2183.0
PR010880,2026-05-03,MANDI007,Jalandhar,Mustard,5685.17,6835.65,6260.41,5650.0
PR009500,2026-01-23,MANDI001,Ferozepur,Sarso,5419.97,6654.0,6036.83,5650.0
PR003064,2026-01-13,MANDI005,Fatehabad,Sarso,,6648.85,6276.32,5650.0
PR002480,2026-02-04,MANDI049,Jalandhar,Wheat,2078.0,2511.17,2295.0,2275.0
PR010525,2026-04-27,MANDI053,Karnal,Maize,2133.0,2658.69,2395.94,2090.0
PR011411,2026-06-27,,,Narma,6557.11,7081.19,6819.15,6620.0
PR008390,2026-06-09,MANDI050,Fatehabad,Sarso,5710.93,6885.0,6297.85,
PR011942,2026-01-04,MANDI015,Patiala,Sugarcane,3646.88,4488.54,4068.0,3500.0
PR007324,2026-06-05,MANDI035,Hisar,Wheat,1983.25,2084.24,2033.74,2275.0
PR008886,2026-05-27,MANDI032,Ludhiana,Mustard,4869.0,5600.68,5234.79,5650.0
PR004096,2026-07-09,MANDI006,Fatehabad,Sugarcane,3285.2,3624.0,3454.44,3500.0
PR005444,2026-02-07,MANDI038,Kurukshetra,Ganne,3113.35,3818.02,3466.0,3500.0
PR009942,2026-06-22,MANDI047,Amritsar,Mustard,5127.0,6244.0,5685.47,
PR009104,2026-05-12,MANDI014,Patiala,Cotton,6211.0,7558.55,6884.96,6620.0
PR011877,2026-06-07,MANDI020,Moga,Cotton,6932.0,7949.62,7440.81,
PR011373,2026-05-26,,Ferozepur,Maize,2088.09,2422.95,2255.52,
PR008855,2026-05-23,MANDI019,Patiala,Maize,2109.72,2461.19,2285.46,2090.0
PR003444,2026-07-14,MANDI052,Kurukshetra,Cotton,6714.8,7435.58,7075.19,6620.0
PR001574,2026-05-15,MANDI015,Sirsa,Rice,2223.18,2584.0,2403.51,2183.0
PR004007,2026-01-11,MANDI018,Kurukshetra,Wheat,2164.0,2664.93,2414.49,2275.0
PR009140,2026-07-01,MANDI042,Jalandhar,Sugarcane,3598.0,3892.0,3744.92,3500.0
PR007890,2026-04-20,MANDI005,Hisar,Sugarcane,2996.85,3614.52,3305.68,3500.0
PR011697,2026-05-04,MANDI047,Amritsar,Wheat,2129.65,2445.0,2288.0,2275.0
PR006250,2026-08-13,MANDI031,Amritsar,Rice,2135.85,2480.93,2308.39,2183.0
PR006501,2026-01-04,MANDI014,Patiala,Narma,,7141.5,6750.83,6620.0
PR007338,2026-07-29,MANDI021,Ferozepur,Sugarcane,3246.68,3634.71,3440.7,3500.0
PR006265,2026-05-01,MANDI047,Muzaffarnagar,Cotton,5747.6,6371.0,6059.38,6620.0
PR001010,2026-08-25,MANDI007,Bathinda,Wheat,2290.0,2417.41,2353.56,
PR009445,2026-01-20,MANDI050,Ambala,Maize,,2024.52,1974.0,2090.0
PR010633,2026-02-14,MANDI057,Patiala,Wheat,2273.66,2495.45,2385.0,2275.0
PR009773,2026-08-21,MANDI009,Jalandhar,Sugarcane,3101.7,3463.0,3282.0,3500.0
PR002525,2026-04-30,MANDI034,Hisar,Sugarcane,3517.0,4314.0,3915.0,3500.0
PR011136,2026-05-02,MANDI032,Hisar,Mustard,5715.55,6395.75,6056.0,5650.0
PR000357,2026-03-23,MANDI010,Jalandhar,Rice,2266.02,2675.75,2471.0,2183.0
PR000994,2026-09-01,MANDI038,Kurukshetra,Maize,1899.04,2231.91,2065.0,2090.0
PR004433,2026-03-03,MANDI015,Patiala,Maize,2110.0,2472.29,2291.0,2090.0
PR008203,2026-04-20,MANDI002,Kurukshetra,Mustard,5867.77,6389.92,6128.84,5650.0
PR003614,2026-04-27,MANDI004,Fatehabad,Narma,6206.0,7501.86,6853.78,6620.0
PR008526,2026-01-13,MANDI007,Ferozepur,Maize,2119.0,2377.42,2248.13,
PR004110,2026-02-25,MANDI012,Amritsar,Cotton,5646.0,6851.87,6249.0,6620.0
PR006906,2026-07-11,MANDI007,Jalandhar,Maize,2180.0,2369.0,2274.3,
PR007235,2026-02-13,MANDI026,Karnal,Cotton,6161.38,6469.86,6316.0,6620.0
PR008703,2026-11-06,MANDI009,Jalandhar,Narma,5832.97,,6053.0,6620.0
PR003986,2026-01-27,MANDI050,Karnal,Sugarcane,3413.03,3604.95,3508.99,
PR006834,2026-07-04,MANDI027,Jalandhar,Chawal,1935.13,2214.2,2074.67,2183.0
PR006959,2026-04-29,MANDI014,Amritsar,Maize,2170.24,2574.22,2372.23,2090.0
PR001221,2026-05-14,MANDI040,Jalandhar,Rice,2246.04,2608.97,2428.0,
PR010063,2026-05-31,MANDI047,Jalandhar,Maize,1951.0,2279.0,2115.0,2090.0
PR007905,2026-01-19,MANDI030,Patiala,Wheat,2184.35,2596.0,,2275.0
PR002509,2026-06-05,MANDI025,Patiala,Maize,2170.0,2528.85,2350.0,2090.0
PR000747,2026-06-16,MANDI053,Kurukshetra,Makki,1994.25,2161.31,2077.78,2090.0
PR009029,2026-12-05,MANDI011,Moga,Maize,2100.18,2221.3,2161.0,2090.0
PR010922,2026-05-02,MANDI056,Sirsa,Ganne,3358.0,4142.65,3750.19,3500.0
PR010681,2026-02-02,MANDI030,Moga,Cotton,5721.04,7012.52,6366.78,6620.0
PR010348,2026-01-31,MANDI033,Kurukshetra,Mustard,5185.57,5687.97,5436.77,
PR007617,2026-09-03,,Sirsa,Wheat,,2738.46,2543.71,2275.0
PR003399,2026-05-03,,,Narma,6642.25,8165.4,7403.83,6620.0
PR009105,2026-03-21,MANDI001,Ludhiana,Wheat,2035.28,2273.0,2154.33,
PR010366,2026-10-06,MANDI019,Moga,Maize,1857.6,1969.6,1913.6,2090.0
PR002542,2026-06-28,MANDI055,Bareilly,Wheat,2277.14,2704.71,2490.93,2275.0
PR003462,2026-02-13,MANDI021,Moga,Maize,1889.0,2057.0,1973.0,
PR007874,2026-05-15,,Hisar,Sugarcane,3597.5,4101.0,3849.18,3500.0
PR008598,2026-06-13,MANDI013,Patiala,Maize,1964.06,2178.67,2071.0,2090.0
PR007064,2026-01-25,MANDI018,Ambala,चावल,1923.84,2165.66,2045.0,2183.0
PR006695,2026-02-10,MANDI029,Patiala,Mustard,5066.0,5748.43,5407.18,5650.0
PR005685,2026-06-14,,Karnal,Cotton,5698.57,6980.62,6340.0,6620.0
PR003030,2026-01-05,MANDI020,Patiala,Cotton,6026.0,6497.62,6262.0,6620.0
PR009627,2026-05-18,MANDI024,Jalandhar,Sugarcane,3488.48,4343.0,3915.95,3500.0
PR010667,2026-03-09,,Moga,Rice,1870.33,2136.19,2003.26,
PR010604,2026-05-29,MANDI028,Sirsa,Chawal,2148.0,2363.0,2255.58,2183.0
PR009758,2026-02-03,MANDI050,Sirsa,Ganne,3036.0,3314.76,3175.24,3500.0
PR002817,2026-07-12,MANDI016,Patiala,Cotton,6145.57,6738.9,6442.24,6620.0
PR005440,2026-08-05,MANDI020,Amritsar,Cotton,5906.1,7355.67,6630.89,6620.0
PR001689,2026-04-21,MANDI039,Fatehabad,Mustard,4823.0,5696.86,5260.0,5650.0
PR006853,2026-04-05,MANDI012,Moga,Wheat,,2452.21,2320.0,2275.0
PR004280,2026-04-29,MANDI040,Fatehabad,Makki,,2109.0,2032.06,2090.0
PR008828,2026-03-17,MANDI018,Kurukshetra,Wheat,2202.7,2409.56,2306.13,2275.0
PR009796,2026-07-18,MANDI033,Ambala,Wheat,1995.78,2335.62,2165.7,2275.0
PR009037,2026-09-05,MANDI003,Sirsa,Maize,1889.41,2070.17,1979.79,2090.0
PR010695,2026-07-11,MANDI028,Karnal,चावल,1907.0,2349.34,2128.29,2183.0
PR007753,2026-06-17,MANDI026,Sirsa,Sugarcane,,3392.31,3220.43,3500.0
PR000741,2026-05-31,MANDI005,Bathinda,Mustard,5448.65,6430.51,5939.58,5650.0
PR003560,2026-04-22,MANDI018,Kurukshetra,Chawal,1982.35,2103.8,2043.0,2183.0
PR001089,2026-02-28,MANDI003,Kurukshetra,Rice,1877.37,2008.97,1943.0,2183.0
PR006588,2026-02-16,MANDI045,Jalandhar,Cotton,6517.0,7619.55,7068.0,6620.0
PR007009,2026-02-19,MANDI048,Ferozepur,चावल,2076.0,2194.0,2134.97,2183.0
PR001211,2026-05-21,MANDI031,Hisar,Rice,2083.08,2241.0,2161.88,
PR003480,2026-01-23,MANDI002,Ferozepur,Sugarcane,3178.87,3915.88,3547.0,
PR011762,2026-02-24,MANDI026,Jalandhar,Mustard,5840.0,6247.21,6043.0,
PR004243,2026-02-27,,Karnal,Chawal,,2298.0,2181.8,
PR007479,2026-05-26,MANDI025,Patiala,Wheat,2182.25,2382.05,2282.15,2275.0
PR008536,2026-07-03,MANDI015,Moga,Sugarcane,3030.45,3282.17,3156.31,3500.0
PR009912,2026-06-19,MANDI036,Kurukshetra,Cotton,6709.84,8141.0,7425.42,6620.0
PR011873,2026-04-18,MANDI055,Bareilly,Maize,1867.42,1997.41,1932.42,2090.0
PR011735,2026-07-24,MANDI002,Hisar,Rice,,,2304.0,2183.0
PR000718,2026-01-03,MANDI011,Karnal,Maize,1831.0,2227.0,2029.37,2090.0
PR004530,2026-04-04,MANDI057,Ambala,Mustard,5873.0,7017.87,6445.44,5650.0
PR006393,2026-02-26,MANDI035,Ferozepur,Wheat,2325.61,2596.0,,2275.0
PR008297,2026-08-14,MANDI054,Patiala,Sarso,5030.0,5881.76,5455.82,
PR005150,2026-06-15,MANDI034,Sirsa,Ganne,3061.0,3660.0,,3500.0
PR003214,2026-06-17,MANDI038,Kurukshetra,चावल,,2499.66,2315.49,2183.0
PR005522,2026-06-10,MANDI032,,Wheat,2120.67,2628.31,,2275.0
PR005822,2026-06-24,MANDI036,Ferozepur,चावल,1880.0,2179.64,2029.58,2183.0
PR003194,2026-08-15,MANDI044,Amritsar,Cotton,6652.83,7815.14,7233.98,6620.0
PR011475,2026-04-21,MANDI026,Amritsar,Cotton,6452.62,7947.0,7200.0,6620.0
PR004015,2026-06-06,MANDI028,Ferozepur,Maize,1943.95,2303.04,2123.49,
PR004358,2026-10-03,MANDI005,Kurukshetra,Ganne,3494.68,4120.8,3807.74,
PR009348,2026-05-11,MANDI030,Bathinda,Mustard,4999.59,5543.0,5271.38,5650.0
PR005525,2026-01-15,MANDI028,Fatehabad,Rice,2111.87,2285.5,2198.69,2183.0
PR009419,2026-04-17,MANDI047,Moga,Wheat,2139.91,,2280.65,2275.0
PR011623,2026-05-07,MANDI027,Patiala,चावल,2056.05,2503.54,2280.0,
PR000229,2026-02-21,MANDI050,Muzaffarnagar,Rice,2018.76,2376.34,2197.55,2183.0
PR001852,2026-07-07,MANDI054,Jalandhar,Sugarcane,3476.0,4035.51,3755.56,3500.0
PR006234,2026-07-03,MANDI025,Karnal,Sugarcane,3332.2,3614.0,3473.0,3500.0
PR003499,2026-08-11,MANDI046,Jalandhar,Sugarcane,3096.0,3333.93,3215.0,3500.0
PR001418,2026-12-07,MANDI026,Ambala,Sarso,5922.38,6628.51,6275.44,5650.0
PR001270,2026-01-26,MANDI056,Bareilly,Wheat,2165.19,,2244.51,
PR006988,2026-08-14,MANDI019,Moga,Wheat,2017.55,2496.89,2257.0,2275.0
PR006072,2026-07-04,MANDI006,Kurukshetra,Cotton,6156.0,6716.18,6436.0,6620.0
PR004524,2026-04-23,MANDI048,Sirsa,Cotton,,6963.83,6512.0,6620.0
PR007539,2026-06-19,MANDI049,Karnal,Wheat,2383.56,2752.96,2568.26,
PR005434,2026-05-23,MANDI042,Fatehabad,Maize,2065.0,2383.0,2224.0,
PR002549,2026-12-07,MANDI034,Kurukshetra,चावल,2094.0,2358.16,2226.14,2183.0
PR011849,2026-03-21,MANDI032,Amritsar,Rice,2034.22,2218.07,2126.15,2183.0
PR000047,2026-01-27,MANDI017,Patiala,Mustard,5909.0,6828.0,6368.0,5650.0
PR009936,2026-02-17,MANDI041,Ludhiana,Mustard,5482.99,6148.89,5815.94,
PR002080,2026-05-27,MANDI057,Ludhiana,Rice,2022.88,2488.68,2256.0,
PR003376,2026-04-29,MANDI043,Fatehabad,Mustard,5357.48,6483.0,5920.47,5650.0
PR010972,2026-08-07,,Kurukshetra,Cotton,6380.0,,6681.0,6620.0
PR001942,2026-09-05,MANDI023,Sirsa,Sugarcane,3262.0,3580.0,3420.98,
PR002245,2026-09-07,MANDI036,Sirsa,चावल,2191.82,2606.55,2399.19,2183.0
PR010295,2026-04-28,MANDI045,Bathinda,Maize,1947.0,2109.09,2028.11,2090.0
PR009771,2026-01-13,MANDI009,Jalandhar,Cotton,,8049.0,7480.0,
PR007668,2026-11-03,,Bathinda,Ganne,3581.0,4314.71,3948.0,
PR007804,2026-09-05,,Ambala,Maize,2094.22,2458.25,2276.24,
PR005748,2026-02-24,MANDI051,Saharanpur,Sugarcane,3210.51,3384.68,3297.6,3500.0
PR004253,2026-01-29,,Bathinda,Wheat,2014.0,2323.04,,
PR002018,2026-07-22,MANDI018,Bathinda,Sugarcane,3273.0,3539.7,3406.18,3500.0
PR005425,2026-06-04,MANDI007,Bathinda,Ganne,3387.58,3782.27,3584.92,
PR001453,2026-01-19,,,Mustard,5497.45,6121.0,5809.23,5650.0
PR011066,2026-05-09,MANDI008,Patiala,Sugarcane,3124.0,3869.4,3497.0,3500.0
PR009075,2026-08-26,MANDI039,Bathinda,Cotton,6814.44,7574.84,7194.64,
PR011652,2026-08-29,MANDI006,Jalandhar,Maize,1891.5,2310.88,2101.19,2090.0
PR000865,2026-08-20,MANDI012,Ambala,Narma,5747.0,6370.45,6058.68,6620.0
PR006015,2026-06-13,MANDI056,Ferozepur,Sarso,5129.0,,5576.37,5650.0
PR006543,2026-06-19,MANDI051,Hisar,Mustard,5216.0,5714.65,5465.17,5650.0
PR011098,2026-06-24,MANDI042,Fatehabad,Sugarcane,3409.25,4149.22,3779.23,3500.0
PR005858,2026-02-02,MANDI042,Jalandhar,Mustard,5226.55,,5452.03,5650.0
PR006915,2026-07-13,,,Cotton,6856.0,8542.78,7699.0,6620.0
PR008141,2026-08-13,MANDI022,Sirsa,Cotton,6427.0,7007.28,6717.0,6620.0
PR000739,2026-04-14,MANDI010,Moga,Maize,1949.55,2383.0,2166.25,2090.0
PR008007,2026-01-22,MANDI013,Ludhiana,Rice,2058.19,2431.39,2245.0,2183.0
PR000826,2026-08-13,MANDI029,Jalandhar,Wheat,2055.0,2307.87,2182.0,2275.0
PR004363,2026-05-27,MANDI035,Patiala,Rice,2007.09,2246.0,2126.58,2183.0
PR009302,2026-08-25,MANDI036,Kurukshetra,Sarso,5170.0,5884.0,5527.19,5650.0
PR007533,2026-03-18,MANDI050,Bathinda,Wheat,2383.95,2765.0,2574.41,2275.0
PR006012,2026-04-03,MANDI044,Sirsa,Sugarcane,3336.38,3590.0,3463.25,3500.0
PR001176,2026-05-02,MANDI046,,Cotton,6813.1,8082.78,7447.94,6620.0
PR005532,2026-05-02,MANDI027,Hisar,Cotton,6274.19,7750.29,7012.24,6620.0
PR001747,2026-09-04,MANDI042,Ambala,Cotton,6463.05,,6638.43,6620.0
PR007974,2026-06-01,MANDI034,Amritsar,Rice,2145.37,2292.58,2218.98,2183.0
PR003985,2026-04-10,MANDI004,Ludhiana,Sarso,4837.75,6038.57,5438.16,5650.0
PR007069,2026-01-19,MANDI007,Sirsa,Ganne,3158.61,3636.0,3397.15,
PR003700,2026-08-04,MANDI036,Hisar,Cotton,6269.0,7090.0,6679.12,6620.0
PR003682,2026-05-21,MANDI031,Moga,Cotton,6446.36,6878.42,6662.39,6620.0
PR008172,2026-02-28,MANDI038,Hisar,Sarso,4889.5,5704.63,5297.07,
PR007557,2026-01-19,MANDI051,Sirsa,Makki,2076.8,2436.0,,
PR004261,2026-06-01,MANDI003,Moga,Cotton,6174.0,7522.05,6848.2,
PR004560,2026-06-04,MANDI045,Meerut,Sugarcane,3620.24,4482.0,4051.21,
PR007411,2026-06-29,MANDI035,Jalandhar,Cotton,6470.89,6926.76,6699.0,6620.0
PR004856,2026-06-11,MANDI020,Ambala,Cotton,5728.3,6722.04,6225.17,6620.0
PR002517,2026-06-15,MANDI033,Fatehabad,Rice,2137.78,2532.0,2335.0,
PR001591,2026-07-21,MANDI040,Ambala,Ganne,3672.63,3970.1,3821.0,
PR006098,2026-06-17,MANDI022,Patiala,Cotton,6377.97,7272.4,6825.18,
PR000004,2026-08-14,MANDI036,Jalandhar,Cotton,6537.44,7450.37,6994.0,
PR003518,2026-06-09,MANDI055,Kurukshetra,Mustard,5006.31,6164.0,5585.31,5650.0
PR003620,2026-03-23,MANDI050,Ferozepur,Sugarcane,3512.79,3916.41,3714.6,3500.0
PR003984,2026-01-25,,Fatehabad,Sugarcane,2976.15,3559.18,3267.66,3500.0
PR010565,2026-04-18,MANDI003,Patiala,Makki,2119.63,2354.0,2236.86,2090.0
PR011222,2026-04-01,MANDI023,Patiala,Mustard,5735.62,6619.56,6178.0,5650.0
PR000705,2026-04-13,MANDI038,Kurukshetra,Mustard,5661.2,6791.0,6225.85,5650.0
PR008185,2026-04-12,MANDI057,Ferozepur,Narma,6709.52,8380.25,7544.88,6620.0
PR009843,2026-08-01,MANDI046,,Rice,2241.85,2424.0,2333.0,2183.0
PR006043,2026-02-05,MANDI046,Jalandhar,Cotton,6835.73,7208.1,7021.92,
PR008565,2026-04-12,MANDI049,Hisar,Sarso,5024.0,5963.04,5493.37,
PR007692,2026-01-08,MANDI054,Sirsa,Mustard,5390.0,5717.9,5553.91,5650.0
PR002254,2026-04-14,,Moga,Rice,2280.28,2750.3,2515.29,
PR007412,2026-08-11,,Fatehabad,Mustard,5515.0,6405.05,5960.08,5650.0
PR000104,2026-02-28,MANDI023,Karnal,Mustard,5332.0,6266.0,5798.99,5650.0
PR011980,2026-01-18,MANDI047,Amritsar,Mustard,5396.79,6463.0,5929.77,5650.0
PR006960,2026-08-04,MANDI004,Karnal,Wheat,2172.41,2605.95,2389.0,
PR004333,2026-02-05,MANDI051,Ambala,Wheat,2226.0,2642.08,,2275.0
PR006418,2026-05-26,MANDI023,Jalandhar,Maize,2115.0,2449.92,2282.32,2090.0
PR005516,2026-08-18,MANDI057,Bareilly,Sugarcane,3081.28,3711.0,3396.15,3500.0
PR006657,2026-02-10,MANDI018,Kurukshetra,Mustard,5036.38,5648.95,5342.67,5650.0
PR007782,2026-05-17,MANDI056,Jalandhar,Mustard,5800.41,6816.55,6308.0,5650.0
PR000952,2026-05-31,MANDI008,Ludhiana,Maize,2037.49,2264.07,2150.78,2090.0
PR008909,2026-02-24,MANDI007,Amritsar,Mustard,5843.05,7297.18,6570.0,5650.0
PR010420,2026-04-17,MANDI013,Sirsa,Cotton,5735.0,6510.06,6122.37,6620.0
PR008563,2026-03-19,MANDI026,Kurukshetra,Cotton,6632.08,7324.0,6978.0,6620.0
PR002127,2026-07-17,MANDI027,Amritsar,Rice,2271.0,2385.61,2328.0,2183.0
PR008502,2026-06-08,,Ferozepur,Chawal,1879.0,1986.71,1933.06,2183.0
PR006198,2026-07-09,MANDI048,Sirsa,Cotton,,6857.12,6644.09,6620.0
PR009411,2026-04-17,,Bathinda,Maize,2181.0,2322.24,2251.74,2090.0
PR001479,2026-02-03,MANDI009,Ludhiana,Sugarcane,3226.65,3946.0,3586.49,3500.0
PR010434,2026-03-25,MANDI039,Ferozepur,Wheat,2230.65,2352.99,2291.82,
PR005426,2026-07-19,MANDI052,Karnal,Rice,2203.27,2476.79,2340.03,2183.0
PR010351,2026-02-03,MANDI023,Fatehabad,Mustard,,6293.09,5684.58,5650.0
PR001482,2026-08-22,MANDI026,Bathinda,Rice,2287.77,2807.66,2547.71,2183.0
PR008227,2026-07-13,MANDI052,Amritsar,Sarso,5235.5,5723.57,5479.54,5650.0
PR004971,2026-08-18,,Karnal,Rice,1866.98,2142.0,2004.51,
PR002837,2026-07-04,,Ferozepur,Cotton,6032.0,6396.12,6214.16,6620.0
PR002743,2026-06-15,MANDI008,Amritsar,Wheat,1968.78,2259.38,2114.0,2275.0
PR006601,2026-04-11,MANDI027,Patiala,Rice,2067.0,2482.11,2274.63,
PR009621,2026-01-17,MANDI048,Jalandhar,Sugarcane,3426.0,3797.0,3611.75,3500.0
PR000953,2026-04-04,MANDI037,Ludhiana,Rice,2200.03,2733.36,2467.0,2183.0
PR010481,2026-09-05,MANDI029,Hisar,Chawal,1862.47,2266.22,2064.0,2183.0
PR000332,2026-02-08,MANDI031,Fatehabad,Sugarcane,3288.68,3854.0,3571.0,3500.0
PR010724,2026-12-02,MANDI013,Hisar,Rice,2052.0,2554.33,,2183.0
PR003905,2026-01-14,MANDI052,Fatehabad,Ganne,3409.67,4057.87,3734.0,3500.0
PR007743,2026-04-12,MANDI018,Fatehabad,Cotton,5853.54,6892.82,6373.0,6620.0
PR007081,2026-01-25,MANDI029,Moga,Sarso,5686.77,6756.61,6221.69,
PR010096,2026-03-04,MANDI014,Patiala,Rice,1880.0,2230.53,2055.0,2183.0
PR010244,2026-05-18,MANDI048,Moga,Sugarcane,3559.85,4210.0,3884.99,
PR000442,2026-02-12,MANDI049,Karnal,Mustard,5926.3,6723.0,6325.0,5650.0
PR008657,2026-04-23,MANDI005,Ludhiana,Narma,5782.05,7131.36,6457.0,
PR006162,2026-08-28,MANDI005,Amritsar,Wheat,1960.34,2133.95,2047.14,
PR007030,2026-05-30,MANDI016,Moga,Cotton,5696.3,7091.05,6393.68,6620.0
PR002556,2026-03-27,MANDI025,Hisar,Cotton,5857.0,6406.0,6132.0,
PR006398,2026-07-01,,,Wheat,2338.0,2591.02,2464.71,2275.0
PR007128,2026-05-17,MANDI042,Ferozepur,Rice,1913.11,2379.94,2146.53,2183.0
PR004875,2026-04-09,MANDI021,Moga,Rice,1998.25,2440.46,2219.35,2183.0
PR005756,2026-06-28,MANDI055,Sirsa,Mustard,5441.11,6668.45,6054.78,5650.0
PR010532,2026-08-03,MANDI022,Hisar,Maize,1863.0,2164.02,2013.62,2090.0
PR008194,2026-02-27,MANDI007,Moga,Sugarcane,3513.19,4216.0,3864.54,3500.0
PR011783,2026-06-07,MANDI017,Hisar,Sarso,5057.0,5688.28,5372.56,5650.0
PR011858,2026-02-10,MANDI004,Ludhiana,Maize,1889.6,2192.75,2041.17,2090.0
PR005147,2026-03-20,,Moga,Maize,1994.0,2281.0,2138.0,
PR005944,2026-04-06,,Jalandhar,Rice,2190.95,2466.44,2329.0,2183.0
PR005739,2026-05-05,MANDI042,Ambala,Wheat,1997.73,2374.0,2185.8,2275.0
PR006609,2026-02-19,MANDI036,Ferozepur,Maize,1978.21,2112.07,2045.14,2090.0
PR008948,2026-03-19,MANDI038,Ludhiana,Sugarcane,,3802.0,3615.0,
PR009262,2026-08-29,MANDI006,Amritsar,Maize,2002.0,2421.53,2211.61,2090.0
PR000207,2026-07-02,MANDI010,Moga,Cotton,5912.34,,6423.88,6620.0
PR002664,2026-03-19,MANDI030,Patiala,Maize,1940.0,2044.0,1991.92,2090.0
PR011429,2026-11-06,MANDI052,Saharanpur,Sarso,4847.59,5222.18,5034.88,5650.0
PR003827,2026-08-14,MANDI025,Ferozepur,Wheat,,2061.12,,2275.0
PR001508,2026-03-06,MANDI056,Fatehabad,Rice,1880.0,2225.84,2052.75,2183.0
PR010179,2026-07-20,MANDI051,Karnal,Maize,1854.0,2102.35,1978.05,2090.0
PR001305,2026-06-18,MANDI025,Patiala,Maize,1882.7,2094.0,1988.0,2090.0
PR003220,2026-05-26,MANDI005,Amritsar,Mustard,5162.0,5569.36,5365.5,5650.0
PR010823,2026-04-02,MANDI020,Kurukshetra,Maize,1933.52,2295.41,2114.47,2090.0
PR005874,2026-02-19,,Bathinda,Cotton,5672.22,6078.0,5875.14,6620.0
PR006121,2026-08-10,MANDI023,Ambala,Wheat,2350.0,2512.0,2431.11,2275.0
PR010976,2026-03-07,MANDI003,Bathinda,Maize,2084.02,2589.0,2336.75,2090.0
PR001901,2026-02-07,MANDI034,Jalandhar,Rice,2184.0,2524.48,2354.37,2183.0
PR006307,2026-05-20,MANDI046,Patiala,Sugarcane,3162.72,3605.0,3383.91,3500.0
PR001745,2026-08-13,MANDI006,Hisar,Wheat,1971.0,2357.59,2164.0,
PR010402,2026-04-08,MANDI038,Ambala,Sugarcane,3468.0,4294.54,3881.0,3500.0
PR004146,2026-02-19,MANDI038,Amritsar,Maize,2154.0,2333.4,2243.65,2090.0
PR010430,2026-03-19,MANDI029,Sirsa,Sarso,4912.77,5396.8,5154.79,5650.0
PR008629,2026-02-05,MANDI055,Kurukshetra,Mustard,5037.28,6277.68,5657.48,5650.0
PR008654,2026-05-23,MANDI006,Fatehabad,Cotton,6525.0,7720.58,7122.75,6620.0
PR007806,2026-01-22,MANDI034,Moga,Mustard,5305.0,6467.07,5886.27,5650.0
PR008832,2026-02-03,MANDI017,Ferozepur,Maize,2190.63,2463.0,2326.93,2090.0
PR011249,2026-04-21,MANDI008,Jalandhar,Sugarcane,3358.0,4000.0,3679.24,3500.0
PR005637,2026-06-03,MANDI040,Ludhiana,Mustard,5817.0,6234.0,6025.36,
PR006023,2026-07-31,MANDI035,Ambala,Rice,2035.18,2308.51,2171.85,2183.0
PR001736,2026-06-02,MANDI009,Patiala,Maize,2006.58,2471.82,2239.2,2090.0
PR008896,2026-08-15,MANDI020,Fatehabad,Maize,2047.26,2150.0,2098.69,2090.0
PR007708,2026-01-29,MANDI017,Hisar,Mustard,5582.66,6957.54,6270.1,5650.0
PR004010,2026-07-11,MANDI043,Patiala,Maize,2156.6,2377.82,2267.0,
PR011662,2026-01-30,MANDI007,Amritsar,Sugarcane,3669.0,4457.0,4063.14,3500.0
PR003607,2026-06-19,MANDI036,Kurukshetra,Mustard,5534.94,6489.0,,5650.0
PR004533,2026-05-08,MANDI035,Amritsar,Sugarcane,3312.0,4136.0,3724.06,3500.0
PR003294,2026-02-12,MANDI004,Ludhiana,Sarso,5677.0,6868.92,6272.83,
PR006895,2026-07-29,MANDI043,Kurukshetra,Wheat,2326.37,2624.0,2475.0,2275.0
PR004142,2026-01-07,MANDI039,Moga,चावल,2262.0,2815.4,2539.0,2183.0
PR006397,2026-05-29,MANDI011,Ludhiana,Rice,2035.06,2219.0,2127.0,2183.0
PR007997,2026-03-20,,Jalandhar,Wheat,2074.24,2487.56,2280.9,
PR005246,2026-03-22,MANDI005,Sirsa,Rice,2030.2,2200.26,2115.23,2183.0
PR011703,2026-09-02,MANDI001,Moga,Wheat,2225.16,2529.68,2377.42,2275.0
PR008299,2026-02-12,MANDI043,Jalandhar,Wheat,1949.01,2119.89,2034.0,2275.0
PR009169,2026-04-27,MANDI007,Sirsa,Mustard,5914.95,7129.0,6522.02,5650.0
PR001315,2026-06-19,MANDI018,Amritsar,Rice,1927.15,2326.71,2127.0,2183.0
PR007420,2026-02-15,MANDI029,Bathinda,Makki,2015.0,2149.0,2082.0,2090.0
PR004966,2026-08-09,MANDI010,Jalandhar,Wheat,2202.0,2342.12,2272.02,
PR010613,2026-04-14,,Ambala,Sugarcane,3664.0,4096.62,3880.06,3500.0
PR000449,2026-04-08,MANDI020,Ferozepur,Sarso,5603.68,6583.77,6094.0,5650.0
PR008514,2026-02-28,MANDI043,Jalandhar,Maize,1784.0,1918.0,1851.0,2090.0
PR011031,2026-02-06,MANDI016,Moga,Cotton,6896.06,8428.27,7662.17,6620.0
PR007438,2026-08-18,MANDI018,Hisar,Sugarcane,2977.15,3470.6,3223.87,3500.0
PR009740,2026-01-18,MANDI032,Karnal,Sugarcane,3232.0,,3515.86,3500.0
PR004291,2026-09-03,MANDI006,Sirsa,Rice,2050.56,2285.23,2167.89,
PR007413,2026-02-04,MANDI024,Amritsar,Cotton,6595.96,7148.77,6872.0,6620.0
PR001362,2026-08-23,MANDI009,Ludhiana,Sugarcane,3507.0,3859.0,3683.0,3500.0
PR011689,2026-04-17,MANDI023,Sirsa,Maize,1938.78,2197.0,2068.0,2090.0
PR002183,2026-05-19,MANDI002,Ludhiana,Narma,6861.0,8260.02,7560.0,6620.0
PR010943,2026-08-05,MANDI001,Hisar,Cotton,6792.86,7517.99,7155.42,6620.0
PR009132,2026-03-03,MANDI029,Sirsa,Rice,2080.2,2270.05,2175.0,2183.0
PR000900,2026-03-12,MANDI057,Kurukshetra,Maize,2143.93,2449.47,2297.0,2090.0
PR008370,2026-01-03,MANDI030,Amritsar,Sugarcane,,4022.01,3654.57,3500.0
PR001240,2026-09-01,MANDI013,Sirsa,Sugarcane,3083.72,3573.91,3328.82,3500.0
PR002774,2026-02-10,MANDI047,Patiala,Rice,2230.47,2412.0,2321.47,
PR005583,2026-04-14,MANDI013,Sirsa,Mustard,4906.0,5620.0,5263.05,5650.0
PR007259,2026-08-04,MANDI008,Karnal,Maize,2146.0,2478.0,2312.16,
PR008160,2026-03-04,,Kurukshetra,चावल,2151.4,2423.0,2287.3,2183.0
PR009034,2026-03-08,MANDI021,Ambala,Rice,1948.59,2149.96,,2183.0
PR004850,2026-01-28,MANDI036,Ferozepur,Wheat,2021.63,2299.5,2160.56,2275.0
PR005143,2026-04-09,MANDI044,Sirsa,Wheat,2038.91,2289.97,2164.44,2275.0
PR005120,2026-07-10,MANDI040,Hisar,Ganne,3196.54,3378.9,3287.72,
PR010090,2026-06-19,MANDI023,Bathinda,Ganne,3333.0,3875.0,3604.04,3500.0
PR005293,2026-07-09,MANDI001,Patiala,Wheat,2046.36,2165.64,2106.0,2275.0
PR006613,2026-06-30,,Ludhiana,Chawal,2169.02,2560.0,,2183.0
PR011872,2026-06-05,MANDI056,Kurukshetra,Ganne,3407.11,3633.61,3520.36,3500.0
PR000547,2026-05-29,MANDI050,Fatehabad,Mustard,4803.79,5197.0,5000.17,5650.0
PR004674,2026-04-21,MANDI013,Moga,Mustard,,6864.19,6212.7,
PR007058,2026-02-19,MANDI007,Ludhiana,Maize,2171.0,2538.0,2354.83,2090.0
PR010856,2026-02-03,MANDI021,Ludhiana,Rice,1991.0,2439.65,2215.0,2183.0
PR010395,2026-05-06,MANDI020,Moga,Maize,1824.0,2123.0,1973.8,2090.0
PR000343,2026-05-20,MANDI050,Bathinda,Mustard,4811.26,5184.27,4997.76,
PR011210,2026-08-13,MANDI009,Bathinda,Wheat,2314.0,2431.02,2372.4,
PR000715,2026-01-28,MANDI015,Hisar,Maize,1873.0,2047.74,1961.0,2090.0
PR011964,2026-01-20,,Ambala,Rice,2098.08,2428.43,2263.0,2183.0
PR001888,2026-06-23,,,Sugarcane,3643.0,4402.22,4022.78,3500.0
PR002427,2026-03-12,MANDI012,Sirsa,Maize,2178.06,2395.0,2286.0,2090.0
PR004744,2026-06-29,MANDI031,Kurukshetra,Mustard,5368.0,6045.0,5706.58,
PR003672,2026-05-12,MANDI028,Patiala,Sugarcane,3270.0,3487.0,3378.62,
PR004736,2026-04-22,,,Cotton,5695.29,6340.33,6018.0,6620.0
PR000996,2026-03-13,MANDI010,Ambala,Maize,2161.0,2410.0,2285.93,2090.0
PR001388,2026-07-23,MANDI029,Ludhiana,Sugarcane,3300.39,3885.0,3593.0,3500.0
PR007191,2026-01-04,,Bathinda,Wheat,2380.69,2889.0,2634.94,2275.0
PR003389,2026-07-14,MANDI018,Bathinda,Mustard,4884.34,5831.07,5357.7,5650.0
PR003581,2026-08-19,MANDI055,Patiala,Rice,1952.09,2393.24,2172.66,2183.0
PR009474,2026-01-18,MANDI043,Bathinda,Chawal,1861.05,2234.44,2047.74,2183.0
PR010791,2026-05-08,MANDI048,Patiala,Cotton,6819.0,8461.18,7640.15,6620.0
PR003481,2026-01-07,MANDI012,Patiala,Cotton,5828.73,7054.42,6441.58,
PR010663,2026-06-25,MANDI015,Sirsa,Wheat,2325.13,2470.0,2397.41,2275.0
PR008879,2026-08-12,MANDI037,Kurukshetra,Rice,2204.46,2609.0,2406.96,2183.0
PR011586,2026-05-16,MANDI012,Bathinda,Rice,2289.4,2472.49,2380.94,
PR008032,2026-05-12,,Kurukshetra,Wheat,2240.0,2399.43,2319.86,2275.0
PR002471,2026-05-05,MANDI022,Kurukshetra,Mustard,4971.27,6202.92,5587.1,
PR000527,2026-05-02,MANDI036,Kurukshetra,Maize,2066.33,2455.25,2260.79,2090.0
PR001062,2026-03-17,MANDI049,Patiala,Maize,2029.04,2466.69,2247.87,2090.0
PR007829,2026-08-24,MANDI013,Fatehabad,Maize,1970.99,2128.0,2050.0,2090.0
PR009401,2026-09-08,MANDI030,Ludhiana,Maize,1946.03,2190.33,2068.0,
PR001985,2026-03-19,MANDI011,Patiala,Mustard,5062.84,5469.5,5266.17,5650.0
PR009609,2026-03-25,MANDI008,Ambala,Mustard,5866.0,7116.3,6491.08,5650.0
PR011125,2026-02-12,MANDI024,Moga,Maize,1945.0,2056.0,2000.18,2090.0
PR008681,2026-03-14,MANDI025,Fatehabad,Rice,2238.0,2682.0,2459.79,2183.0
PR008669,2026-07-21,MANDI016,Bathinda,Maize,2018.94,2276.97,2147.95,2090.0
PR006351,2026-01-15,MANDI022,Moga,Maize,2002.57,2344.0,2173.51,2090.0
PR008138,2026-03-06,,Patiala,Chawal,1968.4,2082.0,2025.0,
PR003425,2026-06-29,MANDI053,Hisar,Maize,2075.0,2448.38,2262.0,2090.0
PR011664,2026-06-25,MANDI041,Moga,Makki,2082.0,2541.33,2312.0,2090.0
PR004169,2026-02-27,MANDI013,Patiala,Wheat,1948.55,2413.21,2181.0,2275.0
PR001995,2026-03-15,MANDI017,,Ganne,3660.24,4149.0,3904.0,3500.0
PR006416,2026-04-18,MANDI015,Jalandhar,Sugarcane,3437.61,3781.02,3609.0,3500.0
PR000911,2026-02-17,,Patiala,Maize,2086.56,2399.85,2243.21,2090.0
PR004359,2026-06-23,MANDI026,Jalandhar,Sugarcane,3630.09,4218.14,3924.0,3500.0
PR003836,2026-04-29,MANDI011,Patiala,Maize,2104.5,2449.14,2276.82,2090.0
PR008341,2026-03-03,MANDI010,Karnal,Narma,5648.0,6118.0,5882.83,6620.0
PR001076,2026-01-02,MANDI037,Ludhiana,Wheat,,2654.0,2512.85,2275.0
PR003658,2026-06-13,MANDI029,Sirsa,चावल,1922.26,2134.0,2028.33,
PR011005,2026-07-20,MANDI016,Ludhiana,Wheat,1952.0,,2074.0,2275.0
PR010120,2026-06-26,MANDI034,Bathinda,Mustard,5208.54,5843.0,5525.67,5650.0
PR003504,2026-01-12,MANDI016,Ambala,Rice,1894.05,2265.41,2080.0,2183.0
PR008350,2026-07-03,MANDI038,Kurukshetra,Makki,2162.0,2302.44,2232.0,2090.0
PR003990,2026-02-01,MANDI029,Karnal,Wheat,2084.41,2289.19,2186.8,2275.0
PR008208,2026-02-24,MANDI033,Amritsar,Cotton,6546.07,7687.0,7116.48,6620.0
PR010294,2026-04-05,MANDI026,Kurukshetra,Mustard,5625.09,5929.0,5777.02,
PR011241,2026-02-15,MANDI043,Agra,Cotton,6559.0,7848.0,7204.0,6620.0
PR006411,2026-08-17,MANDI040,Kurukshetra,Mustard,4951.05,5804.23,5377.64,5650.0
PR003882,2026-02-13,MANDI008,Sirsa,Cotton,6160.55,7417.06,6788.81,6620.0
PR002092,2026-06-24,MANDI029,Bathinda,चावल,2157.89,2419.0,2288.66,2183.0
PR000478,2026-07-22,MANDI042,Moga,Makki,2127.46,2468.0,2298.0,2090.0
PR002215,2026-05-23,,Karnal,Wheat,2333.0,2795.86,2564.44,2275.0
PR005512,2026-04-27,MANDI028,Ludhiana,Wheat,2287.0,2639.92,,2275.0
PR010578,2026-05-09,MANDI052,Patiala,Wheat,2203.22,2707.0,2455.25,2275.0
PR011435,2026-11-06,MANDI036,Jalandhar,Narma,5981.0,6651.83,6316.62,
PR007315,2026-06-23,MANDI001,Ferozepur,Maize,1982.0,2165.44,,2090.0
PR005894,2026-04-09,MANDI030,Moga,Cotton,6547.96,7589.8,7068.88,6620.0
PR005231,2026-03-17,MANDI037,Kurukshetra,Rice,2117.0,2252.0,2184.78,2183.0
PR003732,2026-02-04,MANDI031,Fatehabad,Cotton,6532.0,7802.53,7167.4,6620.0
PR000743,2026-06-26,,Sirsa,Rice,2201.84,2601.46,2401.65,2183.0
PR004076,2026-03-22,MANDI034,Jalandhar,Wheat,2119.19,,2332.04,2275.0
PR008525,2026-07-30,MANDI052,Sirsa,Maize,2069.0,2404.0,2236.74,2090.0
PR010216,2026-01-18,MANDI015,Ambala,Maize,1916.0,2242.0,2079.04,2090.0
PR007234,2026-06-22,MANDI028,Ferozepur,Sugarcane,3440.0,4041.57,3741.0,3500.0
PR001426,2026-04-05,MANDI030,Karnal,Mustard,5531.95,6257.76,5894.85,5650.0
PR009905,2026-10-02,MANDI006,Jalandhar,Cotton,6595.0,8175.74,7385.0,6620.0
PR006336,2026-06-29,MANDI046,Jalandhar,Cotton,6808.35,7850.1,7329.0,
PR001605,2026-02-11,MANDI003,Patiala,Wheat,1988.85,2410.0,2200.0,2275.0
PR007170,2026-08-01,,Jalandhar,Sugarcane,3513.0,3759.0,3636.0,3500.0
PR005786,2026-03-17,MANDI015,Ambala,Sugarcane,3403.28,3975.32,3689.0,3500.0
PR009305,2026-02-16,MANDI015,Ludhiana,Rice,2111.0,2405.29,2258.0,2183.0
PR008887,2026-06-16,MANDI027,Ferozepur,Chawal,1933.0,2109.0,2021.14,2183.0
PR008614,2026-07-20,MANDI052,Kurukshetra,चावल,1922.28,2268.0,2094.99,
PR002447,2026-03-27,MANDI015,Karnal,Ganne,3373.2,4195.73,3784.47,3500.0
PR003047,2026-02-11,,Ludhiana,Maize,1897.47,2065.81,1981.64,2090.0
PR011799,2026-08-07,MANDI032,Moga,Rice,1913.0,2074.0,1993.0,
PR004633,2026-01-13,MANDI025,Moga,Maize,1789.0,1948.25,1868.54,
PR009952,2026-06-15,MANDI012,Patiala,Wheat,1998.09,2493.0,,2275.0
PR003143,2026-03-15,MANDI026,Kurukshetra,Sugarcane,3360.99,3674.0,,
PR001954,2026-08-22,MANDI006,Jalandhar,Wheat,2337.25,2813.91,2575.58,2275.0
PR011141,2026-08-26,,Bathinda,Maize,1914.74,2327.0,2121.02,
PR000211,2026-06-03,,Ferozepur,Sugarcane,3277.0,3487.0,3382.09,3500.0
PR006743,2026-03-17,MANDI048,Jalandhar,Rice,1968.01,2247.0,2107.43,
PR006065,2026-03-17,MANDI043,Ambala,Cotton,5819.81,7026.8,6423.31,
PR010721,2026-01-04,MANDI015,Amritsar,Cotton,6572.0,8006.37,7289.0,6620.0
PR000488,2026-09-02,MANDI041,Ambala,Rice,1930.64,2200.0,2065.11,2183.0
PR002935,2026-05-28,MANDI014,Hisar,Wheat,1967.95,2105.97,2036.96,2275.0
PR007996,2026-05-19,MANDI036,Kurukshetra,Sugarcane,3103.49,3694.31,3398.9,3500.0
PR001955,2026-03-07,MANDI023,Hisar,Chawal,2267.04,2778.16,2522.6,2183.0
PR009509,2026-08-21,MANDI050,Bathinda,Cotton,6129.78,6733.0,6431.58,6620.0
PR005956,2026-01-07,MANDI003,Ludhiana,Mustard,4949.78,5398.21,5173.99,
PR005693,2026-02-07,,Jalandhar,Cotton,6054.26,7395.97,6725.12,
PR001312,2026-05-09,MANDI053,Karnal,Maize,2028.16,2144.91,2086.54,2090.0
PR008394,2026-08-26,MANDI056,Hisar,Cotton,5906.02,6862.0,6383.93,6620.0
PR000310,2026-07-03,MANDI014,Patiala,Narma,6856.13,8231.68,7543.91,6620.0
PR009848,2026-06-22,MANDI038,Kurukshetra,Mustard,4895.0,5305.68,5100.22,5650.0
PR004695,2026-05-25,MANDI026,Hisar,Maize,1914.0,2205.0,2059.42,
PR010853,2026-08-06,MANDI051,Karnal,Rice,2242.52,2479.1,2361.0,2183.0
PR005543,2026-07-04,MANDI039,Amritsar,Sugarcane,3670.0,,3766.0,
PR007744,2026-07-07,MANDI055,Ferozepur,Maize,1816.14,2254.44,2035.29,2090.0
PR005709,2026-01-14,MANDI001,Patiala,Sugarcane,3489.76,4009.0,3749.19,3500.0
PR001837,2026-07-04,MANDI037,Amritsar,Maize,2016.11,2192.4,2104.25,
PR006512,2026-07-11,MANDI019,Moga,Wheat,2117.0,2280.43,2198.51,2275.0
PR006968,2026-06-29,MANDI036,Karnal,Cotton,5639.0,6459.0,6048.55,6620.0
PR009030,2026-05-09,MANDI030,Patiala,Wheat,2301.91,2798.51,2550.21,
PR003995,2026-08-31,MANDI015,Fatehabad,Maize,2107.35,2488.27,2297.81,2090.0
PR002189,2026-05-10,MANDI018,Karnal,Sugarcane,3151.0,3676.0,3414.0,
PR004697,2026-09-07,,Kurukshetra,Maize,2003.15,2309.14,2156.15,2090.0
PR008484,2026-02-15,MANDI030,Kurukshetra,Maize,1954.86,2250.0,2102.67,2090.0
PR006713,2026-03-11,MANDI020,Ferozepur,Wheat,2012.0,2143.62,2077.64,2275.0
PR004297,2026-07-22,MANDI049,Jalandhar,Ganne,3173.2,3344.11,3258.66,3500.0
PR008508,2026-01-13,MANDI016,Ludhiana,Chawal,1930.0,2354.4,2142.0,2183.0
PR011154,2026-01-19,MANDI033,Fatehabad,Sarso,5186.0,5739.46,5462.9,5650.0
PR006465,2026-06-03,MANDI019,Amritsar,Sugarcane,3645.27,4509.11,4077.19,3500.0
PR005343,2026-03-08,MANDI031,Fatehabad,Wheat,2328.0,2483.0,2405.48,2275.0
PR004467,2026-04-30,MANDI011,Bathinda,Makki,2131.65,2499.55,2316.0,2090.0
PR000189,2026-01-24,MANDI037,Moga,Wheat,2162.48,2640.18,2401.33,2275.0
PR005647,2026-07-25,MANDI039,Jalandhar,Mustard,5413.35,6539.78,5976.56,5650.0
PR003367,2026-07-11,MANDI055,Hisar,Narma,6644.0,,7151.0,6620.0
PR004170,2026-08-30,MANDI027,Fatehabad,Rice,2226.36,2531.18,2378.77,2183.0
PR006068,2026-03-22,MANDI009,Ambala,Sugarcane,3631.86,4095.62,3863.74,3500.0
PR001055,2026-01-03,MANDI056,Ludhiana,Sugarcane,3461.39,4325.0,3893.18,3500.0
PR008875,2026-08-06,MANDI034,Moga,Sugarcane,3169.0,3679.32,3424.35,
PR008249,2026-09-07,MANDI009,Fatehabad,Wheat,2252.69,2403.0,2327.92,2275.0
PR009250,2026-03-17,MANDI013,Jalandhar,Rice,1983.94,2374.85,2179.39,2183.0
PR005259,2026-08-14,MANDI001,Patiala,Rice,2151.0,2528.87,2339.99,2183.0
PR009181,2026-09-04,,,Wheat,1977.0,2093.3,2035.0,2275.0
PR000345,2026-05-26,MANDI046,Fatehabad,Chawal,2012.8,2231.34,2122.07,2183.0
PR001547,2026-04-04,MANDI006,Amritsar,Maize,1839.9,2177.0,2008.6,2090.0
PR002960,2026-06-04,MANDI013,Patiala,Maize,2048.0,2397.0,2222.0,
PR000744,2026-08-01,MANDI012,Sirsa,Rice,2245.0,2465.0,2355.49,2183.0
PR000585,2026-08-28,,Patiala,Rice,1927.92,2139.91,2033.92,2183.0
PR008689,2026-07-11,MANDI054,Bathinda,Makki,2133.0,2242.0,2187.28,
PR001234,2026-01-02,MANDI031,Bathinda,Cotton,5671.73,6777.3,6224.51,6620.0
PR007942,2026-04-25,MANDI020,Kurukshetra,Mustard,5482.78,6592.0,6037.0,5650.0
PR010956,2026-08-10,MANDI002,Karnal,Mustard,5047.05,6206.0,,5650.0
PR001131,2026-05-24,MANDI012,Sirsa,Narma,5767.0,6912.0,6340.0,
PR000432,2026-08-15,MANDI001,Jalandhar,Wheat,1972.86,2314.0,2143.0,2275.0
PR008698,2026-02-18,MANDI008,Fatehabad,Wheat,1989.87,2325.0,2157.32,2275.0
PR011639,2026-02-09,MANDI041,Patiala,Sugarcane,3333.71,3973.67,3654.0,3500.0
PR011224,2026-06-03,MANDI024,Amritsar,Mustard,5765.0,6611.71,6188.25,
PR008101,2026-07-25,MANDI051,Ambala,Sugarcane,3449.44,,3584.0,3500.0
PR011219,2026-07-01,MANDI037,Hisar,Wheat,1995.0,2173.62,2084.0,2275.0
PR004867,2026-03-06,MANDI006,Kurukshetra,Ganne,3564.95,4323.55,3944.0,
PR008625,2026-08-19,MANDI032,Moga,Sugarcane,3187.83,3387.0,,
PR000778,2026-01-02,MANDI046,Bathinda,Mustard,5088.77,,5444.94,5650.0
PR009308,2026-09-07,MANDI006,Amritsar,Wheat,2004.07,2170.0,2086.98,2275.0
PR004025,2026-08-28,MANDI028,Sirsa,Sugarcane,3284.66,3759.2,,
PR002720,2026-01-14,MANDI030,Fatehabad,Mustard,4864.01,5403.09,5133.55,5650.0
PR007288,2026-06-26,MANDI007,Ludhiana,Mustard,5431.71,5816.0,5624.02,5650.0
PR004517,2026-08-31,MANDI033,Amritsar,Wheat,2166.09,2333.01,2249.55,
PR005379,2026-05-25,MANDI032,Kurukshetra,Sarso,5003.43,5583.2,,5650.0
PR000639,2026-07-11,MANDI027,Ludhiana,Wheat,2363.26,2814.98,2589.12,2275.0
PR004578,2026-07-23,MANDI002,Jalandhar,Rice,1966.3,2288.76,2127.53,
PR004064,2026-07-22,,Patiala,Maize,1961.0,2349.11,2155.0,
PR006093,2026-08-09,MANDI037,Kurukshetra,Sugarcane,3515.0,3925.96,3720.0,3500.0
PR001222,2026-02-08,MANDI053,Saharanpur,Mustard,5615.0,6112.96,5864.12,5650.0
PR005017,2026-05-25,,Amritsar,Mustard,4829.0,,5247.0,5650.0
PR010454,2026-04-24,MANDI054,Karnal,Maize,1943.0,2095.73,2019.52,2090.0
PR001595,2026-03-30,MANDI032,Ludhiana,Sugarcane,3478.99,4292.83,3886.0,
PR011780,2026-06-26,,Ferozepur,Narma,6209.97,7408.0,6809.11,6620.0
PR008579,2026-07-22,MANDI027,Fatehabad,Cotton,6122.93,6733.95,6428.44,
PR008947,2026-07-27,MANDI012,Ambala,Narma,6448.84,7797.04,7122.94,
PR011248,2026-08-28,MANDI023,Ludhiana,Rice,1888.42,2035.0,1962.0,
PR003056,2026-03-27,MANDI054,Sirsa,Wheat,2131.9,2466.56,2299.23,2275.0
PR004643,2026-08-19,MANDI047,Ferozepur,Rice,2013.93,2419.0,2216.0,2183.0
PR011531,2026-01-09,MANDI035,Hisar,Cotton,5785.92,6440.9,6113.41,6620.0
PR003225,2026-03-22,MANDI023,Karnal,Cotton,6246.49,7657.83,6952.16,
PR001617,2026-01-05,MANDI017,Hisar,Maize,,2369.96,,2090.0
PR002706,2026-04-10,MANDI053,Hisar,Mustard,4938.45,5257.73,5098.09,5650.0
PR003821,2026-02-09,MANDI022,Ludhiana,Wheat,1938.0,2236.0,2087.09,
PR001447,2026-03-28,MANDI048,Moga,Rice,1978.09,2218.0,2098.0,2183.0
PR011338,2026-09-07,MANDI012,Patiala,Sugarcane,3222.98,3426.76,3324.87,
PR004360,2026-09-05,MANDI049,Muzaffarnagar,Sugarcane,3653.0,4327.02,3990.03,3500.0
PR006682,2026-08-13,MANDI029,Jalandhar,Sugarcane,3184.0,3457.0,3320.44,
PR002741,2026-04-18,MANDI033,Kurukshetra,Sugarcane,3488.21,4336.0,3912.0,3500.0
PR005751,2026-01-08,MANDI006,Amritsar,Wheat,2098.94,2508.0,2303.0,2275.0
PR004199,2026-11-04,MANDI005,Kurukshetra,Narma,6612.89,7062.34,6837.61,6620.0
PR007106,2026-08-29,MANDI041,Fatehabad,Wheat,2369.74,2493.57,2432.0,2275.0
PR001469,2026-01-20,MANDI005,Moga,Maize,1944.0,2087.0,2015.68,2090.0
PR009226,2026-11-03,MANDI030,Kurukshetra,Sugarcane,3439.8,3894.0,,3500.0
PR000054,2026-03-28,MANDI003,Ludhiana,Maize,2173.33,2515.0,,2090.0
PR011445,2026-07-08,MANDI023,Patiala,Sugarcane,3452.82,,3708.0,3500.0
PR005056,2026-04-26,MANDI009,Ambala,Maize,2055.0,2316.67,,2090.0
PR008504,2026-05-03,MANDI042,Amritsar,Sugarcane,3660.65,3989.0,3824.98,3500.0
PR010585,2026-02-02,,,Rice,2025.81,2469.0,2247.42,2183.0
PR006000,2026-08-19,,Ferozepur,Sugarcane,3130.74,3621.83,3376.0,
PR007693,2026-08-25,MANDI052,Patiala,Rice,,2406.0,2238.09,2183.0
PR010668,2026-08-27,MANDI015,Fatehabad,Cotton,6597.0,7402.0,6999.46,6620.0
PR007267,2026-07-23,MANDI025,Ferozepur,Mustard,5533.25,6571.0,6052.33,5650.0
PR009902,2026-05-02,MANDI025,Jalandhar,Mustard,5744.31,,6098.0,5650.0
PR000552,2026-07-17,MANDI026,Ambala,Sugarcane,3513.37,3900.29,3707.0,
PR000561,2026-04-20,MANDI037,Amritsar,Maize,2133.0,2600.31,2366.44,
PR003344,2026-06-26,MANDI032,Hisar,Wheat,1934.11,2240.0,2086.9,
PR001155,2026-08-11,MANDI046,Amritsar,Narma,6683.0,7207.9,6945.0,6620.0
PR004080,2026-05-09,MANDI045,Amritsar,Sugarcane,3357.42,3550.83,3454.0,
PR011015,2026-06-09,MANDI044,Fatehabad,Rice,2136.29,2408.24,2272.27,2183.0
PR001253,2026-08-14,MANDI055,Hisar,Wheat,2299.15,2777.0,2538.19,2275.0
PR000309,2026-03-12,MANDI035,Ambala,Sugarcane,3291.14,3485.98,3388.56,
PR007080,2026-06-08,MANDI011,Sirsa,Maize,1929.04,2238.0,,2090.0
PR008004,2026-08-18,MANDI013,Bathinda,Cotton,6092.05,7186.58,6639.0,6620.0
PR000418,2026-06-16,MANDI023,Karnal,Mustard,4933.28,5948.61,5440.94,
PR001692,2026-02-08,,Hisar,Cotton,5937.29,7321.79,6630.0,
PR004013,2026-07-22,MANDI047,Hisar,Mustard,5916.84,7365.88,6641.36,
PR007887,2026-04-11,MANDI048,Sirsa,Wheat,1952.88,2075.0,2013.71,2275.0
PR010799,2026-07-20,MANDI020,Hisar,Sugarcane,3147.48,3584.78,3366.0,
PR003704,2026-05-28,MANDI021,Ambala,Wheat,2092.0,2321.04,2207.0,2275.0
PR010298,2026-04-09,MANDI014,Fatehabad,Wheat,1937.17,2192.42,2064.8,
PR002951,2026-04-06,MANDI015,Ludhiana,Mustard,5374.58,6655.0,6014.93,5650.0
PR011517,2026-01-21,MANDI039,Ambala,Rice,1874.35,2182.39,2028.37,2183.0
PR007812,2026-01-08,MANDI050,Fatehabad,Makki,1942.87,2328.49,2135.68,2090.0
PR010872,2026-07-31,MANDI018,Karnal,Rice,2154.28,2664.47,2409.37,2183.0
PR009447,2026-06-09,MANDI053,Karnal,Wheat,,2466.07,2239.53,2275.0
PR004937,2026-02-09,MANDI007,Ludhiana,Maize,1913.0,2310.46,2112.0,2090.0
PR000127,2026-06-03,MANDI010,Amritsar,Wheat,,2501.18,2399.0,
PR011316,2026-03-07,MANDI027,Ambala,Rice,2152.94,2637.7,2395.32,2183.0
PR000825,2026-04-19,MANDI006,Amritsar,Maize,1866.77,2196.0,2031.49,2090.0
PR004141,2026-03-24,MANDI018,Moga,Rice,2226.0,2708.0,2467.04,2183.0
PR000721,2026-07-03,MANDI031,Hisar,Maize,2155.0,2510.89,2333.08,2090.0
PR001589,2026-04-13,MANDI030,Sirsa,Wheat,2370.5,2616.51,2493.5,2275.0
PR005459,2026-06-15,MANDI044,Jalandhar,Wheat,2078.74,2457.09,2268.0,2275.0
PR007978,2026-04-13,MANDI056,Ludhiana,Sugarcane,3526.0,3878.44,3702.04,3500.0
PR003301,2026-07-19,,Fatehabad,Wheat,1950.19,2198.76,2074.47,
PR003784,2026-04-04,MANDI003,Bathinda,Wheat,2341.89,2565.6,2453.74,
PR004033,2026-04-16,,Moga,Maize,1993.68,2262.0,,
PR007552,2026-01-02,,Ludhiana,Narma,6324.43,7351.71,6838.0,6620.0
PR005165,2026-07-06,MANDI026,Hisar,Maize,2095.0,2259.31,2177.0,2090.0
PR008112,2026-07-05,MANDI041,Ludhiana,Wheat,2173.21,2630.79,2402.0,2275.0
PR008264,2026-01-16,MANDI019,Karnal,Maize,1793.0,,,2090.0
PR004883,2026-08-24,MANDI033,Ludhiana,Cotton,,7124.1,6635.24,6620.0
PR002378,2026-08-26,MANDI030,Sirsa,Sugarcane,2979.73,3558.0,3269.06,
PR001114,2026-03-27,MANDI052,Bathinda,Wheat,,2762.14,2508.0,2275.0
PR001883,2026-07-13,,Moga,Makki,1898.78,2174.03,2036.4,2090.0
PR004000,2026-02-23,,Kurukshetra,Sugarcane,3477.24,4249.13,3863.18,
PR011613,2026-04-29,MANDI036,Ferozepur,Cotton,6398.36,6962.0,6680.05,6620.0
PR004694,2026-09-04,MANDI032,Ludhiana,Sugarcane,3510.22,4177.0,3843.76,
PR005217,2026-03-22,MANDI036,Patiala,Rice,2233.5,2479.1,2356.3,2183.0
PR011473,2026-08-24,MANDI021,Ludhiana,Wheat,2193.96,2737.0,2465.32,2275.0
PR004580,2026-08-07,MANDI005,Moga,Cotton,5746.65,6970.2,6358.43,6620.0
PR001254,2026-08-13,MANDI034,Jalandhar,Rice,2027.89,2430.0,2228.83,2183.0
PR010362,2026-07-28,MANDI014,Bathinda,Sugarcane,3061.05,3780.85,3421.0,3500.0
PR006944,2026-04-28,,Kurukshetra,Makki,1973.57,,2145.0,2090.0
PR002137,2026-02-15,MANDI003,Patiala,Rice,1985.6,2186.0,2085.57,2183.0
PR007395,2026-07-22,MANDI021,Ambala,Maize,2169.0,2444.0,2306.0,2090.0
PR007995,2026-02-02,MANDI039,Sirsa,Sugarcane,3340.0,3549.27,3444.63,
PR006730,2026-10-05,MANDI021,Bathinda,Maize,,2575.26,2353.0,2090.0
PR003492,2026-08-29,MANDI033,Ludhiana,Narma,5733.93,7113.7,6424.0,6620.0
PR008980,2026-03-01,MANDI039,Kurukshetra,Cotton,6894.0,8260.1,,6620.0
PR008642,2026-07-05,,,Wheat,2182.87,2622.68,2402.78,2275.0
PR004275,2026-05-14,MANDI002,Moga,Wheat,1979.87,2439.56,2210.0,
PR004202,2026-05-11,,Jalandhar,Maize,1802.0,2071.03,1936.46,
PR007147,2026-10-06,MANDI010,Jalandhar,Wheat,2338.0,2783.0,2561.0,2275.0
PR009875,2026-07-21,MANDI003,Bathinda,Wheat,2000.79,2420.5,2210.64,2275.0
PR000620,2026-08-17,MANDI053,Karnal,Maize,2014.0,2463.88,2238.77,2090.0
PR004068,2026-01-27,MANDI052,Sirsa,Rice,2242.64,2362.35,2302.49,2183.0
PR009243,2026-04-26,MANDI047,Ambala,Wheat,2234.45,2350.1,2292.28,
PR004516,2026-08-29,MANDI011,Jalandhar,Maize,1865.0,2078.43,1971.73,2090.0
PR005493,2026-02-05,MANDI003,Ferozepur,Rice,2268.57,2757.02,2513.0,2183.0
PR003695,2026-02-13,MANDI001,Ludhiana,Rice,2168.58,2600.0,2384.39,2183.0
PR007835,2026-07-09,MANDI050,Bathinda,Rice,2026.0,2450.07,2238.0,2183.0
PR004960,2026-05-23,,Hisar,Sugarcane,,4054.0,3657.0,3500.0
PR003674,2026-07-06,MANDI007,Ludhiana,Maize,2082.2,2255.27,2168.74,2090.0
PR008459,2026-03-13,MANDI013,Amritsar,Mustard,5603.0,6943.06,6273.1,5650.0
PR011113,2026-01-31,MANDI009,Kurukshetra,Cotton,6597.73,7140.97,6869.0,
PR007409,2026-05-17,MANDI055,Bareilly,Narma,6124.0,7060.0,6592.0,6620.0
PR002522,2026-04-26,MANDI039,Bathinda,Maize,2073.11,2214.48,2144.0,2090.0
PR007850,2026-08-04,MANDI018,Amritsar,Rice,1969.0,2243.0,2106.0,2183.0
PR009759,2026-05-04,MANDI026,Hisar,Cotton,6536.0,7505.91,7020.93,6620.0
PR005688,2026-01-16,MANDI025,Karnal,Wheat,2122.0,2299.0,2210.13,2275.0
PR007256,2026-06-14,MANDI026,Amritsar,Wheat,2083.57,2310.0,2197.03,2275.0
PR004249,2026-01-21,MANDI039,Hisar,Sugarcane,3643.0,3927.7,3785.0,3500.0
PR011854,2026-02-22,MANDI007,Ludhiana,Wheat,2191.0,2395.27,2292.95,2275.0
PR010172,2026-04-22,MANDI055,Kurukshetra,Maize,2154.0,2422.59,,2090.0
PR011080,2026-03-03,MANDI010,Bathinda,Mustard,5608.0,6593.26,6100.47,5650.0
PR005169,2026-02-01,MANDI001,Amritsar,Makki,2046.76,2539.0,2293.0,2090.0
PR011324,2026-07-24,MANDI010,Sirsa,Wheat,1935.0,2058.92,1997.0,2275.0
PR009428,2026-03-09,MANDI025,Sirsa,Cotton,5982.16,7110.73,6546.44,6620.0
PR010963,2026-07-29,MANDI007,Kurukshetra,Cotton,6893.13,7345.59,7119.36,
PR006296,2026-06-17,MANDI025,Moga,Wheat,2012.49,2270.69,2141.59,
PR002318,2026-08-30,MANDI009,Kurukshetra,Cotton,6841.46,8209.48,7525.0,6620.0
PR006691,2026-01-05,,Kurukshetra,Maize,1822.42,,2042.0,2090.0
PR000583,2026-08-15,MANDI031,Moga,Wheat,2054.0,2405.85,2229.81,
PR010629,2026-02-03,MANDI013,Fatehabad,Rice,2285.61,2772.65,2529.13,
PR002083,2026-02-19,MANDI030,Hisar,Rice,2137.1,2298.51,2217.8,2183.0
PR011929,2026-01-03,MANDI027,Sirsa,Cotton,5915.36,7294.0,6604.56,6620.0
PR000044,2026-06-24,MANDI051,Fatehabad,Cotton,6143.37,6490.76,6317.0,6620.0
PR002745,2026-05-28,,Sirsa,Maize,2095.99,2342.0,2219.0,2090.0
PR006240,2026-08-04,MANDI051,Karnal,Narma,6615.0,7238.0,6926.65,6620.0
PR007990,2026-01-03,,Ambala,Cotton,5918.89,6220.78,6069.84,
PR000848,2026-02-05,MANDI030,Sirsa,Cotton,,7791.0,7085.54,6620.0
PR011730,2026-02-11,MANDI053,Amritsar,Sugarcane,3408.51,4027.7,,
PR004471,2026-03-13,MANDI033,Karnal,Chawal,,2486.31,2352.0,2183.0
PR002046,2026-01-11,MANDI016,Amritsar,Wheat,2064.48,2502.0,2283.23,2275.0
PR001609,2026-01-24,MANDI034,Jalandhar,Maize,2140.22,2630.66,2385.0,2090.0
PR004034,2026-06-10,MANDI051,Fatehabad,Maize,2056.42,2206.73,2131.57,
PR009546,2026-06-18,MANDI031,Sirsa,Sugarcane,3443.55,3628.46,3536.0,3500.0
PR004604,2026-06-24,MANDI054,Ferozepur,Sugarcane,3365.0,4155.0,3760.31,3500.0
PR011039,2026-08-02,,Sirsa,Wheat,2278.89,2615.41,2447.0,2275.0
PR000236,2026-07-26,MANDI057,Bareilly,Rice,2066.0,2527.0,2296.49,2183.0
PR007051,2026-06-14,MANDI030,Bathinda,Sugarcane,3360.0,3780.81,3570.16,3500.0
PR006506,2026-06-12,MANDI004,Ferozepur,Sugarcane,3004.0,3340.64,3172.14,3500.0
PR002140,2026-03-15,MANDI026,Fatehabad,Mustard,5027.22,6036.0,5532.0,5650.0
PR004853,2026-01-26,MANDI031,Ludhiana,Mustard,4805.07,5315.0,5060.0,5650.0
PR006680,2026-03-06,MANDI028,Ferozepur,Mustard,5549.72,6032.13,5790.93,
PR003652,2026-04-30,MANDI020,Patiala,Cotton,6684.37,7972.45,7328.41,6620.0
PR002224,2026-02-19,MANDI002,Jalandhar,Mustard,5201.48,5634.07,5417.78,5650.0
PR002005,2026-04-28,MANDI020,Sirsa,Maize,2061.0,,2253.0,2090.0
PR000226,2026-03-31,MANDI003,Moga,Wheat,1984.3,2170.85,2077.57,
PR004590,2026-04-30,MANDI028,Hisar,Sugarcane,3186.6,3757.0,,3500.0
PR009577,2026-07-25,MANDI021,Moga,Narma,6927.44,8311.22,7619.0,6620.0
PR001608,2026-03-01,MANDI024,Jalandhar,Sugarcane,3616.36,4261.13,3939.0,3500.0
PR002489,2026-08-03,MANDI023,Moga,Ganne,3273.0,3909.21,3591.0,3500.0
PR000504,2026-03-18,MANDI014,Amritsar,Maize,1957.84,2423.89,2191.0,2090.0
PR001890,2026-07-02,MANDI028,Ludhiana,Wheat,2036.64,,2091.41,2275.0
PR002980,2026-07-29,,Jalandhar,Mustard,5424.16,6609.0,6016.62,5650.0
PR009252,2026-04-30,MANDI029,Fatehabad,Makki,1934.0,2247.83,2091.1,2090.0
PR009242,2026-09-05,MANDI045,Bathinda,Narma,6878.0,8405.93,7642.12,6620.0
PR001308,2026-05-03,MANDI029,Kurukshetra,Wheat,2290.21,2552.0,2421.0,
PR000637,2026-05-28,MANDI003,Kurukshetra,Mustard,5920.03,6340.16,6130.09,
PR004223,2026-03-12,MANDI022,Ludhiana,Maize,,2463.64,2275.0,2090.0
PR010582,2026-09-07,MANDI056,Karnal,Mustard,5382.74,6334.56,5859.0,5650.0
PR005452,2026-08-11,MANDI008,Hisar,Rice,1976.73,2303.88,2140.3,2183.0
PR003549,2026-02-25,MANDI054,Saharanpur,Cotton,,7102.0,6419.0,6620.0
PR008338,2026-06-08,MANDI055,Ferozepur,Wheat,,2421.0,2298.52,
PR001244,2026-04-22,MANDI007,Bathinda,Sarso,5398.33,6391.76,5895.0,5650.0
PR007355,2026-03-11,MANDI053,Hisar,Cotton,6453.28,7731.09,7092.18,6620.0
PR002934,2026-05-12,MANDI048,Muzaffarnagar,Sugarcane,3518.0,3857.0,3687.5,3500.0
PR011501,2026-08-05,MANDI031,Moga,Cotton,5991.5,7278.12,6634.81,6620.0
PR005946,2026-08-09,MANDI040,Kurukshetra,Mustard,5535.0,6576.0,6055.12,
PR005488,2026-06-05,MANDI028,Bathinda,Wheat,2245.73,2529.0,2387.52,
PR006684,2026-02-08,MANDI032,Amritsar,Mustard,5355.0,,5524.0,5650.0
PR007714,2026-02-11,MANDI053,Ludhiana,Rice,2177.0,2658.38,2417.69,2183.0
PR010078,2026-09-06,MANDI023,Amritsar,Sugarcane,3047.23,3663.0,3355.0,
PR000673,2026-08-28,MANDI005,Patiala,Wheat,1982.06,2334.0,2157.89,2275.0
PR009955,2026-08-16,MANDI031,Ludhiana,Narma,,8079.09,7321.0,6620.0
PR003795,2026-04-18,MANDI002,Sirsa,Maize,1953.27,2361.8,2157.53,2090.0
PR007805,2026-03-05,MANDI022,Karnal,Cotton,6303.52,6874.16,6588.84,
PR006227,2026-03-21,,Hisar,Rice,2200.0,2513.95,2356.83,2183.0
PR000344,2026-07-11,MANDI017,Ludhiana,Cotton,6194.81,7485.0,6840.0,6620.0
PR008586,2026-07-11,MANDI029,Hisar,Sugarcane,3636.0,4140.44,3888.0,3500.0
PR009008,2026-02-15,MANDI045,Hisar,Mustard,5876.9,6290.65,6084.0,5650.0
PR003410,2026-06-03,,Ludhiana,Cotton,6130.28,7297.72,6714.0,6620.0
PR011646,2026-07-14,MANDI015,Ludhiana,Cotton,,6873.87,6565.0,
PR006487,2026-06-17,MANDI026,Ferozepur,Ganne,3377.12,3836.72,3606.92,3500.0
PR000123,2026-02-07,MANDI022,Patiala,Cotton,6474.0,6801.0,6637.26,6620.0
PR009078,2026-04-28,,Patiala,Narma,,8028.45,,6620.0
PR007386,2026-07-02,MANDI042,Kurukshetra,Sugarcane,2979.66,3501.0,3240.58,3500.0
PR002737,2026-02-28,,Patiala,Maize,2077.64,2584.82,2331.23,2090.0
PR003659,2026-06-16,MANDI040,Ludhiana,Mustard,5485.5,6656.0,6070.59,5650.0
PR000803,2026-01-10,MANDI010,Patiala,Maize,1865.0,1960.0,1912.3,2090.0
PR004680,2026-07-22,MANDI021,Moga,Narma,6776.82,8270.98,7523.9,6620.0
PR003735,2026-06-10,MANDI027,Patiala,Maize,1950.6,2188.28,2069.44,
PR008292,2026-01-25,MANDI043,Karnal,Wheat,1974.87,2116.18,2046.0,
PR007878,2026-05-15,MANDI003,Patiala,Sugarcane,3134.81,3432.0,3283.3,
PR000576,2026-07-01,MANDI013,Ambala,Cotton,6876.59,,7121.7,6620.0
PR010363,2026-01-25,MANDI026,Hisar,Cotton,6107.22,6631.0,6369.0,6620.0
PR011518,2026-07-11,MANDI027,Kurukshetra,Narma,6253.43,6808.58,6531.0,6620.0
PR000546,2026-06-24,MANDI018,Amritsar,Sugarcane,3025.09,3449.0,,3500.0
PR001446,2026-05-11,MANDI018,Bathinda,Wheat,2150.4,2473.14,2312.0,2275.0
PR001880,2026-02-25,MANDI008,Hisar,Sugarcane,3312.99,3831.93,3572.0,3500.0
PR006356,2026-03-01,MANDI022,Karnal,Wheat,1965.0,2250.49,2107.59,2275.0
PR003498,2026-07-29,MANDI001,Bathinda,Sugarcane,3350.0,3810.0,3580.0,
PR010902,2026-07-12,MANDI018,Karnal,Mustard,5671.0,6965.0,6318.03,5650.0
PR000858,2026-06-22,MANDI012,Fatehabad,Cotton,6032.57,7118.44,6576.0,6620.0
PR004759,2026-04-15,MANDI041,Fatehabad,Cotton,6337.0,7321.04,6829.09,6620.0
PR010107,2026-02-08,MANDI010,Karnal,Cotton,6064.0,6819.44,6442.0,6620.0
PR003528,2026-03-16,MANDI026,Kurukshetra,Maize,1895.41,2087.0,1991.13,2090.0
PR011194,2026-05-16,MANDI035,Moga,Narma,6079.75,6590.64,6335.2,6620.0
PR000601,2026-06-04,MANDI031,Amritsar,Maize,2030.0,2375.0,2202.83,
PR009194,2026-03-17,MANDI018,Kurukshetra,Maize,1878.92,2227.66,2053.29,2090.0
PR000605,2026-03-13,MANDI034,Kurukshetra,Mustard,5868.64,7255.0,6561.92,
PR011755,2026-06-28,MANDI028,Hisar,Maize,2173.0,2313.71,2243.2,
PR002249,2026-06-29,MANDI051,Ferozepur,Sugarcane,,3302.17,3184.6,
PR001940,2026-09-07,MANDI004,Amritsar,Sugarcane,3122.0,3458.87,3290.44,3500.0
PR011760,2026-06-24,MANDI037,Jalandhar,Wheat,2209.0,2493.0,2351.0,2275.0
PR011127,2026-06-21,MANDI020,Patiala,Sugarcane,3347.71,4126.19,3736.95,3500.0
PR009199,2026-02-14,MANDI047,Patiala,Rice,2138.0,2631.27,2384.52,2183.0
PR008878,2026-08-30,MANDI033,Ludhiana,Mustard,5794.0,7060.88,6427.61,5650.0
PR011077,2026-03-30,MANDI042,Hisar,Sugarcane,3217.0,3478.0,3347.82,
PR003962,2026-05-22,MANDI019,Fatehabad,Wheat,2363.0,2702.82,2533.0,2275.0
PR008332,2026-02-03,MANDI052,Bathinda,Sugarcane,3595.7,4063.87,3829.79,
PR005307,2026-02-17,MANDI032,Ambala,Makki,1833.0,2193.5,2013.0,
PR010816,2026-07-15,MANDI029,Ludhiana,Cotton,6841.73,7970.0,7406.0,6620.0
PR007623,2026-02-21,,Patiala,Wheat,2043.53,2277.32,2160.42,2275.0
PR008165,2026-02-06,MANDI019,Ambala,Sugarcane,3574.05,4459.69,,3500.0
PR005837,2026-01-08,MANDI032,Kurukshetra,Sarso,5078.0,5863.21,5470.55,5650.0
PR010029,2026-03-13,MANDI043,Sirsa,Rice,2169.0,2444.61,2307.0,2183.0
PR007935,2026-05-23,MANDI009,Ludhiana,Wheat,1993.36,2414.0,2203.67,2275.0
PR008785,2026-02-12,MANDI048,Ludhiana,Sugarcane,3562.41,4107.96,3835.19,3500.0
PR009344,2026-08-01,MANDI038,Hisar,Maize,1877.71,,2059.0,
PR009853,2026-05-11,MANDI057,Ferozepur,Mustard,5643.0,6068.11,5855.55,5650.0
PR009838,2026-03-05,MANDI033,Kurukshetra,Cotton,6302.47,6728.0,6515.48,6620.0
PR008136,2026-08-25,MANDI008,Moga,Rice,2288.0,,2453.0,2183.0
PR011049,2026-01-23,MANDI009,Fatehabad,Maize,1933.88,2105.32,2019.6,2090.0
PR011464,2026-07-14,,Bathinda,Wheat,2079.39,2524.0,2301.59,
PR008151,2026-04-02,MANDI021,Moga,Mustard,5207.98,5571.27,5390.0,5650.0
PR009147,2026-08-12,MANDI039,,Wheat,1996.0,2255.34,2125.0,2275.0
PR003849,2026-08-01,MANDI032,,Maize,1877.0,2016.5,1946.95,2090.0
PR000977,2026-05-07,MANDI024,Karnal,Mustard,5567.68,6453.0,6010.0,
PR005378,2026-04-17,MANDI016,Jalandhar,Cotton,5754.79,6471.0,6112.76,6620.0
PR009145,2026-02-27,MANDI002,Ludhiana,Sugarcane,3406.41,3634.0,3520.34,3500.0
PR005863,2026-11-05,MANDI051,Fatehabad,Wheat,2135.23,2639.6,2387.0,2275.0
PR004784,2026-07-07,MANDI011,Moga,Sugarcane,3505.88,4084.0,,
PR011718,2026-03-14,MANDI012,Ludhiana,Wheat,2307.28,2500.01,2403.65,2275.0
PR004654,2026-02-09,MANDI011,Sirsa,Wheat,2281.0,2834.0,2558.0,2275.0
PR011331,2026-08-14,MANDI031,Jalandhar,Rice,2236.84,2482.68,2359.76,2183.0
PR005248,2026-04-12,MANDI008,Amritsar,Mustard,4839.0,5954.59,5396.86,5650.0
PR007255,2026-01-17,MANDI025,Hisar,चावल,,2300.56,2156.4,2183.0
PR005154,2026-02-24,MANDI011,Patiala,Maize,2042.0,2416.54,2229.0,2090.0
PR008538,2026-01-04,MANDI054,Bathinda,Cotton,6441.0,7855.0,7147.99,6620.0
PR005846,2026-05-13,MANDI053,Karnal,Mustard,4976.43,5946.2,5461.32,5650.0
PR005267,2026-06-17,MANDI054,Saharanpur,Cotton,6324.01,6948.96,6636.0,6620.0
PR009728,2026-07-24,MANDI014,Moga,Wheat,2145.74,2268.85,2207.0,2275.0
PR004189,2026-04-13,MANDI044,Kurukshetra,Rice,1866.0,2289.0,2077.41,2183.0
PR011101,2026-08-18,MANDI057,Kurukshetra,Wheat,2292.82,2849.78,2571.0,
PR007459,2026-07-20,MANDI003,Ferozepur,Sugarcane,3156.78,3752.74,3454.76,3500.0
PR010769,2026-02-01,MANDI021,Ambala,Sugarcane,3299.0,3858.58,3579.0,3500.0
PR008103,2026-07-05,MANDI048,Muzaffarnagar,Cotton,6857.64,8519.0,7688.35,
PR003951,2026-04-24,,Moga,Chawal,2215.75,2494.0,2354.75,2183.0
PR005117,2026-11-06,MANDI046,Kurukshetra,Rice,2200.12,2581.0,2390.76,2183.0
PR001087,2026-04-23,MANDI056,Bareilly,Wheat,,2568.0,2442.0,2275.0
PR009608,2026-02-24,MANDI007,Ludhiana,Wheat,2177.0,2553.0,2365.0,2275.0
PR007092,2026-03-19,MANDI054,Fatehabad,Cotton,6521.82,7199.72,6860.77,
PR000598,2026-08-02,MANDI052,Jalandhar,Sugarcane,3631.02,4118.28,3874.65,3500.0
PR008845,2026-02-24,MANDI034,Ferozepur,Wheat,2190.0,2571.12,2381.0,2275.0
PR004220,2026-04-08,MANDI008,Hisar,Wheat,2161.0,2389.33,2275.12,2275.0
PR003497,2026-07-25,MANDI001,Ambala,Mustard,5612.0,6346.66,5979.0,5650.0
PR011078,2026-01-26,MANDI018,Moga,Cotton,6637.0,7597.68,7117.1,6620.0
PR001884,2026-07-25,MANDI034,Ambala,Cotton,6875.69,8084.0,7480.0,6620.0
PR006725,2026-03-17,MANDI008,Amritsar,Maize,2056.0,2552.0,2304.31,2090.0
PR011277,2026-07-01,MANDI019,Patiala,Rice,1870.0,2010.0,1940.0,2183.0
PR007435,2026-02-09,MANDI004,Karnal,Wheat,2133.76,2348.69,2241.0,2275.0
PR004444,2026-03-04,MANDI021,Fatehabad,Rice,2228.49,2480.82,2355.0,2183.0
PR010621,2026-03-12,MANDI013,Patiala,Wheat,,2727.76,2554.0,2275.0
PR006561,2026-04-21,,Karnal,Wheat,2334.99,2494.05,2415.0,2275.0
PR000528,2026-07-28,MANDI042,Karnal,Cotton,6190.0,7436.3,6813.33,6620.0
PR010619,2026-07-24,,Amritsar,Cotton,6408.85,7362.0,6885.54,6620.0
PR009530,2026-06-28,MANDI036,Fatehabad,Ganne,3121.85,3365.58,3243.71,
PR008497,2026-07-13,MANDI003,Ferozepur,Cotton,5969.8,7003.6,6486.7,6620.0
PR010155,2026-01-15,MANDI031,Fatehabad,Cotton,6107.51,7132.45,6620.0,6620.0
PR001034,2026-03-28,MANDI012,Hisar,Maize,1914.62,2326.69,2121.0,
PR007775,2026-05-20,MANDI053,Saharanpur,Maize,2069.0,2215.51,,2090.0
PR003314,2026-05-26,MANDI039,Bathinda,Mustard,5409.39,6193.01,5801.2,5650.0
PR003258,2026-05-06,MANDI013,Moga,Wheat,2102.0,2435.56,,
PR009322,2026-01-29,MANDI004,Karnal,Cotton,5680.0,6479.74,6079.76,6620.0
PR010462,2026-01-05,MANDI026,Amritsar,Wheat,2065.0,2480.0,2272.59,2275.0
PR000378,2026-02-11,MANDI056,Ludhiana,Makki,2059.0,,2146.0,2090.0
PR005626,2026-07-26,MANDI023,Karnal,Sugarcane,3570.79,4394.35,3983.0,
PR005495,2026-04-07,MANDI037,Kurukshetra,Rice,1920.0,2027.93,1973.73,2183.0
PR003025,2026-08-24,MANDI040,Jalandhar,Rice,2227.23,2572.42,2399.83,
PR000749,2026-01-14,MANDI031,Ambala,Maize,1856.99,2236.0,2046.0,2090.0
PR009257,2026-04-23,MANDI034,Moga,Sarso,5403.67,6482.39,5943.03,5650.0
PR011651,2026-03-05,MANDI031,Ambala,Mustard,5876.81,6294.12,,
PR001774,2026-03-08,MANDI049,Muzaffarnagar,Cotton,6063.0,,,6620.0
PR004548,2026-04-09,MANDI046,Hisar,Wheat,2078.0,2368.64,2223.33,2275.0
PR002210,2026-06-17,MANDI002,Fatehabad,Wheat,2201.74,,2264.0,2275.0
PR005061,2026-03-13,MANDI002,Ludhiana,Rice,1990.0,,2042.83,2183.0
PR011443,2026-01-10,MANDI041,Kurukshetra,Maize,1992.99,2108.76,2051.0,2090.0
PR003114,2026-02-02,MANDI055,Karnal,Cotton,6367.0,7690.0,,6620.0
PR004464,2026-05-22,MANDI029,Ferozepur,Cotton,6010.07,6855.04,6432.55,6620.0
PR006770,2026-09-09,MANDI055,Ferozepur,Rice,2082.0,2413.0,2248.0,2183.0
PR006293,2026-01-22,MANDI034,Amritsar,Mustard,5608.39,6201.82,5905.11,
PR004365,2026-02-21,MANDI013,Hisar,Makki,1834.1,2087.0,1960.76,2090.0
PR011033,2026-02-25,MANDI041,Fatehabad,Sugarcane,3259.47,3549.6,,
PR001286,2026-10-05,MANDI021,Moga,Cotton,6015.0,6350.28,6183.0,
PR011290,2026-08-05,,Ambala,Wheat,2130.59,2356.67,2244.0,2275.0
PR010992,2026-03-12,,,Wheat,2240.0,2419.1,2330.0,2275.0
PR011692,2026-09-08,MANDI052,Moga,Wheat,2112.0,2481.51,2296.58,2275.0
PR002084,2026-08-31,MANDI022,Karnal,Cotton,6151.13,7004.0,6577.79,6620.0
PR001494,2026-07-01,,,Wheat,2139.77,2526.34,2333.05,2275.0
PR010741,2026-02-04,MANDI004,Hisar,Wheat,2377.0,2517.17,2447.05,
PR001555,2026-04-28,MANDI007,Patiala,Sugarcane,3117.17,3594.02,3356.0,
PR001828,2026-08-10,MANDI036,Fatehabad,Wheat,2011.43,2170.69,2091.06,2275.0
PR011333,2026-08-25,MANDI054,Ludhiana,Maize,1788.0,2017.1,1902.58,
PR007520,2026-03-15,MANDI015,Karnal,Wheat,2295.38,2536.52,2416.0,
PR006995,2026-07-04,MANDI032,Hisar,Sugarcane,3092.0,3555.33,3323.85,3500.0
PR000811,2026-07-17,MANDI016,Bathinda,Wheat,2277.84,2782.0,2529.88,2275.0
PR005896,2026-03-01,MANDI018,Kurukshetra,Maize,2179.04,2560.0,2369.0,2090.0
PR005089,2026-08-09,,Bathinda,Makki,1792.44,1976.0,1884.2,
PR004932,2026-07-05,MANDI026,Patiala,Wheat,2057.0,2379.03,2218.0,
PR004473,2026-02-13,MANDI054,Saharanpur,Rice,1871.0,2319.0,2095.08,2183.0
PR011933,2026-03-29,MANDI046,Fatehabad,Maize,2057.44,2542.6,2300.0,2090.0
PR005782,2026-06-04,MANDI010,Hisar,Narma,6140.0,7416.66,6778.17,6620.0
PR011592,2026-04-27,MANDI040,Kurukshetra,Cotton,5940.95,7275.84,6608.0,6620.0
PR006280,2026-04-06,MANDI006,Moga,Makki,2176.62,2565.0,2370.57,
PR005092,2026-05-11,MANDI050,Hisar,Wheat,2267.76,2833.4,2551.0,2275.0
PR002653,2026-04-18,MANDI030,Ferozepur,Wheat,2185.75,2566.9,2376.33,2275.0
PR004899,2026-01-03,MANDI047,Fatehabad,Mustard,5566.0,6155.0,5860.44,5650.0
PR011731,2026-08-02,MANDI014,Hisar,Cotton,6598.26,8074.82,7336.54,6620.0
PR006806,2026-08-20,MANDI040,Fatehabad,Maize,1859.07,2090.0,1974.54,2090.0
PR008974,2026-07-17,MANDI044,Moga,Mustard,4868.28,6049.36,5459.0,5650.0
PR001282,2026-01-01,MANDI033,Ferozepur,Chawal,2231.27,2400.56,2316.0,2183.0
PR006282,2026-02-23,,Sirsa,Maize,2072.2,2554.72,2313.46,
PR009789,2026-01-11,MANDI047,Kurukshetra,Sugarcane,3189.74,3768.23,,3500.0
PR005765,2026-03-04,MANDI003,Karnal,Wheat,2254.76,2449.65,2352.2,2275.0
PR008518,2026-05-15,MANDI001,Hisar,Wheat,,2178.28,,2275.0
PR004136,2026-08-13,MANDI024,Hisar,Maize,1973.45,2319.54,2146.5,2090.0
PR005602,2026-07-30,MANDI052,Jalandhar,Rice,1868.8,2163.0,2015.69,2183.0
PR003238,2026-08-29,MANDI037,Kurukshetra,Sugarcane,3615.65,4312.0,3964.0,3500.0
PR000566,2026-05-07,MANDI048,Fatehabad,Ganne,3482.64,3821.0,3651.9,
PR004424,2026-07-27,MANDI035,Fatehabad,Ganne,3367.86,4028.84,3698.35,3500.0
PR002463,2026-07-05,MANDI024,Sirsa,Maize,1909.78,2324.0,2116.72,
PR001560,2026-03-05,MANDI040,Amritsar,Mustard,5338.64,5704.08,5521.36,5650.0
PR002194,2026-04-26,MANDI019,Moga,Sugarcane,3314.15,3939.0,3627.0,3500.0
PR004154,2026-06-30,,,Narma,6948.06,8002.0,7474.96,6620.0
PR001454,2026-01-09,MANDI056,Bareilly,Mustard,5187.02,5840.0,5514.0,5650.0
PR010594,2026-04-27,MANDI026,Hisar,Mustard,5434.26,5733.51,5583.88,5650.0
PR003341,2026-05-03,MANDI021,Sirsa,Rice,2058.15,2392.66,2225.0,2183.0
PR002099,2026-05-24,MANDI006,Amritsar,Mustard,5332.0,6308.32,5820.2,
PR011746,2026-02-19,MANDI057,Jalandhar,Makki,2084.86,2214.82,2150.0,
PR004873,2026-05-24,MANDI044,Jalandhar,Rice,,2084.24,1991.0,
PR001992,2026-08-12,MANDI010,Ferozepur,Rice,2101.35,2240.62,2170.99,2183.0
PR005749,2026-07-05,MANDI056,Bareilly,Maize,2147.0,2605.24,2375.89,2090.0
PR009016,2026-01-05,,Ambala,Wheat,2368.53,2747.0,2557.53,2275.0
PR005499,2026-07-22,,Ferozepur,Maize,1846.0,2122.17,1984.21,2090.0
PR000181,2026-03-09,MANDI008,Sirsa,Sarso,5274.53,6219.0,5747.0,5650.0
PR004214,2026-05-01,MANDI057,Hisar,Wheat,1952.27,2154.86,2053.56,2275.0
PR006941,2026-03-15,MANDI004,Moga,Cotton,6383.0,7243.0,6813.0,6620.0
PR011260,2026-03-07,,Sirsa,Makki,2000.92,2336.74,,2090.0
PR006172,2026-07-24,MANDI009,Ferozepur,Makki,1864.12,2285.28,2075.0,2090.0
PR008223,2026-04-22,MANDI052,Bathinda,Rice,2179.34,2713.21,2446.27,2183.0
PR007767,2026-07-05,MANDI014,Jalandhar,Wheat,2124.64,2364.23,2244.43,2275.0
PR008984,2026-05-25,,Karnal,Sugarcane,,,3371.69,3500.0
PR002558,2026-01-21,MANDI030,Ludhiana,Narma,5864.0,6830.77,6347.53,6620.0
PR007540,2026-01-04,MANDI031,Kurukshetra,Cotton,6532.6,7850.0,7191.25,6620.0
PR003140,2026-11-03,MANDI055,Fatehabad,Mustard,5673.0,6020.0,5846.43,5650.0
PR000870,2026-02-07,,,Mustard,5380.0,6340.1,5860.0,5650.0
PR010043,2026-05-27,MANDI028,Fatehabad,Maize,1872.4,2069.02,1970.71,2090.0
PR007897,2026-07-24,MANDI048,Moga,Mustard,4815.45,5600.46,5207.95,5650.0
PR005870,2026-05-04,MANDI009,Karnal,Rice,2268.14,2485.8,2377.0,2183.0
PR009468,2026-06-16,MANDI057,Fatehabad,Mustard,4888.93,5617.0,5253.0,5650.0
PR011394,2026-06-03,MANDI006,Hisar,Ganne,3275.85,3562.72,3419.28,3500.0
PR006847,2026-04-15,MANDI055,Ludhiana,चावल,1896.71,2175.22,2035.97,
PR002193,2026-09-09,MANDI017,Sirsa,चावल,2142.66,2421.15,2281.9,
PR005024,2026-05-18,MANDI023,Ambala,Mustard,5594.12,5928.43,5761.27,5650.0
PR004770,2026-08-20,MANDI044,Ferozepur,Maize,2014.0,2465.63,2240.0,
PR006285,2026-07-11,MANDI036,Ferozepur,Wheat,2071.24,2577.0,2324.0,
PR010286,2026-11-02,MANDI039,,Wheat,2249.8,2688.61,2469.21,2275.0
PR008667,2026-02-01,MANDI008,Patiala,Sugarcane,3320.0,3759.0,3539.44,3500.0
PR006135,2026-06-12,MANDI044,Hisar,Rice,,2623.0,2362.62,2183.0
PR003789,2026-01-22,MANDI048,Amritsar,Maize,1983.05,2122.38,2052.71,
PR008848,2026-12-01,MANDI003,Ambala,Wheat,2115.94,2300.0,2208.21,
PR004677,2026-02-03,MANDI041,Karnal,Wheat,2002.41,2370.0,2186.03,2275.0
PR006298,2026-06-06,MANDI032,Amritsar,Chawal,2291.25,2648.96,2470.0,
PR004084,2026-02-10,MANDI055,Sirsa,Narma,5880.69,7060.48,6470.59,
PR002822,2026-01-18,MANDI027,Ferozepur,Wheat,2000.0,2303.0,2151.53,2275.0
PR005387,2026-07-17,MANDI019,Fatehabad,Cotton,5751.19,6266.17,6008.68,6620.0
PR002064,2026-03-08,MANDI048,Muzaffarnagar,Cotton,5897.0,7068.3,6483.0,6620.0
PR011465,2026-07-18,MANDI046,Kurukshetra,Rice,1921.11,2088.0,2004.44,2183.0
PR003033,2026-08-01,MANDI011,Ferozepur,Cotton,6883.0,7270.0,7076.0,
PR004700,2026-02-28,MANDI053,Patiala,Maize,2046.0,2447.13,2246.74,2090.0
PR010730,2026-04-05,MANDI029,Karnal,Cotton,5889.0,6391.0,6140.15,6620.0
PR005657,2026-06-20,MANDI022,Karnal,Cotton,5972.59,6362.44,6168.0,6620.0
PR005810,2026-08-20,MANDI057,Amritsar,Sugarcane,3607.1,3970.0,3789.0,3500.0
PR010347,2026-08-11,MANDI029,Moga,Wheat,2357.0,2911.05,2633.82,2275.0
PR000799,2026-07-28,MANDI022,Sirsa,Mustard,5421.0,5795.0,5607.66,5650.0
PR007243,2026-08-10,MANDI021,Kurukshetra,Narma,5930.14,6765.91,6348.0,
PR004201,2026-01-31,MANDI007,Ambala,Rice,2079.0,2582.0,2330.54,
PR002856,2026-06-04,,Ferozepur,Maize,1830.0,,2056.55,2090.0
PR003746,2026-03-19,MANDI041,Karnal,Maize,2064.0,2569.36,2316.45,2090.0
PR010771,2026-03-30,,Patiala,Mustard,5906.0,6605.1,6256.0,5650.0
PR001647,2026-01-27,MANDI024,Kurukshetra,चावल,2251.56,2640.0,2446.0,2183.0
PR008090,2026-03-31,MANDI035,Karnal,Sugarcane,3119.79,3518.62,3319.0,3500.0
PR010829,2026-03-03,MANDI052,Ferozepur,Ganne,3350.89,3762.0,3556.48,3500.0
PR011188,2026-07-25,MANDI040,Ambala,Sarso,5837.57,6181.0,6009.33,5650.0
PR002693,2026-04-06,MANDI032,Ludhiana,Wheat,2234.38,2580.0,2407.22,2275.0
PR011226,2026-03-19,MANDI027,Bathinda,Cotton,6859.05,7945.4,7402.0,6620.0
PR010033,2026-04-12,MANDI036,Kurukshetra,चावल,,2428.59,2200.0,2183.0
PR003262,2026-05-24,MANDI047,Fatehabad,Sarso,5865.0,6519.99,6193.0,5650.0
PR008283,2026-12-01,,Ludhiana,Maize,2123.88,2629.0,2376.0,2090.0
PR002830,2026-07-02,MANDI002,Jalandhar,Sarso,5252.0,6433.84,5843.0,5650.0
PR008326,2026-03-24,MANDI049,Kurukshetra,Maize,1802.4,2022.98,1913.0,2090.0
PR007910,2026-01-14,MANDI021,Ferozepur,Mustard,5085.21,5908.94,5497.07,5650.0
PR005809,2026-10-04,MANDI006,Hisar,Cotton,6063.87,7111.75,6587.81,6620.0
PR007300,2026-04-18,MANDI038,Sirsa,Maize,,1993.0,1942.38,2090.0
PR006050,2026-06-30,MANDI038,Ambala,Sugarcane,3084.32,3803.51,3443.91,
PR003729,2026-03-03,MANDI014,Ludhiana,चावल,2187.87,2480.42,2334.14,
PR011796,2026-02-26,,,Wheat,2385.0,2647.07,2516.0,
PR006248,2026-07-01,MANDI011,Jalandhar,Maize,1948.31,2366.06,2157.0,2090.0
PR003086,2026-06-13,MANDI016,Ludhiana,Cotton,6442.0,7940.0,7191.19,6620.0
PR007116,2026-04-01,MANDI049,Karnal,Maize,2120.51,2522.0,2321.42,2090.0
PR009212,2026-04-09,MANDI051,Sirsa,Sarso,,7329.0,6602.0,5650.0
PR001313,2026-06-27,MANDI048,Patiala,Rice,,2457.18,2324.94,2183.0
PR008002,2026-04-29,MANDI010,Jalandhar,Sugarcane,3308.66,3633.51,3471.08,3500.0
PR010978,2026-07-13,,Hisar,Wheat,1995.0,2324.21,2159.55,2275.0
PR005183,2026-04-13,MANDI012,Karnal,Makki,2099.79,2554.83,2327.31,
PR005159,2026-05-25,MANDI034,Amritsar,Chawal,1874.0,2079.52,1977.0,
PR006499,2026-06-25,MANDI004,Jalandhar,Maize,1810.75,2252.0,2031.6,2090.0
PR009560,2026-03-26,,Kurukshetra,Makki,1866.2,2241.84,2054.02,2090.0
PR006576,2026-03-20,MANDI041,Bathinda,Cotton,6477.0,7602.0,7039.58,6620.0
PR008118,2026-02-20,MANDI002,Jalandhar,Sugarcane,3342.75,3686.0,3514.35,3500.0
PR009915,2026-07-30,MANDI016,Ambala,Mustard,4899.92,6116.39,5508.16,5650.0
PR010544,2026-07-01,MANDI050,Amritsar,Cotton,5877.87,7006.81,6442.34,
PR007918,2026-05-05,MANDI045,Jalandhar,Cotton,6496.0,6865.75,6681.07,6620.0
PR005001,2026-02-21,MANDI034,Ambala,Wheat,1963.0,2412.0,2187.6,2275.0
PR001943,2026-05-20,MANDI032,,Wheat,2266.0,2772.34,2519.24,2275.0
PR010270,2026-01-24,MANDI008,Moga,Mustard,5424.0,5938.65,5681.0,5650.0
PR011294,2026-04-09,MANDI010,Amritsar,Cotton,6525.0,7889.84,,6620.0
PR009157,2026-05-02,MANDI047,Fatehabad,Rice,1888.32,2293.97,2091.15,2183.0
PR000722,2026-01-11,MANDI001,Fatehabad,Sugarcane,3503.92,3758.13,3631.02,3500.0
PR007496,2026-08-18,MANDI016,Patiala,Wheat,2063.0,2405.34,2234.0,2275.0
PR006365,2026-03-21,,Bathinda,Sugarcane,2992.43,,3090.12,3500.0
PR005044,2026-07-12,,Sirsa,Maize,1815.52,1952.0,,2090.0
PR004646,2026-02-24,MANDI013,Amritsar,Wheat,2337.0,2475.97,2407.0,2275.0
PR007202,2026-07-02,MANDI056,Jalandhar,Makki,2181.41,2356.32,2268.86,2090.0
PR004331,2026-05-03,MANDI040,Karnal,Sugarcane,3121.0,,3292.91,3500.0
PR008171,2026-07-12,MANDI004,Fatehabad,Rice,1996.0,2210.0,2103.35,2183.0
PR003591,2026-07-17,MANDI007,Ambala,Sugarcane,3453.65,4065.0,3759.49,3500.0
PR009289,2026-04-14,MANDI055,Hisar,Cotton,5968.0,6995.36,6481.59,6620.0
PR005230,2026-05-27,MANDI056,Hisar,Mustard,5723.0,6577.77,6150.36,5650.0
PR000393,2026-04-27,MANDI010,Ludhiana,Sugarcane,3482.65,3914.0,3698.0,3500.0
PR001862,2026-02-15,MANDI016,Patiala,Mustard,5407.0,5799.0,5602.93,5650.0
PR006215,2026-08-28,MANDI022,Sirsa,Sugarcane,3449.75,4205.0,3827.56,3500.0
PR010605,2026-02-15,MANDI009,Jalandhar,Sugarcane,3333.07,4150.56,3741.82,3500.0
PR003891,2026-03-31,MANDI051,Sirsa,Cotton,6709.0,7387.65,7048.39,6620.0
PR001552,2026-08-10,MANDI043,Sirsa,Wheat,2142.07,2401.63,2271.85,2275.0
PR007040,2026-03-16,MANDI002,Ludhiana,Narma,6908.0,8123.0,7515.18,
PR007841,2026-05-17,MANDI029,Fatehabad,Sugarcane,3292.5,3498.0,3395.0,3500.0
PR005609,2026-06-11,MANDI031,Ferozepur,Maize,2103.0,,2174.73,
PR005310,2026-04-14,MANDI048,Amritsar,Cotton,6939.19,8359.42,7649.31,
PR004234,2026-01-19,MANDI003,Amritsar,Cotton,6210.6,7632.88,6922.0,6620.0
PR011857,2026-08-01,MANDI042,Patiala,Makki,1955.68,2110.07,2032.88,2090.0
PR011456,2026-06-26,MANDI037,Patiala,Sugarcane,3571.07,4277.0,3924.04,3500.0
PR010100,2026-08-21,MANDI034,Amritsar,Mustard,5387.07,6425.42,5906.25,
PR006022,2026-06-02,,Amritsar,चावल,,2425.0,2357.95,2183.0
PR007626,2026-03-03,MANDI047,Muzaffarnagar,Sugarcane,3126.51,,3293.07,3500.0
PR010012,2026-01-05,MANDI017,Fatehabad,Rice,2082.04,2190.0,2135.87,2183.0
PR002101,2026-06-08,,Ambala,Sugarcane,3123.75,3783.17,3453.46,3500.0
PR009931,2026-07-19,MANDI003,Ambala,Sugarcane,3082.11,3305.0,3193.45,3500.0
PR001824,2026-08-04,MANDI012,Moga,Cotton,6002.05,,6593.0,6620.0
PR010753,2026-02-19,MANDI013,Patiala,Sarso,5282.64,6212.0,5747.5,5650.0
PR003907,2026-04-07,MANDI003,Fatehabad,Sarso,5180.5,5922.0,5551.46,5650.0
PR006157,2026-07-21,MANDI030,Sirsa,Mustard,4831.0,5901.41,5366.32,5650.0
PR008988,2026-05-17,MANDI012,Amritsar,Narma,6275.26,6704.15,6490.0,6620.0
PR007985,2026-07-14,MANDI010,Hisar,Cotton,5978.31,6905.87,6442.09,6620.0
PR000270,2026-06-11,MANDI003,Kurukshetra,Cotton,6034.76,7434.62,6734.69,6620.0
PR009568,2026-08-09,,,Maize,1822.0,1937.0,1879.55,2090.0
PR002150,2026-03-12,MANDI046,Ambala,Wheat,2226.81,2661.0,2444.04,2275.0
PR006583,2026-09-03,MANDI012,Jalandhar,Narma,5974.0,6880.0,6426.94,6620.0
PR005273,2026-03-02,MANDI020,Moga,Rice,2117.34,2265.15,2191.24,2183.0
PR002494,2026-05-06,MANDI026,Moga,Cotton,6771.0,7929.58,7350.2,
PR001066,2026-05-08,MANDI021,Patiala,Sugarcane,3337.24,3900.78,3619.01,3500.0
PR003848,2026-06-02,MANDI023,Jalandhar,Sugarcane,3445.84,4218.44,3832.0,3500.0
PR002274,2026-03-11,,,Sugarcane,3539.0,4235.12,3887.03,3500.0
PR011984,2026-06-08,MANDI018,Karnal,Maize,2099.0,2568.59,2333.59,2090.0
PR009354,2026-04-27,MANDI015,Patiala,Mustard,4810.44,5073.37,4941.91,5650.0
PR000147,2026-05-14,MANDI032,Hisar,Mustard,5849.0,6279.0,6063.67,5650.0
PR001319,2026-06-09,MANDI018,Sirsa,Rice,1997.0,2406.88,2202.03,2183.0
PR005227,2026-05-10,MANDI002,Sirsa,Mustard,5639.0,6322.02,5981.0,5650.0
PR000518,2026-01-22,MANDI027,Jalandhar,Wheat,2383.0,2524.69,2454.0,2275.0
PR002211,2026-04-29,MANDI026,Moga,Maize,1803.78,1932.0,1868.0,2090.0
PR008638,2026-04-12,MANDI053,Ludhiana,Rice,2021.2,2440.15,2230.68,2183.0
PR001249,2026-05-18,MANDI026,Hisar,Rice,2019.67,2264.0,2141.64,2183.0
PR011824,2026-08-30,MANDI055,Ambala,Rice,2240.0,2618.52,2429.18,2183.0
PR009922,2026-07-12,MANDI013,Kurukshetra,Sugarcane,3037.0,3660.0,3348.41,
PR011640,2026-07-02,MANDI002,Jalandhar,Wheat,2172.42,2439.4,2305.91,
PR008604,2026-04-09,MANDI032,Moga,Makki,2144.0,2651.6,2398.0,2090.0
PR004101,2026-02-22,MANDI046,Fatehabad,Rice,2054.49,2160.89,2107.69,2183.0
PR004798,2026-02-15,MANDI046,Jalandhar,Mustard,5133.0,5956.27,5544.56,5650.0
PR008943,2026-08-26,MANDI031,Ferozepur,Narma,6397.3,7001.0,6699.32,6620.0
PR007797,2026-01-10,MANDI013,Fatehabad,Sugarcane,3112.0,3567.18,3339.59,3500.0
PR003158,2026-02-07,,Jalandhar,Sugarcane,3670.0,4572.0,4121.0,3500.0
PR010905,2026-05-06,MANDI026,Moga,Maize,2128.64,2477.36,2303.0,2090.0
PR004663,2026-08-06,MANDI055,Ludhiana,Sugarcane,3279.38,3599.0,3439.31,
PR002649,2026-07-08,MANDI001,Karnal,Rice,2075.04,2297.97,2186.51,
PR005292,2026-04-02,MANDI026,Jalandhar,Rice,2033.45,2238.55,2136.0,2183.0
PR008927,2026-07-15,MANDI037,Moga,Mustard,5869.42,6582.0,6225.91,5650.0
PR004210,2026-07-06,,Karnal,Wheat,2228.0,2422.41,2325.11,2275.0
PR000943,2026-05-22,MANDI052,Ambala,Wheat,2132.82,2305.73,2219.27,2275.0
PR009471,2026-06-19,MANDI015,Bathinda,Makki,2059.0,2401.0,2230.0,
PR008708,2026-07-25,MANDI037,Sirsa,Rice,1948.1,2285.85,2116.98,2183.0
PR010620,2026-01-18,MANDI017,Moga,Rice,2167.0,2285.22,2226.0,2183.0
PR002347,2026-08-19,MANDI047,Jalandhar,Rice,2178.0,2512.36,2345.19,
PR004756,2026-04-17,MANDI042,Ambala,Mustard,5651.0,6143.69,5897.0,5650.0
PR011770,2026-06-26,MANDI044,Jalandhar,Cotton,6027.34,7097.0,6562.1,
PR011876,2026-03-09,MANDI040,Ambala,Sugarcane,3179.25,3789.36,3484.31,3500.0
PR011764,2026-03-30,MANDI027,Hisar,Mustard,4852.0,5103.67,4978.0,5650.0
PR003660,2026-07-06,MANDI050,Patiala,Cotton,6064.85,7180.0,6622.24,6620.0
PR005298,2026-07-06,MANDI051,Fatehabad,Wheat,2159.0,2640.0,2399.39,2275.0
PR000569,2026-05-28,,Karnal,Mustard,5304.0,6167.6,5735.73,5650.0
PR004340,2026-07-24,MANDI040,Hisar,Wheat,2148.89,2536.16,2342.53,2275.0
PR002636,2026-07-19,MANDI013,Jalandhar,Rice,2206.0,2440.0,2323.05,2183.0
PR005542,2026-03-13,MANDI039,Ferozepur,Mustard,4956.23,5309.41,5133.0,5650.0
PR010792,2026-08-20,MANDI026,Amritsar,Mustard,5325.48,5798.09,5561.78,5650.0
PR006856,2026-07-18,MANDI048,Jalandhar,Sugarcane,3332.0,4112.05,3722.0,
PR008412,2026-08-03,MANDI025,Kurukshetra,Rice,1954.92,2179.83,2067.0,2183.0
PR005958,2026-08-17,MANDI022,Moga,Wheat,1998.0,,2067.36,2275.0
PR011615,2026-06-27,MANDI049,Hisar,Chawal,1968.0,2301.99,2135.0,2183.0
PR000397,2026-08-20,MANDI049,Hisar,Rice,2065.19,2493.0,2279.28,
PR003792,2026-04-28,MANDI014,Bathinda,Rice,2012.49,2333.0,,2183.0
PR002979,2026-07-09,MANDI013,Patiala,Rice,2206.25,2717.28,2462.0,2183.0
PR002305,2026-01-25,MANDI023,Kurukshetra,Cotton,5801.87,7088.08,6444.98,
PR010951,2026-06-28,MANDI005,Ludhiana,Rice,2156.24,2363.77,2260.0,2183.0
PR001009,2026-01-29,,Amritsar,Maize,2079.84,,2303.67,2090.0
PR007350,2026-03-19,MANDI021,Amritsar,Sarso,5798.15,6998.0,6398.0,5650.0
PR008925,2026-05-22,MANDI022,Karnal,Maize,1795.76,,1932.0,2090.0
PR000417,2026-02-16,MANDI025,Patiala,Cotton,6655.83,7663.77,7159.8,6620.0
PR000002,2026-01-27,MANDI028,Sirsa,Rice,1882.83,2056.77,1970.0,2183.0
PR002786,2026-07-21,MANDI026,Ferozepur,Ganne,3453.53,3858.0,3656.0,3500.0
PR001631,2026-05-24,MANDI021,Patiala,Rice,2187.95,2379.0,2284.0,2183.0
PR007909,2026-08-05,MANDI032,Fatehabad,Wheat,2002.0,2175.48,2088.61,2275.0
PR001407,2026-08-02,MANDI039,Ferozepur,Maize,,2026.37,1962.58,
PR005368,2026-03-10,MANDI018,Fatehabad,Wheat,2030.07,2223.0,2126.47,2275.0
PR008465,2026-07-18,,Hisar,Cotton,6949.0,7416.5,7182.8,6620.0
PR000712,2026-08-16,MANDI003,Karnal,Sugarcane,3530.29,3714.0,3622.0,3500.0
PR000158,2026-05-25,MANDI036,Kurukshetra,Makki,2093.84,2549.0,2322.0,2090.0
PR011968,2026-06-25,MANDI057,Bathinda,Rice,2241.73,2384.94,2313.34,2183.0
PR011839,2026-04-22,MANDI009,Ludhiana,Maize,1971.52,2406.76,2189.0,
PR000289,2026-01-28,MANDI015,Kurukshetra,Maize,,2241.0,2018.9,2090.0
PR005697,2026-05-08,MANDI010,Hisar,Mustard,5665.98,6153.28,5909.63,5650.0
PR009995,2026-06-12,MANDI054,Ludhiana,Sugarcane,3204.34,3900.85,3552.6,
PR008065,2026-06-08,MANDI024,Hisar,Mustard,5265.34,6354.69,5810.02,5650.0
PR009036,2026-03-26,MANDI052,Ambala,Wheat,2117.0,2488.31,2302.43,
PR000755,2026-06-30,,Sirsa,Mustard,5193.43,6437.71,5815.57,5650.0
PR000756,2026-05-05,MANDI020,Ferozepur,Mustard,5360.0,5785.43,5572.82,5650.0
PR004906,2026-07-04,MANDI040,Patiala,Maize,1970.0,2162.41,2066.0,2090.0
PR001029,2026-01-28,MANDI032,Ambala,Sugarcane,3162.09,3370.91,3266.5,3500.0
PR001233,2026-08-19,MANDI041,Ferozepur,Sugarcane,3093.73,3485.12,3289.43,3500.0
PR006599,2026-02-16,MANDI025,Ferozepur,Rice,2254.0,2620.85,2438.0,2183.0
PR010390,2026-08-31,MANDI010,Kurukshetra,Rice,2039.0,2511.16,2274.92,2183.0
PR008542,2026-06-25,MANDI010,Bathinda,Cotton,6830.0,7992.95,,6620.0
PR010056,2026-07-18,MANDI032,Fatehabad,Rice,2180.39,2359.73,2270.06,2183.0
PR007492,2026-05-02,MANDI057,Karnal,Rice,1874.83,2168.0,2021.25,2183.0
PR006146,2026-03-15,MANDI005,Jalandhar,Rice,2195.31,2636.86,2416.09,2183.0
PR005942,2026-06-04,MANDI018,Fatehabad,Cotton,5776.11,6197.0,5986.0,6620.0
PR006341,2026-11-02,MANDI023,Fatehabad,Cotton,6556.76,,7007.72,6620.0
PR010075,2026-07-19,MANDI055,Sirsa,Rice,2283.24,2695.0,2489.07,2183.0
PR006531,2026-03-29,MANDI034,Moga,Wheat,2110.0,2539.0,2324.82,2275.0
PR000174,2026-05-09,MANDI015,Ferozepur,Maize,1896.0,2141.0,2019.0,2090.0
PR006164,2026-03-13,MANDI001,Hisar,Maize,2020.91,2218.0,2119.0,2090.0
PR010041,2026-02-02,MANDI028,Amritsar,Maize,1807.94,1920.71,1864.32,2090.0
PR008099,2026-03-13,MANDI036,Kurukshetra,Narma,6892.23,8412.07,7652.15,6620.0
PR007577,2026-02-22,MANDI004,Amritsar,Cotton,6097.0,6942.0,6519.79,6620.0
PR007601,2026-03-07,MANDI007,Ferozepur,Chawal,1921.27,2212.29,2066.78,2183.0
PR003739,2026-06-01,MANDI044,Karnal,Sugarcane,3283.08,3626.46,3454.77,3500.0
PR004923,2026-02-24,MANDI010,Moga,Wheat,2005.6,2294.44,,2275.0
PR003588,2026-05-09,MANDI005,Patiala,Rice,2029.0,2249.95,2139.41,2183.0
PR006678,2026-06-16,MANDI020,Ambala,Cotton,6757.88,7395.0,7076.5,
PR005544,2026-07-19,MANDI052,Saharanpur,Cotton,6370.57,7099.3,6735.0,6620.0
PR007397,2026-06-03,MANDI048,Sirsa,Maize,1806.0,2070.0,1938.0,2090.0
PR011961,2026-01-02,MANDI018,Ferozepur,Maize,2001.0,2215.38,2107.94,2090.0
PR009598,2026-07-20,MANDI046,,Maize,1806.76,2227.72,2017.24,2090.0
PR006893,2026-07-06,MANDI050,Ambala,Sarso,4833.0,5894.0,5363.67,5650.0
PR004888,2026-07-01,MANDI007,Bathinda,Sugarcane,3345.58,3719.0,3532.0,3500.0
PR006047,2026-04-13,MANDI047,Bathinda,Narma,6050.66,6594.01,6322.33,6620.0
PR010785,2026-02-19,MANDI032,Ludhiana,Sugarcane,3527.14,4203.85,3865.5,3500.0
PR005968,2026-05-05,MANDI016,Fatehabad,Wheat,2275.76,,2389.75,
PR008233,2026-05-17,MANDI049,Muzaffarnagar,Maize,1943.06,2053.63,1998.34,2090.0
PR009768,2026-06-28,MANDI028,Ambala,Wheat,2163.19,2323.57,2243.38,2275.0
PR000421,2026-01-14,,Patiala,Maize,1916.0,2106.0,2011.0,
PR009514,2026-08-17,MANDI045,Moga,Sugarcane,3278.11,3552.93,3415.52,3500.0
PR001839,2026-01-22,MANDI026,Fatehabad,Rice,1917.0,2310.0,2114.0,2183.0
PR010732,2026-03-09,,Amritsar,Sugarcane,3323.41,4004.69,3664.05,
PR002428,2026-04-15,MANDI018,Kurukshetra,Maize,1843.0,2217.2,2030.0,
PR001651,2026-04-04,MANDI039,,Narma,6897.81,7515.0,7206.0,6620.0
PR007940,2026-09-02,MANDI041,Hisar,Mustard,4969.77,,5235.41,5650.0
PR011915,2026-09-06,MANDI049,Ludhiana,Maize,2160.47,2321.0,2240.98,
PR006937,2026-03-09,MANDI029,Sirsa,Makki,2107.0,2359.0,2233.0,2090.0
PR003401,2026-03-29,MANDI026,Bathinda,Wheat,2284.2,2662.0,2473.0,2275.0
PR007825,2026-08-07,,Sirsa,Cotton,5679.8,6083.08,5881.44,
PR006605,2026-02-01,MANDI039,Moga,Wheat,2128.0,2362.33,2244.93,2275.0
PR000252,2026-02-23,,Kurukshetra,Mustard,,7073.0,6494.4,5650.0
PR011011,2026-01-19,MANDI018,Hisar,Chawal,2089.0,,2202.31,2183.0
PR006726,2026-02-23,MANDI039,Bathinda,Maize,2161.69,2360.9,2261.29,2090.0
PR010908,2026-01-29,MANDI048,Ambala,Rice,2008.86,2184.69,2096.77,2183.0
PR004546,2026-07-08,MANDI030,Kurukshetra,Mustard,5689.92,6976.0,6333.14,5650.0
PR004216,2026-04-04,MANDI032,Bathinda,Cotton,6349.0,7224.94,6786.81,6620.0
PR011898,2026-01-16,MANDI044,Kurukshetra,Maize,1933.97,2310.62,2122.3,2090.0
PR000186,2026-03-18,,Moga,Maize,,1930.81,1866.23,
PR004425,2026-03-06,MANDI041,Fatehabad,Cotton,5697.7,6184.75,5941.0,6620.0
PR003761,2026-01-03,,,Maize,1901.28,2132.44,2016.86,2090.0
PR001115,2026-05-27,MANDI016,Ambala,Cotton,6694.05,8343.0,7519.0,
PR007110,2026-01-26,MANDI044,Karnal,Wheat,2379.54,,2672.56,
PR000355,2026-04-09,MANDI015,Karnal,Sugarcane,3452.7,4260.77,3856.73,3500.0
PR003283,2026-04-04,MANDI031,Sirsa,Narma,6020.4,7249.04,6635.0,
PR004192,2026-03-26,,Ludhiana,Mustard,5479.23,6243.87,5862.0,5650.0
PR000765,2026-12-07,MANDI018,Hisar,Maize,2188.61,,2270.49,
PR001139,2026-05-09,,,Wheat,1960.94,2148.54,2055.0,2275.0
PR010768,2026-05-23,MANDI040,Ferozepur,Mustard,5097.0,5466.13,5281.35,5650.0
PR000012,2026-08-07,MANDI033,Patiala,Maize,1803.38,2082.62,1943.0,2090.0
PR005060,2026-02-05,MANDI012,Hisar,Cotton,6817.0,8358.94,7587.95,6620.0
PR003647,2026-01-23,MANDI029,Jalandhar,Wheat,2009.77,2317.1,2163.0,2275.0
PR007173,2026-03-26,MANDI050,Karnal,चावल,2218.21,2621.0,2419.42,
PR001990,2026-02-23,MANDI016,Fatehabad,चावल,1919.31,2354.42,2136.86,
PR008740,2026-07-04,MANDI011,Kurukshetra,Narma,6042.71,7255.0,6649.03,
PR011635,2026-05-20,MANDI003,Jalandhar,Maize,2010.49,2498.87,2255.0,2090.0
PR000026,2026-03-15,MANDI042,Fatehabad,Chawal,2182.37,2499.0,2341.0,2183.0
PR009103,2026-03-18,MANDI025,Hisar,Wheat,,2859.02,2615.32,2275.0
PR001156,2026-03-24,MANDI009,Amritsar,Mustard,5438.0,6770.0,6104.17,5650.0
PR006665,2026-01-21,MANDI040,Ferozepur,Sugarcane,3433.0,3891.46,3662.29,3500.0
PR010691,2026-08-21,,Kurukshetra,Sugarcane,3467.63,3699.06,3583.0,3500.0
PR008313,2026-04-17,MANDI057,Karnal,Rice,2090.4,2417.0,2253.63,2183.0
PR008779,2026-04-05,MANDI009,Hisar,Maize,2029.0,2175.68,2102.58,2090.0
PR006340,2026-03-15,,,Maize,2082.0,2198.73,2140.26,
PR007376,2026-08-28,MANDI019,Ambala,Wheat,2043.2,2370.76,2206.98,
PR000168,2026-05-15,,Amritsar,Chawal,2105.28,2585.0,2345.37,2183.0
PR008735,2026-07-15,,Patiala,Maize,,2109.0,,2090.0
PR011633,2026-04-17,MANDI057,Ambala,Cotton,,8213.13,7463.38,6620.0
PR009866,2026-07-15,,Kurukshetra,Rice,2013.15,,2150.17,
PR008950,2026-06-09,MANDI006,Karnal,Mustard,5467.0,6720.89,6094.0,5650.0
PR003397,2026-05-28,MANDI030,Ludhiana,Maize,1853.0,1952.04,1902.76,
PR002756,2026-07-12,MANDI053,Sirsa,Sugarcane,3526.33,3955.99,3741.0,3500.0
PR008664,2026-04-15,MANDI022,Fatehabad,Wheat,2069.87,2439.0,2255.0,2275.0
PR006205,2026-08-11,MANDI022,Hisar,Maize,1936.0,2311.0,2123.68,
PR004661,2026-08-07,MANDI003,Bathinda,Wheat,2028.0,2195.58,2111.73,
PR003358,2026-05-22,MANDI035,Moga,Maize,2181.0,2424.82,2303.0,2090.0
PR005546,2026-04-05,MANDI051,Amritsar,Maize,1823.47,2256.83,2040.15,2090.0
PR004046,2026-02-23,MANDI004,Sirsa,Ganne,3161.3,3918.32,3539.81,3500.0
PR006283,2026-09-09,MANDI056,Karnal,Maize,2095.95,2412.0,2253.74,2090.0
PR002770,2026-05-16,MANDI046,Sirsa,Wheat,2279.2,,2507.62,2275.0
PR008116,2026-01-24,MANDI035,Amritsar,Sugarcane,3654.58,,4060.0,3500.0
PR002862,2026-07-14,MANDI041,Fatehabad,Maize,1842.0,2057.77,1950.0,2090.0
PR010638,2026-07-03,MANDI001,Ambala,Mustard,5241.99,6188.69,5715.34,
PR006662,2026-03-30,MANDI018,Sirsa,Sugarcane,3209.0,3383.87,,3500.0
PR011199,2026-06-01,MANDI025,Sirsa,Cotton,6375.55,7749.17,7062.36,6620.0
PR002534,2026-05-26,MANDI011,Amritsar,Wheat,1959.24,2314.97,2137.0,2275.0
PR009910,2026-03-08,MANDI009,Karnal,Rice,1955.0,2356.26,2155.6,2183.0
PR007157,2026-09-08,MANDI028,Bathinda,Mustard,5763.0,7199.03,,5650.0
PR006204,2026-03-31,MANDI021,Ambala,Cotton,6066.38,6943.81,6505.0,6620.0
PR001173,2026-09-04,MANDI022,Bathinda,Mustard,5209.0,5857.0,5532.58,5650.0
PR010653,2026-08-12,MANDI006,Hisar,Maize,1845.54,2254.0,2049.68,2090.0
PR008696,2026-05-02,MANDI057,Bathinda,Wheat,1949.0,2061.45,2005.08,2275.0
PR010914,2026-01-10,MANDI005,Kurukshetra,Sugarcane,3495.15,4037.0,3766.18,3500.0
PR002818,2026-01-22,,Moga,Maize,1978.63,2127.0,2052.7,2090.0
PR011860,2026-07-01,MANDI008,Ambala,Mustard,5361.72,6254.33,5808.0,5650.0
PR003304,2026-05-15,MANDI013,Bathinda,Sarso,5152.66,5911.73,5532.2,
PR011653,2026-06-08,MANDI050,Ludhiana,Mustard,5621.0,6661.0,6141.0,5650.0
PR004414,2026-05-17,MANDI051,Ferozepur,Maize,2140.73,2649.91,2395.32,2090.0
PR005768,2026-02-01,MANDI019,Patiala,Mustard,5002.22,,5315.88,5650.0
PR003804,2026-02-02,MANDI048,Muzaffarnagar,Sugarcane,3489.0,3821.0,3655.2,3500.0
PR007488,2026-06-10,MANDI042,Sirsa,Cotton,6899.43,7925.54,7412.0,6620.0
PR004269,2026-07-08,MANDI003,Ludhiana,Mustard,5909.0,6527.49,,5650.0
PR000759,2026-07-06,MANDI017,Moga,Cotton,6029.93,6475.42,6252.67,6620.0
PR006329,2026-03-01,MANDI017,Fatehabad,Wheat,,2223.14,2113.17,
PR011022,2026-07-01,MANDI046,Kurukshetra,Sugarcane,3369.67,3584.57,3477.12,3500.0
PR008251,2026-06-27,MANDI047,Hisar,Maize,1920.1,2342.65,2131.37,2090.0
PR007994,2026-04-13,MANDI045,Sirsa,Cotton,6701.71,8116.52,7409.11,6620.0
PR003387,2026-01-11,,Ludhiana,Sugarcane,3649.69,4461.68,4055.69,3500.0
PR008798,2026-05-27,MANDI049,Ludhiana,Maize,,2139.94,2008.72,
PR000577,2026-08-14,MANDI057,Bathinda,Mustard,4811.28,5088.0,,
PR010149,2026-08-16,MANDI053,Jalandhar,Wheat,2029.11,2220.0,2124.31,2275.0
PR000165,2026-04-04,MANDI029,Moga,Ganne,3146.42,3555.35,3351.0,3500.0
PR003178,2026-08-30,MANDI027,Amritsar,Sarso,4895.0,5784.0,5340.0,5650.0
PR011813,2026-02-02,MANDI029,Kurukshetra,Maize,1816.17,2002.0,1909.0,2090.0
PR003885,2026-05-07,MANDI040,Bathinda,Sugarcane,3271.45,3790.29,3531.0,3500.0
PR011729,2026-06-03,MANDI036,Bathinda,Rice,2203.22,2600.13,2401.68,2183.0
PR001674,2026-05-14,MANDI037,Bathinda,Narma,6722.95,8274.0,7498.0,6620.0
PR006991,2026-06-10,MANDI005,Amritsar,Mustard,4842.0,5210.0,5026.0,5650.0
PR010720,2026-01-28,MANDI010,Moga,Rice,2271.0,2698.98,2485.0,2183.0
PR000212,2026-09-01,MANDI009,Jalandhar,Sugarcane,3172.56,3541.51,3357.0,
PR008478,2026-06-03,MANDI022,Karnal,Wheat,2312.21,2842.0,2576.89,2275.0
PR006272,2026-03-27,MANDI006,Moga,Wheat,2208.48,2705.77,2457.12,2275.0
PR000725,2026-02-19,MANDI010,Sirsa,Wheat,2345.0,2527.43,2436.0,2275.0
PR004597,2026-09-04,MANDI038,Bathinda,Cotton,5925.77,6755.07,6340.42,6620.0
PR001576,2026-04-21,MANDI057,Ambala,Sugarcane,3575.89,4419.18,,3500.0
PR006984,2026-03-19,MANDI045,Meerut,Cotton,6189.49,7665.79,6927.64,6620.0
PR001633,2026-05-26,MANDI015,Jalandhar,Wheat,2386.43,2566.62,2476.52,
PR002339,2026-06-09,MANDI031,Patiala,Sugarcane,3498.06,4052.75,3775.4,3500.0
PR005277,2026-04-18,MANDI024,Sirsa,Rice,1996.0,2204.08,2099.97,2183.0
PR010118,2026-04-23,MANDI008,Hisar,Makki,1936.09,2210.43,2073.26,2090.0
PR001006,2026-03-30,MANDI057,Moga,Rice,2165.0,2465.0,2315.0,2183.0
PR005110,2026-04-23,,Ambala,Sugarcane,,3832.7,3509.85,3500.0
PR002319,2026-04-26,MANDI045,Ambala,Maize,1928.0,2214.0,2070.93,
PR006223,2026-05-08,MANDI029,Sirsa,Cotton,6721.0,8351.0,7535.9,
PR010919,2026-02-09,MANDI025,Karnal,Rice,1950.75,2212.7,2081.73,
PR006003,2026-03-03,MANDI008,Karnal,Sugarcane,3581.21,4101.45,3841.0,3500.0
PR002218,2026-08-30,MANDI048,Ambala,Cotton,5958.97,6789.9,6374.44,6620.0
PR000424,2026-07-14,MANDI035,Ambala,Maize,2115.86,2439.14,2277.5,2090.0
PR004098,2026-02-16,MANDI005,Sirsa,Rice,1919.35,2065.86,1993.0,2183.0
PR000615,2026-05-26,MANDI044,Ludhiana,Sugarcane,3152.0,3913.0,3532.45,3500.0
PR007320,2026-01-31,MANDI011,Ambala,Wheat,2055.32,2441.0,2248.07,2275.0
PR002511,2026-07-03,MANDI012,Kurukshetra,Mustard,5838.0,7162.38,6500.19,
PR005212,2026-07-26,MANDI037,Bathinda,Cotton,6601.47,7942.32,7271.9,6620.0
PR011550,2026-04-29,MANDI002,Hisar,Sugarcane,3132.28,3527.11,3330.0,3500.0
PR011660,2026-02-23,MANDI057,Amritsar,Sugarcane,3667.44,4210.3,3939.0,
PR009997,2026-07-27,MANDI019,Jalandhar,Mustard,5726.16,6647.0,6186.38,5650.0
PR010759,2026-09-04,MANDI017,Ambala,Rice,1867.62,2261.65,2065.0,2183.0
PR001604,2026-08-19,MANDI042,Ludhiana,Mustard,5299.13,6561.44,5930.0,5650.0
PR011352,2026-01-03,MANDI032,Ferozepur,Mustard,5477.32,6596.0,6036.55,
PR004334,2026-01-13,MANDI054,Ludhiana,Cotton,5696.0,6324.7,6010.46,6620.0
PR010449,2026-05-25,,,Wheat,2008.97,2470.0,2240.0,2275.0
PR009635,2026-06-28,,Kurukshetra,Rice,2054.32,2481.06,2268.0,2183.0
PR005936,2026-01-09,,Ludhiana,Cotton,5685.97,6657.78,6171.87,6620.0
PR010557,2026-04-01,MANDI015,Jalandhar,Sugarcane,3434.61,3992.09,3713.0,
PR003334,2026-02-19,MANDI012,Ambala,Makki,2128.11,2413.22,2270.67,2090.0
PR008803,2026-04-02,MANDI049,Bathinda,Wheat,2119.42,2438.91,2279.0,2275.0
PR011727,2026-01-09,MANDI030,Ferozepur,Cotton,6663.0,8221.0,7442.16,
PR009299,2026-04-23,MANDI010,Jalandhar,Wheat,2278.15,2569.08,2423.62,2275.0
PR009475,2026-08-15,MANDI023,Kurukshetra,Mustard,4932.19,5940.02,5436.1,5650.0
PR007037,2026-03-17,MANDI050,Karnal,Maize,2107.0,2292.16,2199.5,
PR009815,2026-08-12,MANDI049,Bathinda,Sugarcane,,4193.48,3795.29,
PR006422,2026-08-18,MANDI012,Ludhiana,Sugarcane,3367.52,3826.0,3596.78,3500.0
PR010870,2026-08-20,MANDI055,Ambala,Cotton,6669.0,7135.05,6901.91,6620.0
PR007219,2026-08-25,MANDI019,Amritsar,Cotton,6505.0,7215.82,6860.63,
PR009793,2026-04-08,MANDI040,Bathinda,Wheat,1941.56,2074.0,2008.0,2275.0
PR008197,2026-05-23,MANDI028,Ferozepur,Narma,6109.94,7309.0,6709.72,6620.0
PR011753,2026-06-01,MANDI020,Amritsar,Sugarcane,3597.95,4243.98,3921.0,3500.0
PR008591,2026-02-27,MANDI001,Hisar,Mustard,5007.86,5440.0,5223.86,5650.0
PR000155,2026-03-29,MANDI038,Patiala,Ganne,2990.77,,3210.33,
PR010865,2026-01-28,MANDI012,Hisar,Rice,1995.13,2322.81,2158.97,2183.0
PR007988,2026-04-05,,Hisar,Maize,2027.78,,2143.58,2090.0
PR004934,2026-04-15,MANDI012,Ambala,Maize,2107.37,2467.17,2287.27,2090.0
PR007400,2026-12-05,MANDI042,Bathinda,Wheat,2263.72,2530.0,2396.78,2275.0
PR004181,2026-05-10,MANDI053,Ferozepur,Sugarcane,3321.3,,3712.0,3500.0
PR011844,2026-04-03,MANDI027,Bathinda,Wheat,2002.08,2236.56,2119.32,2275.0
PR008734,2026-10-07,MANDI017,Amritsar,Cotton,6896.84,7904.0,7400.31,6620.0
PR006902,2026-07-18,MANDI044,Agra,Makki,2115.27,,2363.0,2090.0
PR001610,2026-09-02,MANDI049,Muzaffarnagar,Rice,1942.65,2392.57,2167.61,2183.0
PR003111,2026-05-14,MANDI009,Jalandhar,Mustard,5911.29,6949.36,6430.33,5650.0
PR009774,2026-05-06,MANDI043,Fatehabad,Rice,2145.47,2334.0,2240.0,
PR009094,2026-06-19,MANDI010,Moga,Rice,2267.11,2736.84,2502.0,
PR007599,2026-01-13,MANDI037,Ludhiana,Makki,2022.05,2459.03,2241.0,2090.0
PR007167,2026-07-11,MANDI057,Karnal,Ganne,3254.73,3525.1,3389.91,3500.0
PR002613,2026-01-23,MANDI005,Kurukshetra,Maize,2188.2,2591.0,2389.7,2090.0
PR011650,2026-05-23,MANDI033,Bathinda,Rice,1909.76,2034.31,1972.03,2183.0
PR001541,2026-07-16,MANDI036,Kurukshetra,Wheat,2086.95,2336.0,2211.38,2275.0
PR006159,2026-08-09,MANDI003,Ambala,Wheat,2044.54,2450.64,2248.0,2275.0
PR002561,2026-04-07,MANDI015,Karnal,Maize,2182.0,2721.57,2452.0,2090.0
PR009491,2026-08-06,MANDI003,Fatehabad,Mustard,5316.0,6382.46,5849.0,5650.0
PR002841,2026-05-02,MANDI007,Ambala,Maize,2091.0,2414.0,2252.0,2090.0
PR003031,2026-01-12,MANDI038,Hisar,Wheat,2087.66,2562.29,2325.0,2275.0
PR004954,2026-07-17,MANDI027,Hisar,Sugarcane,3219.09,3537.35,3378.0,3500.0
PR009405,2026-04-25,,,Wheat,2079.97,2321.34,2200.66,2275.0
PR001691,2026-03-24,,Ludhiana,Maize,1882.7,2283.0,,
PR002437,2026-10-03,,Moga,Wheat,2048.0,2494.99,2271.58,2275.0
PR006779,2026-01-16,MANDI038,Bathinda,Makki,2140.93,2328.35,2234.64,2090.0
PR001945,2026-05-28,MANDI012,Moga,Cotton,6420.48,7225.14,6822.81,6620.0
PR010154,2026-07-11,MANDI054,Hisar,Rice,2194.08,2675.0,2434.65,2183.0
PR011403,2026-04-16,MANDI046,Karnal,Rice,1875.21,2237.67,2056.44,
PR002431,2026-05-15,MANDI052,Patiala,Mustard,5579.0,6605.73,6092.39,5650.0
PR008415,2026-07-18,MANDI008,Ludhiana,Cotton,5982.83,6507.18,,6620.0
PR010690,2026-02-11,MANDI040,Hisar,Sarso,5538.08,6668.61,,5650.0
PR010559,2026-04-01,MANDI012,Ambala,Cotton,6238.0,6934.13,6586.0,
PR005333,2026-09-09,MANDI002,Ludhiana,Cotton,6890.24,7670.82,7280.53,6620.0
PR011019,2026-06-22,MANDI024,Ambala,Wheat,2335.35,,2558.62,
PR008699,2026-09-05,MANDI024,Sirsa,चावल,1894.77,2366.0,2130.57,2183.0
PR002240,2026-07-16,,Patiala,Rice,2138.32,2410.0,2274.19,2183.0
PR006782,2026-08-28,MANDI013,Ludhiana,Maize,1887.25,2099.53,1993.0,2090.0
PR002550,2026-02-05,MANDI011,Karnal,Wheat,2234.0,2425.09,2329.44,2275.0
PR005844,2026-07-18,MANDI039,Bathinda,Maize,2156.66,2515.91,2336.29,2090.0
PR011992,2026-06-22,MANDI040,Kurukshetra,Wheat,2372.59,2717.42,2545.01,2275.0
PR004844,2026-04-11,MANDI027,Ludhiana,Sugarcane,3254.53,3819.0,3536.57,3500.0
PR003723,2026-07-11,MANDI038,Ferozepur,Cotton,6937.0,8643.54,7790.0,6620.0
PR009780,2026-08-17,MANDI050,Ambala,Narma,6338.19,7589.58,6964.0,6620.0
PR008012,2026-02-19,MANDI045,Fatehabad,Maize,1816.58,2232.55,2024.56,2090.0
PR001694,2026-07-18,MANDI006,Amritsar,Cotton,6544.89,7800.28,7172.59,6620.0
PR003246,2026-07-09,MANDI052,Hisar,Rice,2152.0,2622.28,2386.89,
PR002332,2026-01-07,MANDI009,Ferozepur,Sugarcane,3414.69,,3837.41,3500.0
PR006062,2026-05-03,MANDI039,Karnal,Cotton,5800.15,6999.14,6399.64,6620.0
PR004375,2026-04-17,,Kurukshetra,Cotton,6195.0,7610.0,6902.0,6620.0
PR004423,2026-02-21,MANDI013,Jalandhar,Rice,2089.0,2550.0,2319.46,2183.0
PR001910,2026-01-13,MANDI020,Jalandhar,Maize,2004.04,2312.8,2158.42,2090.0
PR006551,2026-05-11,MANDI039,Bathinda,Mustard,5600.0,,5910.98,
PR000276,2026-07-17,MANDI009,Fatehabad,Wheat,2370.4,2822.0,2596.15,2275.0
PR001092,2026-07-25,MANDI022,Karnal,Mustard,5377.0,5884.28,5630.69,5650.0
PR004393,2026-08-21,MANDI028,Fatehabad,Wheat,2122.0,2576.96,2350.0,
PR011235,2026-09-03,MANDI012,Kurukshetra,Cotton,6652.0,7680.8,7166.0,6620.0
PR002894,2026-09-04,MANDI036,Ludhiana,Narma,6268.0,7418.0,6842.94,6620.0
PR004108,2026-06-07,MANDI006,Amritsar,Rice,2172.0,2571.29,2371.6,2183.0
PR005350,2026-01-10,MANDI024,Karnal,Maize,2082.3,2362.34,2222.0,2090.0
PR006353,2026-04-22,MANDI016,Moga,Mustard,5559.72,6302.43,5931.08,5650.0
PR011861,2026-08-26,MANDI025,Karnal,Rice,2202.0,2448.0,2325.06,2183.0
PR010804,2026-01-21,,Fatehabad,Rice,1972.98,2135.01,2053.99,2183.0
PR010828,2026-08-09,,Jalandhar,Maize,2112.01,2446.68,2279.0,2090.0
PR007006,2026-04-02,MANDI025,Jalandhar,Sarso,5768.27,6531.09,6149.68,5650.0
PR007158,2026-05-23,MANDI046,Ambala,Sarso,,6769.9,6169.78,
PR002411,2026-02-17,MANDI023,Ferozepur,Maize,1977.0,2214.51,2096.0,2090.0
PR007769,2026-05-19,MANDI007,Patiala,Wheat,1987.0,2111.94,2049.39,
PR003822,2026-03-15,MANDI055,Ludhiana,Maize,1890.57,2172.0,2031.12,2090.0
PR003860,2026-07-01,MANDI033,Jalandhar,Wheat,2261.0,2661.0,2461.0,2275.0
PR004529,2026-07-24,,Fatehabad,Cotton,,7246.9,,6620.0
PR010223,2026-06-07,MANDI023,Ferozepur,Makki,2038.43,2234.29,2136.36,2090.0
PR000634,2026-05-20,MANDI047,Karnal,Ganne,3066.63,,3194.11,3500.0
PR008826,2026-08-25,,Hisar,Cotton,5935.81,6706.84,6321.32,6620.0
PR009108,2026-04-12,MANDI057,Karnal,Wheat,2147.3,2624.0,2386.0,2275.0
PR011068,2026-05-23,MANDI003,Fatehabad,Sugarcane,3203.68,3950.08,3576.88,3500.0
PR002660,2026-02-09,MANDI018,Karnal,Wheat,2179.71,2438.6,2309.16,2275.0
PR006586,2026-06-22,MANDI013,Sirsa,Mustard,5765.81,6474.0,6120.01,5650.0
PR009819,2026-03-16,MANDI009,Kurukshetra,Mustard,5419.47,6129.0,5774.0,5650.0
PR002621,2026-07-09,MANDI054,Saharanpur,Sugarcane,2995.9,3329.68,3162.79,3500.0
PR001937,2026-07-31,MANDI007,Sirsa,Narma,5811.0,6939.96,6375.0,6620.0
PR000036,2026-06-08,,Ludhiana,Sugarcane,3205.34,3703.79,3455.0,3500.0
PR011588,2026-02-15,MANDI035,Kurukshetra,Maize,2079.0,2569.95,2324.27,2090.0
PR005324,2026-07-16,MANDI048,Muzaffarnagar,Ganne,3209.18,3994.43,3601.81,3500.0
PR007388,2026-04-19,MANDI001,Sirsa,Cotton,6326.98,6836.31,6581.64,6620.0
PR004343,2026-07-29,MANDI001,Patiala,Narma,5944.26,6582.57,6263.42,
PR005315,2026-03-10,MANDI036,Ludhiana,Cotton,6075.0,6538.0,6306.22,6620.0
PR007649,2026-02-01,MANDI017,Amritsar,Cotton,6394.0,7089.47,6741.95,
PR007428,2026-02-26,MANDI053,Hisar,Rice,2119.05,2320.74,2219.89,2183.0
PR011694,2026-02-13,MANDI026,Jalandhar,Mustard,5360.83,5976.38,5669.0,5650.0
PR009317,2026-04-28,MANDI040,Ferozepur,Chawal,1891.0,2232.92,2061.73,
PR003198,2026-03-14,MANDI028,Moga,Wheat,2136.32,2527.0,2332.0,2275.0
PR002547,2026-03-02,MANDI002,Sirsa,Makki,1870.0,2282.66,2076.57,2090.0
PR007414,2026-07-30,MANDI045,Meerut,Wheat,2152.17,2432.35,2292.26,2275.0
PR010541,2026-06-18,MANDI009,Ambala,Mustard,4874.4,5214.54,5044.0,5650.0
PR005576,2026-08-06,MANDI007,Amritsar,Mustard,4915.74,5843.39,5379.57,5650.0
PR002037,2026-06-20,MANDI002,Ludhiana,Mustard,5618.0,5957.53,5787.52,
PR000049,2026-03-17,MANDI038,Ludhiana,Sarso,5788.77,6188.21,5988.0,5650.0
PR007278,2026-04-07,MANDI042,Moga,Maize,2019.94,2423.33,2221.63,2090.0
PR003287,2026-07-01,MANDI046,Ludhiana,Narma,6914.27,7569.53,7242.0,6620.0
PR005851,2026-01-20,MANDI014,Jalandhar,Cotton,6557.08,7350.0,6953.4,6620.0
PR005880,2026-01-25,,Sirsa,Rice,2044.04,2377.99,2211.0,2183.0
PR001053,2026-08-23,MANDI002,Hisar,Rice,2143.18,2639.0,2390.84,
PR005112,2026-01-26,MANDI042,Jalandhar,Maize,1804.49,2073.62,1939.05,2090.0
PR004628,2026-06-09,MANDI027,Ludhiana,Maize,1869.27,,1998.0,
PR001641,2026-04-11,MANDI029,Bathinda,Wheat,2096.33,2546.64,2321.49,2275.0
PR005594,2026-06-23,MANDI044,Moga,Mustard,,5175.03,5042.15,
PR000110,2026-03-16,,Ludhiana,Wheat,2001.32,2165.64,2083.48,2275.0
PR003247,2026-08-03,,,चावल,2040.41,2287.0,2163.7,
PR001967,2026-02-14,MANDI029,Ludhiana,Cotton,6265.16,7526.43,6896.0,6620.0
PR000042,2026-03-23,MANDI057,Ludhiana,Maize,2014.0,2253.13,2133.0,
PR004095,2026-03-19,MANDI016,Sirsa,Chawal,1888.0,2297.87,2092.81,
PR004786,2026-05-23,MANDI041,Patiala,चावल,2181.01,2552.0,2366.47,2183.0
PR006174,2026-05-28,MANDI016,Sirsa,Sugarcane,3606.55,4037.94,3822.0,3500.0
PR011840,2026-04-30,,Ludhiana,Mustard,5469.76,6683.0,6076.0,
PR004526,2026-06-06,MANDI040,Sirsa,Mustard,5743.83,6544.0,6143.7,
PR004407,2026-09-03,MANDI029,Patiala,Wheat,2078.0,2566.72,2322.17,2275.0
PR001900,2026-06-13,MANDI031,Fatehabad,Cotton,6094.0,7480.85,6787.43,6620.0
PR002512,2026-07-17,MANDI009,Ferozepur,Sugarcane,3528.61,4009.1,3768.85,3500.0
PR011625,2026-02-05,MANDI011,Kurukshetra,Wheat,2122.9,2371.36,2247.13,2275.0
PR005106,2026-05-21,MANDI029,Ambala,Mustard,5615.11,6436.52,6025.81,5650.0
PR011203,2026-08-05,MANDI035,Kurukshetra,Wheat,2033.31,2441.0,2237.25,2275.0
PR002263,2026-02-09,MANDI032,,Sugarcane,3669.59,4355.0,4012.0,3500.0
PR010011,2026-06-27,MANDI050,Ambala,Cotton,5651.08,6326.38,5989.0,6620.0
PR004238,2026-06-12,MANDI029,Sirsa,Mustard,5269.37,5706.3,5487.84,5650.0
PR009519,2026-07-17,MANDI050,Muzaffarnagar,Wheat,,2309.0,2248.0,2275.0
PR004951,2026-05-28,MANDI005,Bathinda,Maize,1845.08,2206.0,2025.74,2090.0
PR002390,2026-02-09,MANDI041,Fatehabad,Wheat,1940.0,2236.39,2088.35,
PR004356,2026-08-27,MANDI012,Patiala,Ganne,3025.09,3735.12,3380.0,3500.0
PR003925,2026-07-02,MANDI022,Amritsar,Maize,1963.03,2401.0,,2090.0
PR003773,2026-05-12,MANDI026,Ferozepur,Mustard,5592.09,6326.0,5958.84,
PR002957,2026-04-11,MANDI020,Ferozepur,Sugarcane,3439.91,3747.0,3593.0,3500.0
PR002672,2026-01-01,MANDI005,Sirsa,Cotton,6102.2,6418.63,,6620.0
PR004346,2026-04-04,MANDI009,Ludhiana,Mustard,5607.58,6526.66,6067.12,
PR008731,2026-02-25,MANDI018,Bathinda,Maize,1955.23,2248.08,2101.66,2090.0
PR003131,2026-08-04,MANDI005,Patiala,Sugarcane,3207.63,3653.0,3430.19,3500.0
PR003556,2026-01-13,MANDI024,Kurukshetra,Sugarcane,3272.0,3676.16,3474.04,3500.0
PR002023,2026-05-03,MANDI024,Amritsar,Sugarcane,3183.0,3399.0,3291.0,
PR002885,2026-05-05,MANDI031,Sirsa,Narma,5733.0,6131.0,5931.92,6620.0
PR011901,2026-06-09,MANDI008,Bathinda,Cotton,,6538.23,6130.0,6620.0
PR003088,2026-01-12,MANDI056,Fatehabad,Chawal,2276.47,2522.83,2400.0,2183.0
PR002701,2026-02-04,MANDI009,Sirsa,Cotton,,7680.0,6920.82,6620.0
PR006983,2026-03-15,,Bathinda,Cotton,6872.0,7949.0,7411.0,6620.0
PR002302,2026-07-05,MANDI012,Bathinda,Sugarcane,3529.7,3962.0,3745.67,3500.0
PR010016,2026-03-04,MANDI035,Moga,Rice,1926.0,2032.37,1979.22,2183.0
PR011410,2026-08-05,MANDI041,Karnal,Sugarcane,3269.05,3583.31,3426.0,3500.0
PR001263,2026-05-26,MANDI040,Moga,Ganne,3619.0,4235.0,3927.08,3500.0
PR003259,2026-01-17,MANDI009,Jalandhar,Maize,2048.84,2368.43,2209.0,2090.0
PR000411,2026-08-26,MANDI002,Ludhiana,Sugarcane,3641.63,4117.68,3879.66,3500.0
PR004428,2026-03-04,MANDI019,Bathinda,Makki,1784.57,2195.47,,2090.0
PR000506,2026-06-26,MANDI055,Sirsa,Sugarcane,3553.36,4328.61,,3500.0
PR008213,2026-05-16,MANDI001,Ludhiana,Maize,2077.93,2308.21,2193.07,2090.0
PR003702,2026-05-31,MANDI012,Ambala,चावल,,2516.31,2325.66,
PR008056,2026-05-21,MANDI055,Ferozepur,Sugarcane,3424.01,4155.0,3789.28,3500.0
PR010876,2026-07-13,MANDI029,Ambala,Wheat,,2748.06,2523.03,2275.0
PR004245,2026-01-28,MANDI046,Patiala,Wheat,2330.49,2525.0,2427.97,2275.0
PR010993,2026-08-08,,Sirsa,Cotton,6644.48,6983.0,6813.96,6620.0
PR003988,2026-08-23,MANDI021,Amritsar,Sugarcane,3323.47,3810.21,3566.84,3500.0
PR000559,2026-08-20,MANDI041,Fatehabad,Cotton,5943.1,7041.0,6491.88,6620.0
PR000008,2026-06-09,MANDI032,Sirsa,चावल,2172.0,2393.0,2282.0,2183.0
PR008810,2026-08-23,MANDI022,Moga,Cotton,5908.3,6998.67,6453.0,6620.0
PR011447,2026-01-23,MANDI021,Karnal,Cotton,6485.23,,7142.0,6620.0
PR010930,2026-07-24,MANDI021,Ludhiana,Rice,2251.27,2758.0,2504.82,2183.0
PR005752,2026-02-21,MANDI017,Sirsa,Wheat,1972.0,2325.54,2148.63,2275.0
PR001808,2026-02-06,MANDI007,Jalandhar,Maize,2002.65,2341.13,2172.0,2090.0
PR009360,2026-11-08,MANDI051,Ambala,Mustard,5341.0,6576.53,5959.0,5650.0
PR008285,2026-03-02,MANDI033,Bathinda,Cotton,6407.0,7702.49,7055.0,6620.0
PR007481,2026-05-10,MANDI024,Ambala,चावल,2286.56,2658.51,,2183.0
PR008262,2026-06-05,MANDI025,Bathinda,Sugarcane,3665.33,4257.0,3961.28,3500.0
PR002266,2026-03-15,MANDI021,Fatehabad,Makki,1799.13,2056.41,1928.0,2090.0
PR008800,2026-06-09,MANDI023,Jalandhar,Rice,1859.24,2193.01,2026.13,2183.0
PR002057,2026-05-23,MANDI021,Moga,Wheat,1957.07,2070.95,2014.0,
PR000617,2026-06-19,MANDI034,Fatehabad,Sugarcane,3275.0,3654.0,3464.89,
PR005759,2026-07-20,MANDI030,Karnal,Mustard,4905.25,5472.0,5188.0,5650.0
PR011347,2026-05-03,MANDI052,Amritsar,Maize,2194.0,2652.73,2423.0,2090.0
PR001491,2026-02-23,MANDI039,Ambala,Maize,1815.73,2242.0,2029.0,2090.0
PR002674,2026-06-15,MANDI041,Sirsa,Cotton,6059.0,7448.83,6754.02,6620.0
PR006635,2026-04-25,,Fatehabad,Mustard,4931.29,5236.0,5083.66,5650.0
PR010158,2026-12-07,MANDI054,Saharanpur,Mustard,4968.46,5278.75,5124.0,5650.0
PR001458,2026-03-08,MANDI021,Ludhiana,Wheat,2136.49,2385.0,2260.86,2275.0
PR002772,2026-03-20,MANDI040,Bathinda,Wheat,2042.65,2426.37,2234.51,2275.0
PR003008,2026-08-02,MANDI006,Sirsa,Maize,2125.0,2546.0,2335.49,2090.0
PR007720,2026-11-02,MANDI021,Kurukshetra,Maize,1845.0,,1944.0,2090.0
PR008956,2026-01-20,MANDI040,Kurukshetra,Sugarcane,3507.0,4018.38,3762.52,3500.0
PR002798,2026-02-07,MANDI055,Kurukshetra,Sarso,5336.2,6082.17,5709.19,5650.0
PR000284,2026-06-13,MANDI010,Karnal,Wheat,2217.0,2769.96,2493.62,2275.0
PR000745,2026-05-08,MANDI022,Hisar,Maize,2100.0,2218.52,2159.27,
PR003973,2026-05-19,MANDI032,Fatehabad,Maize,1850.0,2148.89,,2090.0
PR010026,2026-03-05,MANDI051,Ferozepur,Wheat,2051.9,2269.39,2160.65,2275.0
PR007401,2026-09-04,MANDI057,Bathinda,Wheat,2147.46,2406.0,2276.93,
PR001509,2026-04-07,MANDI044,Agra,Maize,1822.31,2148.83,1986.0,2090.0
PR000354,2026-05-24,MANDI010,Ambala,Maize,2114.0,2303.76,2208.89,2090.0
PR002546,2026-01-14,MANDI025,Patiala,Maize,1834.0,1970.85,1903.0,2090.0
PR004649,2026-06-03,MANDI051,Patiala,Maize,,2118.65,1963.69,2090.0
PR003296,2026-08-27,MANDI033,Fatehabad,Maize,2056.0,2282.93,2169.45,
PR001850,2026-05-28,MANDI013,Bathinda,Mustard,5535.48,6730.47,6133.0,5650.0
PR009282,2026-02-16,MANDI004,Ludhiana,Maize,1872.67,2115.82,1994.24,2090.0
PR009280,2026-02-08,MANDI047,Muzaffarnagar,Mustard,5449.73,6246.04,5847.89,5650.0
PR003875,2026-08-04,MANDI054,Patiala,Wheat,2054.0,2378.66,,2275.0
PR008707,2026-04-28,MANDI031,Jalandhar,Maize,2180.85,2407.68,2294.26,2090.0
PR011149,2026-03-24,MANDI055,Amritsar,Mustard,5010.38,5818.24,5414.0,5650.0
PR002331,2026-01-27,,Ferozepur,Mustard,5053.0,5789.34,5421.35,5650.0
PR006270,2026-08-09,MANDI056,Ferozepur,Ganne,3535.51,4297.0,3916.15,3500.0
PR002171,2026-08-17,MANDI015,Bathinda,Rice,2127.11,2612.0,2369.75,2183.0
PR003097,2026-12-01,MANDI011,Amritsar,Maize,1876.13,1980.55,1928.34,2090.0
PR009512,2026-01-05,MANDI052,Moga,Mustard,5847.99,7038.82,6443.4,5650.0
PR010534,2026-08-07,MANDI045,Hisar,Sarso,5656.29,6169.27,5912.78,5650.0
PR003071,2026-07-10,MANDI025,Kurukshetra,Mustard,5503.0,6764.0,6133.53,5650.0
PR002032,2026-01-30,MANDI010,Karnal,Wheat,2179.0,2517.99,2349.0,2275.0
PR011312,2026-09-05,MANDI003,Ludhiana,Wheat,2059.0,2486.03,2272.0,2275.0
PR011648,2026-01-02,MANDI049,Fatehabad,Cotton,,7363.69,6809.42,6620.0
PR010806,2026-06-08,MANDI038,Kurukshetra,Makki,1851.33,,2064.03,2090.0
PR002013,2026-02-27,MANDI026,Ludhiana,Wheat,2204.41,2615.0,2409.48,2275.0
PR006890,2026-01-23,MANDI007,Jalandhar,Maize,2023.0,2215.18,,2090.0
PR007945,2026-07-09,MANDI049,Amritsar,Cotton,6784.71,7333.88,7059.3,6620.0
PR007705,2026-08-26,MANDI011,Karnal,Cotton,6325.0,6647.4,6486.05,6620.0
PR005124,2026-05-21,MANDI012,Moga,Sarso,5298.11,5630.91,5464.51,5650.0
PR007880,2026-08-03,MANDI050,Amritsar,Sugarcane,3098.0,3451.39,3274.7,3500.0
PR007454,2026-06-03,MANDI037,Patiala,Cotton,6338.88,7115.4,6727.14,6620.0
PR001807,2026-02-08,MANDI048,Patiala,Ganne,3484.51,4287.21,3885.86,3500.0
PR003200,2026-07-28,,Bathinda,Mustard,5003.49,5460.5,5232.0,5650.0
PR008352,2026-08-17,MANDI008,Amritsar,Mustard,5609.34,6059.57,5834.0,5650.0
PR004295,2026-06-04,MANDI008,Kurukshetra,Maize,,2116.2,,2090.0
PR009764,2026-03-12,MANDI022,Sirsa,Maize,2132.36,2526.0,2329.14,2090.0
PR002769,2026-05-27,MANDI048,Muzaffarnagar,Ganne,3279.34,3514.0,3396.53,3500.0
PR003445,2026-07-15,MANDI053,Karnal,चावल,2222.45,2376.0,2299.33,2183.0
PR008121,2026-02-21,MANDI048,Sirsa,Mustard,,5792.0,5330.71,
PR006879,2026-01-25,MANDI053,Sirsa,Sugarcane,3220.0,3526.0,3373.31,3500.0
PR005477,2026-01-20,MANDI045,Amritsar,Ganne,3478.71,3789.07,,
PR008608,2026-01-09,MANDI027,Amritsar,Narma,6530.94,7536.07,7033.51,6620.0
PR005777,2026-01-12,MANDI023,Fatehabad,Sugarcane,3670.32,4204.0,3936.97,3500.0
PR002368,2026-05-23,,,Wheat,2383.52,2543.0,2463.4,
PR010711,2026-04-16,MANDI006,Sirsa,Wheat,2060.57,2450.54,2255.56,2275.0
PR010058,2026-02-10,MANDI051,Ludhiana,Wheat,1997.42,2371.92,2185.0,2275.0
PR010654,2026-06-10,MANDI040,Jalandhar,Wheat,,2354.34,2278.48,2275.0
PR002988,2026-02-05,MANDI047,Jalandhar,Rice,2094.69,2210.0,2152.0,
PR001663,2026-06-02,MANDI011,Moga,Maize,1916.4,2215.0,2065.73,2090.0
PR000788,2026-12-07,MANDI025,Karnal,Rice,1995.46,2247.68,2122.0,2183.0
PR000912,2026-08-20,MANDI009,Bathinda,Maize,1991.57,2310.44,2151.0,2090.0
PR010939,2026-08-10,MANDI022,Karnal,Mustard,4900.0,6083.95,,5650.0
PR005668,2026-03-09,MANDI013,Patiala,Mustard,5187.83,5489.0,5338.0,5650.0
PR009225,2026-05-16,MANDI004,Karnal,Mustard,5320.46,6027.77,5674.0,5650.0
PR006720,2026-07-20,MANDI042,Ambala,Cotton,6210.76,7232.21,6721.49,6620.0
PR005623,2026-03-31,MANDI048,Ferozepur,Sugarcane,3232.75,3687.25,3460.0,3500.0
PR004865,2026-08-19,MANDI014,Ferozepur,Maize,1937.57,2270.03,2104.0,2090.0
PR006711,2026-08-16,MANDI037,Ferozepur,Wheat,2128.19,2606.59,2367.0,2275.0
PR009114,2026-05-20,MANDI041,Jalandhar,Chawal,1864.0,2007.0,1935.63,2183.0
PR006655,2026-05-18,MANDI046,,Sugarcane,3291.55,3511.0,3401.12,3500.0
PR010774,2026-08-22,MANDI038,Karnal,Mustard,5278.49,6352.0,5815.16,5650.0
PR002499,2026-05-28,MANDI034,Sirsa,Sugarcane,3400.89,3779.69,3590.29,3500.0
PR005374,2026-01-20,MANDI010,Ludhiana,चावल,1883.21,2321.33,2102.27,2183.0
PR004773,2026-04-08,MANDI005,Amritsar,Wheat,,2298.0,2139.14,
PR003438,2026-02-19,MANDI042,Fatehabad,Wheat,2125.0,2494.12,,2275.0
PR010894,2026-03-20,MANDI033,Fatehabad,Cotton,6799.22,8448.0,,6620.0
PR006567,2026-03-18,MANDI055,Ambala,Ganne,3397.18,4033.62,3715.4,3500.0
PR000955,2026-08-20,MANDI019,Fatehabad,Sugarcane,3167.86,3786.0,3477.0,3500.0
PR004711,2026-01-26,MANDI038,Kurukshetra,Cotton,6512.0,6943.8,6728.03,6620.0
PR007270,2026-08-28,MANDI052,Patiala,Maize,2061.61,2385.9,2223.76,
PR009928,2026-02-25,MANDI031,Sirsa,Wheat,2082.0,2524.42,2303.0,2275.0
PR008242,2026-01-12,MANDI015,Hisar,Wheat,2286.41,2577.0,2431.54,2275.0
PR003105,2026-02-27,MANDI017,Amritsar,Maize,2060.0,2350.0,2204.73,2090.0
PR002560,2026-05-25,MANDI054,Kurukshetra,Mustard,5593.0,6651.9,6123.0,5650.0
PR000007,2026-06-21,MANDI057,Ambala,Maize,2048.0,2382.0,2215.02,
PR001768,2026-08-13,MANDI016,Sirsa,Sugarcane,3370.58,3686.55,3529.0,3500.0
PR001893,2026-01-22,MANDI029,Jalandhar,Rice,2274.26,2491.29,2383.0,
PR001007,2026-09-08,MANDI028,Ludhiana,Wheat,2008.95,2419.47,2214.21,2275.0
PR006005,2026-04-06,MANDI044,Karnal,Cotton,5967.96,6676.0,6321.75,6620.0
PR004626,2026-08-23,MANDI023,Karnal,Mustard,5567.0,6339.34,5953.23,5650.0
PR003219,2026-03-22,MANDI011,Moga,Wheat,1948.0,2294.99,2121.65,
PR005616,2026-03-22,MANDI020,Ferozepur,Cotton,5911.0,6414.54,6162.96,6620.0
PR008363,2026-08-10,MANDI025,Karnal,Mustard,5892.36,7111.6,6501.98,
PR006326,2026-03-11,MANDI051,Fatehabad,Sarso,5669.05,6857.75,6263.4,5650.0
PR006209,2026-01-12,MANDI029,Moga,Wheat,2163.0,2500.46,2331.96,2275.0
PR001551,2026-05-11,MANDI049,Moga,Maize,1928.9,2328.0,2128.67,2090.0
PR000471,2026-01-01,MANDI014,Ferozepur,Cotton,5814.74,6282.51,6048.62,6620.0
PR003894,2026-06-16,,Fatehabad,Rice,2068.13,2322.0,2195.0,2183.0
PR005487,2026-02-11,MANDI032,Kurukshetra,Wheat,2132.0,2259.72,,2275.0
PR000667,2026-08-22,MANDI027,Ambala,Sarso,5790.27,6558.79,6174.53,
PR005741,2026-01-24,MANDI017,Ludhiana,Sarso,4990.26,5489.13,5239.69,5650.0
PR007547,2026-08-25,MANDI040,Hisar,Narma,6416.35,7603.0,7009.53,6620.0
PR009043,2026-05-03,MANDI030,Ferozepur,Wheat,2365.55,2788.0,2576.96,2275.0
PR007468,2026-07-15,MANDI014,Hisar,Sugarcane,3298.14,4118.2,3708.17,
PR002063,2026-09-02,MANDI013,Patiala,Wheat,2326.0,2491.0,2408.66,
PR006268,2026-08-01,MANDI002,Hisar,Maize,1797.0,1958.29,1877.46,2090.0
PR003807,2026-02-07,MANDI043,Patiala,Maize,1855.6,2230.98,2043.0,2090.0
PR002806,2026-07-02,MANDI048,Amritsar,Maize,2152.31,2421.15,2286.73,2090.0
PR003145,2026-02-09,MANDI050,Hisar,Mustard,5918.24,6838.49,6378.0,5650.0
PR011530,2026-08-09,,Amritsar,Cotton,5651.05,6077.4,5864.23,6620.0
PR007125,2026-02-22,MANDI016,Jalandhar,Chawal,2234.0,2681.66,2457.59,
PR008750,2026-03-14,MANDI003,Ludhiana,Cotton,6791.42,8388.0,7589.55,6620.0
PR003991,2026-05-03,MANDI041,Ferozepur,Makki,2141.06,2555.0,2348.02,2090.0
PR006559,2026-04-17,MANDI053,Saharanpur,Narma,6101.17,7243.82,6672.5,6620.0
PR003395,2026-01-23,MANDI009,Fatehabad,Rice,2176.0,2687.0,2431.39,
PR008093,2026-02-22,MANDI018,Ambala,Narma,5691.87,6507.0,6099.34,6620.0
PR010436,2026-04-17,MANDI019,Bathinda,Cotton,6020.0,6495.61,6258.0,6620.0
PR008852,2026-08-01,MANDI031,Hisar,Cotton,6050.0,7261.18,6655.44,6620.0
PR003216,2026-02-01,MANDI004,Karnal,Cotton,6753.0,7698.98,7226.0,6620.0
PR005796,2026-01-06,MANDI038,Patiala,Maize,2026.41,2312.0,2169.28,2090.0
PR009859,2026-05-19,MANDI039,Patiala,Maize,1930.96,2217.53,2074.25,2090.0
PR004845,2026-02-16,MANDI035,Karnal,Cotton,6691.18,7645.0,7168.0,6620.0
PR000909,2026-01-17,MANDI011,Kurukshetra,Wheat,2357.25,2569.0,,2275.0
PR005901,2026-07-17,MANDI046,Ferozepur,Sugarcane,3187.78,3455.33,3321.56,3500.0
PR002695,2026-05-16,MANDI011,Hisar,Maize,1935.51,2170.21,2052.86,2090.0
PR003782,2026-01-12,MANDI043,Karnal,Mustard,4890.0,5643.99,5267.12,
PR003568,2026-08-02,,Sirsa,Ganne,3352.9,3795.01,3574.0,
PR008732,2026-06-14,MANDI001,Kurukshetra,Sarso,5859.0,6800.0,6330.0,5650.0
PR007328,2026-08-09,MANDI024,Patiala,Maize,,2493.62,2292.69,2090.0
PR008060,2026-03-13,MANDI043,Karnal,Mustard,5461.0,6427.74,5944.35,5650.0
PR002498,2026-09-01,MANDI055,Bareilly,Maize,1946.34,2351.0,2148.67,2090.0
PR008636,2026-07-01,MANDI007,Jalandhar,Wheat,,2567.32,2444.16,
PR004589,2026-08-01,MANDI037,Karnal,Sugarcane,3448.7,4072.25,3760.48,
PR009726,2026-08-21,MANDI014,Kurukshetra,Narma,5903.68,6258.0,6081.0,6620.0
PR001717,2026-04-19,MANDI018,Moga,Rice,,2327.44,2115.51,2183.0
PR008173,2026-06-01,MANDI043,Ambala,Rice,2131.74,2395.35,2264.0,2183.0
PR009377,2026-04-25,MANDI033,Ambala,Narma,6016.37,7390.85,6703.61,6620.0
PR008602,2026-01-09,MANDI044,Agra,Mustard,5394.0,6477.12,5935.0,5650.0
PR009081,2026-07-20,,Moga,Makki,1992.68,2445.0,2218.83,2090.0
PR007928,2026-08-02,MANDI016,Bathinda,Rice,2020.41,2448.0,,2183.0
PR009139,2026-08-05,MANDI056,Sirsa,Cotton,6476.0,8014.61,7245.18,6620.0
PR011061,2026-07-04,MANDI045,Kurukshetra,Maize,2139.0,2279.27,2209.35,2090.0
PR010599,2026-03-13,MANDI046,Ludhiana,Chawal,2041.0,2264.2,2152.37,
PR008248,2026-06-14,MANDI006,Fatehabad,Wheat,,2509.66,2264.0,2275.0
PR011390,2026-02-02,MANDI039,Sirsa,Sugarcane,3385.15,4054.77,3719.96,3500.0
PR007644,2026-01-10,MANDI039,Ambala,Sugarcane,3145.93,3420.94,3283.44,
PR011228,2026-07-24,MANDI029,Sirsa,Mustard,4852.44,6017.66,5435.0,5650.0
PR010712,2026-04-01,MANDI055,Bathinda,Sugarcane,3130.4,3484.77,3307.59,3500.0
PR002510,2026-05-10,,Ferozepur,Mustard,5587.43,6216.0,5901.72,5650.0
PR006319,2026-04-21,MANDI030,Amritsar,Sugarcane,3148.15,3342.46,3245.31,
PR004403,2026-01-25,MANDI009,Hisar,Wheat,2017.61,2492.51,2255.06,2275.0
PR007781,2026-07-06,MANDI005,Sirsa,Mustard,4976.04,6044.92,5510.0,5650.0
PR008622,2026-07-23,MANDI019,Bathinda,Makki,1903.63,2220.63,2062.13,2090.0
PR002638,2026-01-23,MANDI053,Ambala,Cotton,6852.98,7601.64,7227.31,6620.0
PR002618,2026-02-05,MANDI001,Ambala,Rice,2188.59,2483.29,2336.0,
PR011311,2026-06-03,MANDI010,Moga,Cotton,5912.17,6809.01,6361.0,6620.0
PR009153,2026-02-03,MANDI015,Hisar,Sugarcane,3560.0,4242.0,3901.23,
PR001522,2026-03-10,MANDI041,Hisar,Wheat,1963.0,2157.92,2060.55,2275.0
PR004056,2026-01-02,MANDI043,Agra,Ganne,3048.97,3637.11,3343.04,3500.0
PR002600,2026-08-04,MANDI022,Bathinda,Mustard,5530.0,6201.94,5866.0,5650.0
PR010758,2026-06-27,MANDI013,Ferozepur,चावल,1883.54,2254.19,2069.0,2183.0
PR007215,2026-04-28,MANDI038,Ambala,Cotton,6523.67,7256.02,6889.84,6620.0
PR005732,2026-06-09,MANDI048,Sirsa,Maize,2131.83,2527.4,2329.62,2090.0
PR005073,2026-06-09,MANDI045,Ambala,Narma,6886.68,8546.92,7717.0,6620.0
PR010903,2026-08-19,MANDI023,Karnal,Wheat,2234.0,2626.26,2430.0,2275.0
PR009089,2026-06-26,MANDI044,Patiala,Maize,1971.93,2086.0,2029.0,2090.0
PR000523,2026-06-02,MANDI032,Bathinda,Wheat,2355.59,2657.0,2506.26,2275.0
PR010511,2026-07-29,MANDI030,Sirsa,Cotton,5727.56,7115.12,6421.34,6620.0
PR001870,2026-07-26,MANDI010,Ferozepur,Narma,6107.48,6718.67,6413.07,6620.0
PR000614,2026-07-08,MANDI054,Patiala,Sugarcane,3514.07,3728.16,3621.0,
PR003576,2026-04-24,MANDI043,Hisar,Mustard,5267.0,5830.0,5548.94,
PR001676,2026-11-03,,Sirsa,Wheat,,2655.0,2405.05,2275.0
PR003452,2026-02-16,MANDI018,Ludhiana,Chawal,2211.58,2568.08,2390.0,2183.0
PR001484,2026-08-27,MANDI020,Hisar,Sugarcane,3144.7,3917.0,3530.85,3500.0
PR009502,2026-04-15,MANDI046,Fatehabad,Maize,1919.21,2388.73,2154.0,2090.0
PR006238,2026-04-30,MANDI034,Jalandhar,Cotton,6102.79,6634.28,6368.53,6620.0
PR007456,2026-07-12,MANDI039,Amritsar,Wheat,2110.77,2428.0,2269.57,2275.0
PR009098,2026-07-27,MANDI029,Kurukshetra,Mustard,5619.0,6280.2,5949.65,5650.0
PR011925,2026-01-24,MANDI007,Ferozepur,Wheat,2031.36,2343.13,2187.25,2275.0
PR010231,2026-03-19,MANDI044,Ferozepur,Rice,1867.0,,1957.0,2183.0
PR011112,2026-02-18,MANDI002,Ambala,Rice,2132.0,2345.42,2238.52,2183.0
PR002838,2026-05-07,MANDI039,Sirsa,Cotton,6803.11,8426.0,7615.0,6620.0
PR003507,2026-03-15,MANDI024,Karnal,Mustard,4879.0,5244.0,5061.29,5650.0
PR009977,2026-05-09,MANDI020,Ambala,Wheat,1958.5,2430.42,2194.0,2275.0
PR003229,2026-02-18,,,Sugarcane,3581.95,4293.0,3938.0,3500.0
PR005223,2026-03-06,,,Sugarcane,3307.87,3713.36,3511.0,
PR011146,2026-04-23,MANDI031,Sirsa,Maize,1900.23,2049.0,1974.5,
PR004341,2026-09-02,,Ludhiana,Maize,1841.4,2116.0,1978.82,2090.0
PR000375,2026-03-26,MANDI022,Karnal,Mustard,5478.0,5880.13,5678.85,
PR008239,2026-04-01,MANDI039,Ludhiana,Mustard,5763.54,6922.33,6342.93,
PR003840,2026-05-31,MANDI005,Ludhiana,Rice,2003.0,2481.25,2242.0,2183.0
PR000663,2026-06-20,,Ludhiana,Maize,1822.0,2054.07,1938.08,2090.0
PR003421,2026-09-07,MANDI032,Ludhiana,Sugarcane,3121.62,3568.59,3345.0,3500.0
PR002981,2026-07-10,MANDI005,Hisar,Rice,2197.55,,2353.55,
PR009724,2026-07-29,MANDI003,Bathinda,Wheat,2359.21,2535.15,2447.18,2275.0
PR005635,2026-03-17,MANDI016,Sirsa,Sugarcane,3358.11,3806.79,3582.45,3500.0
PR006808,2026-03-18,MANDI007,Hisar,Rice,1947.0,2059.7,2003.15,2183.0
PR001612,2026-02-18,MANDI057,Kurukshetra,Rice,1986.07,2292.0,2138.79,2183.0
PR009479,2026-04-18,MANDI019,Bathinda,Wheat,2352.9,2574.95,2463.92,2275.0
PR011835,2026-01-30,MANDI033,Ludhiana,Makki,2156.0,2645.0,2400.09,2090.0
PR010199,2026-06-06,MANDI011,Fatehabad,Sarso,5214.91,5616.0,5415.65,5650.0
PR006363,2026-07-16,MANDI047,Hisar,Cotton,6282.69,6650.76,6466.72,
PR009695,2026-01-28,MANDI001,Karnal,Cotton,6860.47,7644.55,7252.51,
PR011907,2026-04-17,MANDI004,Ludhiana,Sarso,4891.98,,5197.26,5650.0
PR009715,2026-01-23,MANDI014,Sirsa,Wheat,2322.0,2551.71,2437.07,2275.0
PR004836,2026-08-13,,Ludhiana,Wheat,2281.78,2751.7,2516.74,2275.0
PR000836,2026-01-01,MANDI020,Ludhiana,Wheat,1977.77,2147.83,2063.0,2275.0
PR004320,2026-04-21,MANDI052,Ferozepur,Makki,,2106.95,2008.89,
PR010770,2026-03-01,,Fatehabad,Maize,2081.04,2318.51,2199.78,2090.0
PR006376,2026-04-24,MANDI049,Fatehabad,Narma,5647.0,6024.58,5835.78,6620.0
PR009558,2026-05-26,MANDI021,Moga,Cotton,6492.46,8032.1,7262.28,6620.0
PR008114,2026-03-22,MANDI021,Ferozepur,Wheat,2108.0,2582.0,2345.0,2275.0
PR004071,2026-07-30,MANDI019,Jalandhar,Wheat,1968.32,2223.0,2095.59,
PR007292,2026-08-01,MANDI036,Jalandhar,Maize,2054.55,2327.65,2191.1,2090.0
PR000853,2026-03-23,MANDI013,Ambala,Rice,1897.8,2197.0,2047.0,2183.0
PR000831,2026-06-04,MANDI027,Hisar,Sugarcane,3009.28,,3174.48,3500.0
PR004598,2026-01-17,MANDI030,Ambala,Cotton,6031.19,6925.24,6478.21,6620.0
PR000538,2026-05-27,MANDI039,Patiala,Maize,2163.0,2378.3,2270.64,2090.0
PR011985,2026-01-21,,Ferozepur,Cotton,6611.26,7620.56,7116.0,6620.0
PR000890,2026-05-22,MANDI001,Moga,Rice,2140.01,2594.15,2367.08,2183.0
PR003599,2026-03-16,MANDI005,Amritsar,Sarso,4996.0,5458.68,5227.38,5650.0
PR001036,2026-04-13,MANDI034,Kurukshetra,Maize,2116.1,2386.0,2251.0,2090.0
PR009236,2026-02-26,MANDI024,Ludhiana,Mustard,5745.15,6654.27,6200.0,5650.0
PR007709,2026-03-09,MANDI054,Jalandhar,Cotton,5935.7,6521.0,6228.0,6620.0
PR002735,2026-06-26,MANDI029,Bathinda,Sugarcane,3490.65,4064.0,3777.11,3500.0
PR001475,2026-01-30,MANDI045,Kurukshetra,Sugarcane,3088.0,3662.56,,3500.0
PR006195,2026-03-02,MANDI025,Ferozepur,Sugarcane,3332.0,3901.69,3616.73,3500.0
PR008500,2026-04-28,MANDI050,Muzaffarnagar,Narma,5834.28,6627.28,6231.0,6620.0
PR000734,2026-07-23,MANDI044,Hisar,Wheat,2274.0,2733.02,2503.5,2275.0
PR007966,2026-07-22,,Jalandhar,Mustard,4870.0,5398.86,5134.47,5650.0
PR009723,2026-03-03,MANDI051,Jalandhar,Rice,2047.68,2409.0,2228.43,2183.0
PR010779,2026-08-03,MANDI026,Hisar,Wheat,2307.52,2733.66,2520.59,
PR000555,2026-03-27,MANDI034,Ambala,Maize,1822.0,1994.24,1908.3,2090.0
PR000319,2026-07-22,MANDI057,Amritsar,Rice,2081.35,2372.0,2226.84,2183.0
PR008343,2026-08-12,MANDI047,Karnal,Narma,6264.42,7332.94,6799.0,6620.0
PR007132,2026-08-12,MANDI030,Sirsa,Mustard,5763.69,6239.0,6001.15,5650.0
PR007222,2026-07-09,,,Wheat,2170.0,2553.0,2362.0,2275.0
PR009618,2026-03-22,MANDI003,Ferozepur,Maize,1832.0,2241.97,2037.2,2090.0
PR004554,2026-01-20,MANDI041,Moga,Mustard,5450.21,6092.0,5771.34,
PR000773,2026-05-11,MANDI005,Moga,Rice,2176.3,2328.0,2252.18,2183.0
PR000869,2026-04-04,,Ambala,Cotton,6580.06,6972.69,6776.0,6620.0
PR004021,2026-07-07,MANDI034,Ambala,Mustard,4833.0,5257.28,5045.0,5650.0
PR001046,2026-09-06,MANDI013,Kurukshetra,Rice,2263.0,2760.93,,2183.0
PR006274,2026-08-30,MANDI038,Ferozepur,Ganne,3618.12,4106.21,3862.0,3500.0
PR003284,2026-01-16,MANDI023,Bathinda,Mustard,4840.0,5560.04,5200.0,5650.0
PR004776,2026-06-29,MANDI007,Patiala,Cotton,6769.97,8080.88,7425.42,6620.0
PR004702,2026-05-17,MANDI018,Fatehabad,Mustard,4920.82,,5234.0,
PR008271,2026-01-14,MANDI013,Kurukshetra,Wheat,2121.1,2448.91,2285.0,2275.0
PR009674,2026-06-16,MANDI041,Hisar,Makki,1795.61,2200.95,1998.0,
PR002998,2026-07-01,MANDI024,Karnal,Mustard,5210.12,5861.0,5535.73,5650.0
PR007379,2026-08-07,MANDI014,Patiala,Sarso,5037.0,5618.0,5327.0,5650.0
PR002375,2026-01-13,MANDI020,Sirsa,Cotton,6261.0,,,6620.0
PR003309,2026-04-06,MANDI057,Moga,Sugarcane,3500.0,3958.17,3729.0,3500.0
PR007798,2026-04-21,MANDI009,Fatehabad,Sugarcane,3409.47,3716.0,3562.71,3500.0
PR004939,2026-08-17,MANDI038,Ambala,Rice,2164.0,2519.2,2341.65,2183.0
PR006897,2026-04-16,MANDI044,Ludhiana,Wheat,2209.48,2585.86,2397.67,2275.0
PR005475,2026-01-11,MANDI046,Patiala,Wheat,2258.0,2658.71,2458.0,2275.0
PR007399,2026-04-28,MANDI023,Ludhiana,Ganne,3302.38,3961.31,3632.0,3500.0
PR001833,2026-06-26,MANDI055,Bathinda,Rice,1976.19,2317.32,2147.0,2183.0
PR008824,2026-06-16,MANDI045,Jalandhar,Sugarcane,3404.32,3831.04,,3500.0
PR004543,2026-02-03,MANDI040,Hisar,Cotton,5931.0,6660.4,6295.72,
PR007802,2026-07-31,MANDI042,Sirsa,Maize,1944.04,2082.64,2013.34,2090.0
PR005244,2026-09-09,MANDI016,Patiala,Mustard,5869.0,6325.48,6097.11,5650.0
PR009572,2026-01-23,MANDI042,Bathinda,Ganne,3054.95,3447.0,3250.79,
PR011047,2026-01-22,MANDI017,Ferozepur,Chawal,2221.48,2445.35,2333.42,
PR006153,2026-07-05,MANDI048,Muzaffarnagar,Wheat,,2263.28,2135.22,
PR001063,2026-05-12,MANDI047,Muzaffarnagar,Wheat,1999.0,2471.68,,2275.0
PR009642,2026-02-21,MANDI001,Amritsar,Wheat,2355.83,2634.36,2495.0,
PR009397,2026-03-14,MANDI043,Fatehabad,Makki,1812.0,2167.0,1989.72,2090.0
PR008651,2026-04-16,MANDI039,Jalandhar,Wheat,2080.0,2318.36,2199.29,
PR006755,2026-01-14,MANDI019,Hisar,Sugarcane,3089.0,3770.14,3429.75,3500.0
PR003469,2026-08-05,MANDI054,Bathinda,Wheat,2158.0,2418.38,2287.97,2275.0
PR008856,2026-02-02,MANDI027,Ludhiana,Rice,2238.93,2658.1,2448.52,2183.0
PR003455,2026-02-06,MANDI022,Karnal,Maize,2146.06,2586.0,2366.02,2090.0
PR009856,2026-07-24,MANDI030,Ambala,Sarso,5806.74,6172.0,5989.36,5650.0
PR005166,2026-01-26,MANDI014,Jalandhar,Rice,2215.76,2415.7,2315.73,2183.0
PR007504,2026-03-21,MANDI049,Ludhiana,Cotton,5679.0,,6112.57,6620.0
PR000557,2026-01-06,MANDI048,Moga,Mustard,5450.88,6205.58,5828.23,5650.0
PR010838,2026-06-24,MANDI040,Sirsa,Cotton,5651.53,6423.63,6038.0,
PR005904,2026-08-03,MANDI029,Bathinda,Narma,5922.05,6437.0,6179.47,6620.0
PR002340,2026-04-16,MANDI032,Fatehabad,Maize,2037.21,2438.29,2237.75,2090.0
PR005164,2026-02-14,MANDI047,Ferozepur,Sugarcane,3099.15,3561.87,3330.51,
PR005419,2026-04-04,MANDI034,Ambala,Makki,1792.59,1989.57,1891.08,2090.0
PR003628,2026-01-31,MANDI035,Jalandhar,Sarso,5269.3,5870.74,5570.0,5650.0
PR002326,2026-04-13,MANDI007,Moga,चावल,1935.0,2289.66,2112.09,2183.0
PR011553,2026-06-26,,,Cotton,5868.89,6999.0,6434.12,6620.0
PR004398,2026-01-19,MANDI001,Hisar,Ganne,3633.16,4200.0,3916.64,3500.0
PR004380,2026-06-16,MANDI028,Ferozepur,Cotton,6461.31,7645.0,7053.19,6620.0
PR007559,2026-04-24,MANDI033,Jalandhar,Maize,1873.39,1968.0,1920.62,2090.0
PR008715,2026-07-23,,Amritsar,Maize,2043.34,2382.2,2212.77,2090.0
PR011874,2026-04-03,MANDI002,Jalandhar,Mustard,,6131.36,5756.15,5650.0
PR010180,2026-02-24,MANDI044,Patiala,Wheat,2095.06,,2160.85,2275.0
PR004757,2026-04-25,MANDI043,Kurukshetra,Cotton,6024.17,6811.0,6418.0,6620.0
PR009888,2026-03-23,MANDI031,Karnal,Sugarcane,3072.11,3233.0,3152.32,3500.0
PR007389,2026-07-21,,Patiala,Maize,1823.0,1925.5,1874.14,2090.0
PR004257,2026-04-15,MANDI024,Fatehabad,Cotton,6458.39,7932.1,7195.0,6620.0
PR005494,2026-01-11,MANDI021,Jalandhar,Mustard,5667.0,6672.77,6169.98,5650.0
PR005574,2026-03-02,MANDI018,Fatehabad,Mustard,5796.0,6602.0,6198.97,5650.0
PR006180,2026-08-02,MANDI055,Patiala,Mustard,5257.0,5623.3,5440.34,5650.0
PR003458,2026-07-18,MANDI018,Karnal,Wheat,2081.57,2384.7,,2275.0
PR009861,2026-02-06,MANDI052,Karnal,Mustard,5653.68,6633.0,,5650.0
PR007050,2026-04-18,MANDI021,Amritsar,Wheat,2083.0,2353.68,2218.29,2275.0
PR002835,2026-05-08,MANDI019,Ambala,Sugarcane,3538.0,4320.0,3929.11,
PR011470,2026-07-05,MANDI002,Moga,Narma,5978.52,7051.51,6515.02,6620.0
PR008016,2026-07-08,MANDI025,Jalandhar,Maize,2071.0,2218.89,2144.89,2090.0
PR002356,2026-07-17,MANDI020,Jalandhar,Wheat,2328.05,2704.04,2516.05,2275.0
PR006910,2026-03-22,MANDI048,Ludhiana,Wheat,2373.0,2895.73,,2275.0
PR009409,2026-02-11,MANDI036,Fatehabad,Sarso,5336.71,6078.18,5707.45,5650.0
PR010002,2026-03-04,MANDI012,Ferozepur,Rice,2241.0,2463.08,2352.04,2183.0
PR011071,2026-06-19,MANDI009,Ambala,Wheat,2101.0,2382.88,2241.98,2275.0
PR008170,2026-07-08,MANDI020,Ferozepur,Maize,1928.0,2251.0,2089.66,
PR002112,2026-06-23,,Moga,Mustard,4896.58,5683.0,5289.74,5650.0
PR000650,2026-06-06,MANDI032,,Mustard,,6217.52,5876.57,5650.0
PR004153,2026-06-23,MANDI008,Karnal,Rice,1886.79,2067.0,1977.0,2183.0
PR006041,2026-04-19,MANDI047,Patiala,Mustard,5812.96,7199.52,6506.24,
PR008869,2026-09-08,MANDI005,Amritsar,Narma,5855.3,6574.84,6215.0,6620.0
PR010626,2026-05-28,MANDI001,Ludhiana,Ganne,3273.83,3555.99,3414.91,
PR005762,2026-04-15,MANDI005,Ambala,Cotton,6091.37,6852.95,6472.16,
PR003040,2026-02-16,MANDI006,Amritsar,Sarso,5173.06,5433.9,5303.48,5650.0
PR005898,2026-07-26,MANDI016,Ludhiana,Maize,1842.0,2221.3,2031.58,2090.0
PR001174,2026-06-18,,Ludhiana,Maize,1983.0,2380.65,2181.78,2090.0
PR002699,2026-07-13,MANDI003,Ambala,Wheat,2080.83,2359.83,2220.33,
PR010515,2026-01-24,MANDI040,Bathinda,Mustard,5179.15,5474.13,5326.64,5650.0
PR000202,2026-07-22,,Jalandhar,Maize,1906.25,2358.0,2132.32,2090.0
PR001941,2026-03-08,MANDI035,Ambala,Wheat,2000.87,2404.0,2202.6,2275.0
PR007603,2026-06-17,MANDI026,Hisar,Ganne,3250.36,3665.7,3458.03,3500.0
PR002470,2026-07-22,MANDI043,Moga,Cotton,5670.65,6061.39,5866.02,6620.0
PR005908,2026-01-15,MANDI046,,Sugarcane,3069.76,3400.17,3234.96,
PR005095,2026-05-03,MANDI043,Hisar,Sarso,5552.12,6101.0,5826.59,5650.0
PR010696,2026-01-01,MANDI038,Sirsa,Ganne,2998.81,3673.71,3336.26,3500.0
PR001191,2026-06-21,MANDI045,Jalandhar,Rice,,2551.0,2345.49,2183.0
PR009438,2026-08-07,MANDI015,Kurukshetra,Maize,2061.0,2247.93,2154.42,2090.0
PR007722,2026-02-15,MANDI021,Fatehabad,Wheat,2125.91,2511.91,2318.91,2275.0
PR009193,2026-02-09,MANDI036,Ferozepur,Sugarcane,3011.87,3428.0,3219.85,3500.0
PR006256,2026-04-25,MANDI018,Patiala,Cotton,6457.86,6921.36,6690.0,
PR007049,2026-03-31,MANDI037,Bathinda,Rice,2266.0,2481.0,2373.61,2183.0
PR010490,2026-07-28,MANDI050,Hisar,Rice,2286.24,2672.75,2479.0,2183.0
PR001395,2026-02-13,,Jalandhar,Wheat,2042.0,2316.59,2179.0,2275.0
PR002190,2026-09-08,MANDI014,Amritsar,Rice,2170.69,2387.59,2279.14,2183.0
PR004053,2026-07-01,MANDI055,Hisar,Wheat,2275.0,2494.64,2384.74,2275.0
PR009254,2026-08-27,MANDI019,Patiala,Sugarcane,3026.29,,,3500.0
PR009285,2026-04-03,MANDI008,Jalandhar,Cotton,6122.62,6987.57,6555.0,6620.0
PR008470,2026-03-16,MANDI039,Hisar,Mustard,5325.7,6382.0,5853.64,
PR007290,2026-04-12,MANDI026,Jalandhar,Rice,2274.0,2582.52,2428.24,2183.0
PR002659,2026-01-10,,,Ganne,3365.76,3814.0,3589.7,3500.0
PR001424,2026-07-22,MANDI021,Ferozepur,Rice,2077.28,2517.64,2297.46,2183.0
PR010225,2026-08-14,,Bathinda,Cotton,6101.08,6515.0,6308.0,6620.0
PR003295,2026-03-21,MANDI043,Agra,Wheat,,2161.09,2064.75,2275.0
PR001579,2026-01-22,MANDI013,Jalandhar,Ganne,3061.35,3507.36,3284.35,3500.0
PR007356,2026-05-14,MANDI055,Jalandhar,Rice,2203.44,2670.02,2436.73,2183.0
PR010699,2026-04-17,MANDI036,Sirsa,Wheat,2311.0,2433.11,2371.85,2275.0
PR003077,2026-04-08,MANDI028,Hisar,Rice,1894.0,2257.53,2075.76,2183.0
PR005856,2026-03-11,MANDI028,Karnal,Wheat,1952.76,2394.0,2173.0,2275.0
PR001489,2026-07-19,MANDI010,Patiala,Rice,1921.5,2055.0,1988.2,2183.0
PR001273,2026-08-09,MANDI026,Ambala,Chawal,2143.05,2287.0,2215.03,
PR002890,2026-06-26,MANDI006,Karnal,Wheat,2099.0,2579.42,2339.08,2275.0
PR009857,2026-07-04,MANDI044,Ferozepur,Chawal,1863.22,2072.0,1968.0,2183.0
PR008552,2026-05-10,MANDI048,Hisar,Wheat,1957.0,2146.05,2051.63,
PR003453,2026-04-26,MANDI002,Amritsar,Rice,2198.0,2410.25,,
PR005506,2026-12-05,MANDI004,Ludhiana,Maize,1924.91,2358.3,2142.0,
PR009974,2026-02-17,MANDI019,Moga,Wheat,2279.38,2605.0,2442.3,2275.0
PR003274,2026-02-08,MANDI029,Sirsa,Makki,2024.0,2504.0,2264.28,2090.0
PR010067,2026-01-04,MANDI020,Ludhiana,Wheat,1973.0,2238.92,2106.0,2275.0
PR007353,2026-03-21,MANDI057,Jalandhar,Mustard,5144.0,5816.0,5479.84,
PR009258,2026-02-27,MANDI011,Ambala,Mustard,5679.73,6595.52,6137.63,5650.0
PR000840,2026-08-09,MANDI026,Ludhiana,Wheat,1986.61,2256.86,2122.0,2275.0
PR004113,2026-01-01,MANDI020,Jalandhar,Mustard,4923.81,5259.33,5092.0,5650.0
PR004788,2026-06-01,MANDI023,Ambala,Wheat,2095.92,2290.71,2193.0,
PR005971,2026-03-30,MANDI006,Moga,Cotton,6525.79,8144.2,7334.99,6620.0
PR006018,2026-08-21,MANDI019,Hisar,Rice,2024.17,2486.05,2255.11,2183.0
PR004785,2026-07-12,MANDI003,Moga,Mustard,5308.72,6402.03,,5650.0
PR000444,2026-05-17,MANDI055,Fatehabad,Maize,2181.15,2680.0,2430.76,2090.0
PR000314,2026-04-25,MANDI013,Jalandhar,Maize,1815.11,,1883.16,
PR010065,2026-04-08,MANDI010,Fatehabad,Mustard,5716.67,6148.36,5932.52,5650.0
PR006226,2026-08-25,MANDI002,Bathinda,Narma,6761.36,7709.03,7235.19,6620.0
PR002738,2026-04-01,MANDI027,Patiala,Cotton,6778.59,7550.55,,6620.0
PR010274,2026-04-17,MANDI024,Bathinda,Sarso,5019.61,6262.14,5640.87,
PR002687,2026-07-08,MANDI030,Moga,Chawal,1933.01,2306.67,2120.0,
PR009112,2026-08-18,,Fatehabad,Wheat,2049.86,,2153.59,2275.0
PR002154,2026-08-19,MANDI007,Hisar,Sarso,4924.34,5969.0,5446.8,5650.0
PR011370,2026-08-12,MANDI007,Jalandhar,Cotton,6168.39,6570.02,6369.2,6620.0
PR006885,2026-02-22,MANDI028,Fatehabad,Mustard,5287.98,5684.62,5486.3,5650.0
PR007810,2026-04-26,,Sirsa,Mustard,,6148.49,5860.0,5650.0
PR003771,2026-01-05,MANDI034,Ambala,Maize,,2197.64,,
PR008046,2026-04-29,MANDI027,Hisar,Sarso,5888.33,7149.0,6518.8,5650.0
PR003635,2026-01-08,MANDI016,Fatehabad,Cotton,5889.97,6949.0,6419.38,6620.0
PR001104,2026-02-05,,Moga,Mustard,5348.95,6477.53,5913.0,5650.0
PR010965,2026-06-12,MANDI001,Sirsa,Maize,2173.0,2475.97,2325.0,2090.0
PR002762,2026-09-06,MANDI028,Ferozepur,Rice,2080.48,2261.01,2170.75,2183.0
PR010745,2026-06-05,MANDI013,Ambala,Maize,2075.0,2268.9,2171.93,2090.0
PR011334,2026-05-27,MANDI040,Ambala,Narma,6738.49,7524.0,7131.05,6620.0
PR004944,2026-07-29,MANDI038,Karnal,Mustard,4879.0,5301.0,5090.0,5650.0
PR001600,2026-06-07,MANDI012,Sirsa,Mustard,4812.48,5114.8,4963.64,
PR002293,2026-07-27,MANDI041,Ambala,Cotton,6021.0,6739.0,6380.0,6620.0
PR010890,2026-03-05,MANDI051,Kurukshetra,Wheat,2026.76,2491.76,2259.26,2275.0
PR000159,2026-02-18,MANDI046,Patiala,Makki,1788.0,2039.1,1914.0,2090.0
PR005590,2026-07-16,MANDI019,Patiala,Mustard,5715.0,6550.21,6132.45,5650.0
PR008888,2026-04-24,MANDI026,Bathinda,Wheat,2225.36,2556.0,2391.0,2275.0
PR002788,2026-04-18,MANDI037,Bathinda,Maize,1932.35,2306.44,2119.39,2090.0
PR011259,2026-03-15,MANDI005,Ambala,Rice,1995.0,2156.38,2075.91,2183.0
PR000240,2026-09-01,MANDI036,Ambala,Narma,5675.88,6379.41,,6620.0
PR010643,2026-07-25,MANDI031,Ambala,Cotton,,8010.0,7268.87,6620.0
PR003603,2026-06-08,MANDI035,Kurukshetra,Mustard,5925.48,6739.96,6333.0,5650.0
PR004523,2026-06-10,MANDI033,Ambala,Maize,1961.0,2192.0,2076.66,2090.0
PR008381,2026-07-17,MANDI007,Amritsar,Cotton,6865.83,7873.61,7370.0,6620.0
PR005835,2026-01-01,MANDI004,Sirsa,Wheat,1997.69,,2063.64,2275.0
PR008257,2026-05-25,MANDI035,Patiala,Maize,1864.08,2009.0,1937.0,2090.0
PR009927,2026-08-29,MANDI017,,Narma,5976.45,7009.91,6493.18,
PR006303,2026-02-24,MANDI038,Kurukshetra,Maize,1967.39,2096.0,2031.68,
PR004326,2026-01-23,,Ferozepur,Sugarcane,3459.62,3786.83,3623.22,3500.0
PR001534,2026-04-29,MANDI049,Amritsar,Maize,2118.31,2571.45,2344.88,2090.0
PR000040,2026-07-20,MANDI037,Amritsar,Cotton,5781.0,6163.32,5971.95,6620.0
PR009649,2026-07-17,MANDI041,Jalandhar,Maize,2069.0,2285.0,2176.86,2090.0
PR004236,2026-08-19,MANDI032,Patiala,Maize,2052.0,2294.7,2173.59,2090.0
PR003583,2026-04-25,,Karnal,Wheat,2205.6,2330.0,2267.65,2275.0
PR006924,2026-06-18,MANDI044,Fatehabad,Sugarcane,3120.69,3556.64,3338.67,3500.0
PR010193,2026-05-15,MANDI013,Hisar,Sugarcane,3592.48,3782.35,,3500.0
PR004258,2026-03-29,,Moga,Rice,2135.51,2397.44,2266.0,2183.0
PR009166,2026-08-06,MANDI043,Ferozepur,Maize,1946.0,2114.25,2030.0,
PR001178,2026-05-15,MANDI032,Ferozepur,Sugarcane,3140.94,3440.85,3290.9,3500.0
PR005772,2026-06-29,MANDI042,Kurukshetra,चावल,2021.02,2277.0,2149.03,2183.0
PR011751,2026-07-04,MANDI041,Jalandhar,Cotton,6573.0,7084.8,6829.13,6620.0
PR010433,2026-01-14,MANDI045,Moga,Rice,1971.62,2333.27,2152.45,2183.0
PR011859,2026-05-07,MANDI025,Karnal,Makki,1889.89,,2074.03,2090.0
PR006977,2026-07-10,MANDI021,Ferozepur,Makki,2062.0,2549.54,2305.99,2090.0
PR001675,2026-01-21,MANDI044,Fatehabad,Cotton,6625.35,7669.89,7147.62,6620.0
PR002229,2026-04-17,MANDI048,Bathinda,Maize,2006.0,2403.79,,2090.0
PR003677,2026-08-18,MANDI009,Amritsar,Sugarcane,3626.3,3948.14,3787.22,3500.0
PR003748,2026-08-12,MANDI057,Hisar,Wheat,,2277.02,2106.98,2275.0
PR006971,2026-08-13,MANDI007,Ambala,Mustard,4845.57,,5270.0,5650.0
PR011685,2026-04-08,MANDI017,Fatehabad,Mustard,4851.0,5763.16,5307.0,5650.0
PR006765,2026-05-17,MANDI038,Ambala,Cotton,6858.0,7243.17,7050.51,6620.0
PR006596,2026-05-24,MANDI038,Moga,Mustard,5495.18,6617.76,6056.0,5650.0
PR004913,2026-01-17,MANDI031,Sirsa,Mustard,5809.61,6479.49,6144.55,5650.0
PR003683,2026-03-16,MANDI057,Ambala,Wheat,2239.0,2526.1,2382.0,2275.0
PR005000,2026-09-06,MANDI038,Kurukshetra,Narma,6305.32,7704.09,7004.7,6620.0
PR006690,2026-03-31,MANDI015,Bathinda,Narma,,7497.87,7127.65,
PR005363,2026-03-14,MANDI023,Ferozepur,Sugarcane,3344.13,3565.0,3454.38,3500.0
PR004303,2026-07-25,MANDI004,Bathinda,Rice,1899.5,2002.67,1951.0,
PR003218,2026-02-02,MANDI029,Kurukshetra,Cotton,6669.64,8265.61,7467.63,6620.0
PR005329,2026-05-19,MANDI035,Moga,Ganne,3097.0,3859.44,3478.07,3500.0
PR004300,2026-03-20,MANDI007,Bathinda,Rice,1878.45,2001.0,1940.0,2183.0
PR009230,2026-06-23,MANDI026,Sirsa,Wheat,1946.05,2269.0,2107.3,2275.0
PR000334,2026-03-25,MANDI048,Kurukshetra,Cotton,6700.0,7403.0,7051.42,6620.0
PR009713,2026-01-07,MANDI055,Kurukshetra,Maize,1908.0,2313.86,2110.94,2090.0
PR001380,2026-05-24,MANDI038,Kurukshetra,Wheat,2005.0,2198.0,2101.91,2275.0
PR008865,2026-08-04,MANDI031,Ferozepur,Narma,6339.0,6728.51,,6620.0
PR000832,2026-08-28,MANDI052,Moga,Narma,5627.49,5922.54,5775.02,6620.0
PR004938,2026-05-04,MANDI002,Kurukshetra,Maize,1788.68,2176.0,1982.13,2090.0
PR007024,2026-04-28,MANDI008,Kurukshetra,Mustard,,7032.73,6426.13,5650.0
PR003179,2026-07-02,MANDI006,Sirsa,Rice,2031.88,2350.53,2191.0,
PR008284,2026-05-06,MANDI030,Hisar,Rice,1896.85,2318.45,2107.65,2183.0
PR005930,2026-02-06,,Kurukshetra,Rice,2117.91,2492.86,2305.0,
PR000696,2026-05-24,MANDI039,Ambala,Mustard,5284.0,5773.04,5528.7,5650.0
PR011023,2026-05-27,,Jalandhar,Cotton,6013.0,7503.0,6758.38,6620.0
PR006096,2026-02-18,MANDI037,Moga,Wheat,1961.05,2096.0,2028.31,2275.0
PR000269,2026-05-31,MANDI034,Kurukshetra,Rice,2261.0,2725.0,,2183.0
PR007362,2026-08-06,MANDI032,Ludhiana,Wheat,2242.43,2550.0,2396.1,2275.0
PR008492,2026-08-25,MANDI044,Ambala,Makki,1900.48,2023.0,1961.77,2090.0
PR008417,2026-04-11,MANDI001,Fatehabad,Sarso,,6472.0,6105.0,5650.0
PR002237,2026-05-21,MANDI044,Sirsa,Rice,1898.03,2273.43,2085.73,2183.0
PR008474,2026-01-02,MANDI053,Jalandhar,Cotton,5726.43,6303.78,,
PR004191,2026-07-28,MANDI004,Kurukshetra,Cotton,5816.0,6333.33,6075.0,6620.0
PR008430,2026-02-07,MANDI001,Hisar,Wheat,2178.03,2436.0,2306.77,
PR008156,2026-06-21,MANDI020,Bathinda,चावल,2011.0,2369.0,2190.01,2183.0
PR000544,2026-06-03,MANDI003,Patiala,Cotton,6538.02,7448.58,6993.3,6620.0
PR005963,2026-05-04,,Ferozepur,Maize,1981.9,2200.0,2091.0,2090.0
PR008661,2026-09-09,MANDI052,Hisar,Mustard,5761.88,6890.13,6326.0,5650.0
PR002563,2026-09-08,MANDI013,Moga,Cotton,5957.91,6883.96,,6620.0
PR001074,2026-08-31,MANDI021,Kurukshetra,Wheat,,2517.76,2333.0,
PR003146,2026-04-13,MANDI016,Patiala,Cotton,6688.96,8070.23,7379.59,6620.0
PR003451,2026-05-27,MANDI015,Karnal,Cotton,5997.26,7381.64,6689.45,6620.0
PR000704,2026-05-25,MANDI007,Sirsa,Sugarcane,3182.88,3698.0,3440.42,3500.0
PR008158,2026-10-03,MANDI021,Hisar,Cotton,6115.15,6645.62,6380.0,
PR004955,2026-08-17,MANDI020,Sirsa,Wheat,2039.36,2528.87,2284.12,2275.0
PR005306,2026-03-16,MANDI050,Patiala,चावल,2087.78,2286.0,2187.07,2183.0
PR008620,2026-08-19,MANDI029,Moga,Makki,1849.69,,2025.05,2090.0
PR010752,2026-02-23,MANDI029,Karnal,Maize,2034.81,2313.88,2174.0,
PR000867,2026-02-09,MANDI034,Hisar,Maize,2067.0,2529.0,2298.0,2090.0
PR007240,2026-03-03,MANDI023,Ambala,Chawal,1919.96,2113.59,2017.0,2183.0
PR005754,2026-04-24,MANDI032,Sirsa,Maize,2022.49,2408.38,2215.0,2090.0
PR008724,2026-08-02,MANDI033,Ambala,Mustard,5763.0,6867.0,6315.39,
PR008806,2026-04-07,MANDI046,Ambala,Cotton,5780.0,6397.0,6088.61,6620.0
PR005677,2026-05-21,,Kurukshetra,Maize,1834.43,2012.24,1923.34,2090.0
PR004855,2026-09-08,MANDI011,Ludhiana,Mustard,5716.0,6185.0,5950.73,5650.0
PR008671,2026-08-27,MANDI033,Kurukshetra,Narma,5887.06,6984.45,6435.76,6620.0
PR003420,2026-04-25,MANDI042,Fatehabad,Wheat,2295.43,2484.63,2390.0,2275.0
PR009473,2026-03-30,MANDI045,Kurukshetra,Rice,1922.16,2031.74,1976.95,2183.0
PR009373,2026-05-28,MANDI006,Karnal,Mustard,5430.44,6269.82,5850.13,
PR005187,2026-04-21,MANDI025,Hisar,Wheat,2343.4,2490.78,2417.0,2275.0
PR011276,2026-02-08,MANDI053,Karnal,Mustard,5032.55,6041.54,5537.0,5650.0
PR001976,2026-03-01,MANDI054,Ludhiana,चावल,1915.19,2324.45,2119.82,2183.0
PR004534,2026-06-24,MANDI048,Sirsa,Cotton,5902.81,6745.0,6323.77,6620.0
PR002414,2026-05-02,MANDI034,Ambala,Mustard,5044.0,6007.79,5525.96,5650.0
PR009440,2026-08-30,MANDI039,Fatehabad,Cotton,6232.85,6899.46,6566.15,
PR002966,2026-08-06,MANDI036,Bathinda,Rice,1948.62,2352.99,2150.81,2183.0
PR008199,2026-06-12,MANDI011,Sirsa,Wheat,2074.69,2582.0,2328.59,2275.0
PR007808,2026-08-03,MANDI031,Kurukshetra,Sugarcane,3064.12,3236.99,3150.56,3500.0
PR002545,2026-01-15,MANDI027,Hisar,Sugarcane,3072.0,3603.32,3337.84,
PR001265,2026-06-24,MANDI043,Agra,Cotton,6159.0,7241.97,6700.62,
PR000431,2026-04-17,,Hisar,Maize,2095.0,2248.0,2171.33,2090.0
PR003432,2026-01-22,MANDI024,Ludhiana,Maize,2000.91,2284.45,2143.0,2090.0
PR006602,2026-05-06,MANDI055,Ludhiana,चावल,2207.09,2587.0,2397.23,2183.0
PR009874,2026-01-13,MANDI032,Ferozepur,Rice,2194.11,2501.0,2347.57,2183.0
PR010427,2026-08-15,MANDI025,Fatehabad,चावल,1978.18,2154.12,2066.15,2183.0
PR006273,2026-01-17,MANDI041,Karnal,Rice,2232.08,2348.87,2290.48,2183.0
PR005613,2026-05-10,MANDI041,Ambala,Maize,2082.09,2242.73,2162.0,2090.0
PR008901,2026-06-17,MANDI031,Fatehabad,चावल,2058.0,2528.0,2293.08,2183.0
PR011159,2026-04-18,MANDI046,Patiala,Sugarcane,3665.96,3938.0,3802.0,3500.0
PR010906,2026-01-20,,,Sugarcane,3610.0,4341.98,3976.11,3500.0
PR008371,2026-04-07,,Sirsa,Sugarcane,3285.87,3462.0,,3500.0
PR006811,2026-01-02,MANDI009,Hisar,Maize,1943.0,2310.0,2127.0,
PR011083,2026-07-16,MANDI056,Bareilly,Ganne,3519.82,3781.0,3650.3,3500.0
PR004442,2026-09-01,MANDI009,Fatehabad,Rice,2256.0,2395.26,2326.0,2183.0
PR000025,2026-02-16,MANDI043,Agra,Rice,2147.0,2592.24,2369.54,2183.0
PR005925,2026-09-09,MANDI018,Ferozepur,Ganne,3413.0,4236.93,,3500.0
PR002035,2026-03-13,,Patiala,Narma,6639.3,7349.01,6994.15,6620.0
PR009338,2026-07-13,MANDI026,Hisar,Chawal,1963.14,,2062.97,
PR011319,2026-08-28,,Sirsa,Makki,1801.0,1936.63,1868.64,2090.0
PR011738,2026-01-25,MANDI014,Moga,Sugarcane,3318.0,3639.0,3478.81,3500.0
PR002543,2026-08-09,MANDI012,Ambala,Rice,1895.08,,2022.0,2183.0
PR000160,2026-03-08,MANDI044,Moga,Wheat,2238.48,2462.27,2350.37,
PR004093,2026-01-01,MANDI054,Saharanpur,Mustard,4935.33,5934.51,5434.92,
PR003847,2026-04-25,MANDI005,Ambala,Narma,6445.0,7242.31,6844.0,
PR010131,2026-09-06,MANDI029,Ludhiana,Rice,1960.0,2159.35,2059.75,2183.0
PR011562,2026-02-13,MANDI044,Jalandhar,Cotton,6528.99,6990.11,6760.0,
PR007007,2026-03-28,,Moga,Cotton,5867.0,,6521.73,6620.0
PR011938,2026-05-08,MANDI049,Muzaffarnagar,Makki,2092.0,2558.25,2325.36,2090.0
PR005974,2026-02-09,MANDI021,Bathinda,Rice,2218.17,2494.88,2357.0,
PR006104,2026-01-15,MANDI030,Amritsar,Sugarcane,3407.0,3702.77,3555.05,3500.0
PR005177,2026-10-02,MANDI041,Ambala,Wheat,2362.47,2512.98,2437.73,2275.0
PR005006,2026-03-02,MANDI027,Amritsar,Mustard,5532.51,5935.94,5734.23,5650.0
PR002629,2026-07-21,,Ferozepur,Cotton,6578.51,7046.95,6813.0,6620.0
PR005359,2026-06-27,MANDI052,Kurukshetra,Sugarcane,3507.24,3933.0,3720.19,3500.0
PR006515,2026-02-24,MANDI043,Patiala,Chawal,2196.04,2482.0,2339.03,2183.0
PR002374,2026-07-17,MANDI041,Ambala,Wheat,2119.0,2584.56,2352.0,2275.0
PR007042,2026-01-25,MANDI017,Ferozepur,Rice,1955.0,2102.0,,2183.0
PR002312,2026-08-12,MANDI016,Patiala,Sugarcane,3277.0,3834.0,3555.72,3500.0
PR010419,2026-11-07,MANDI039,Patiala,Sarso,5833.0,6373.4,6103.0,5650.0
PR010055,2026-05-29,MANDI049,Muzaffarnagar,Rice,1868.0,2047.0,1958.0,2183.0
PR006880,2026-02-04,MANDI056,Amritsar,Wheat,2019.0,2290.0,2154.26,
PR011723,2026-08-09,MANDI040,Hisar,Wheat,2294.62,2845.54,2570.08,2275.0
PR007704,2026-01-03,MANDI012,Moga,Mustard,4983.76,6212.94,5598.35,
PR001432,2026-03-03,,Ludhiana,Ganne,3545.0,4086.96,3816.06,
PR005357,2026-06-15,MANDI018,Moga,Rice,2120.29,2641.59,2381.0,
PR011853,2026-02-14,MANDI023,Karnal,Sugarcane,3404.97,3954.14,3679.55,3500.0
PR007589,2026-06-19,MANDI021,Hisar,Wheat,2208.78,2462.0,2335.17,2275.0
PR009456,2026-05-19,MANDI002,Ludhiana,Rice,1915.95,,2134.25,2183.0
PR007998,2026-02-21,MANDI042,Moga,चावल,2270.77,2673.0,2472.0,2183.0
PR005900,2026-08-21,,Kurukshetra,Wheat,2032.0,2168.0,2100.22,2275.0
PR005251,2026-06-20,MANDI050,Amritsar,Rice,2102.94,2426.48,2264.71,2183.0
PR002038,2026-01-23,MANDI048,Kurukshetra,Sugarcane,3273.55,3758.44,3516.0,3500.0
PR007489,2026-05-14,MANDI049,Karnal,Sugarcane,3661.02,4345.0,4003.0,3500.0
PR002391,2026-04-03,MANDI008,Ambala,Chawal,2236.0,2726.78,2481.16,2183.0
PR003788,2026-06-27,MANDI028,Ludhiana,Wheat,1970.0,2405.44,2187.65,2275.0
PR008441,2026-07-19,MANDI011,Jalandhar,Cotton,6125.5,6651.0,6388.23,6620.0
PR007304,2026-04-30,MANDI041,Ferozepur,Mustard,5423.02,5755.41,5589.0,
PR004369,2026-02-26,MANDI054,Sirsa,Maize,2048.27,2524.0,2286.0,2090.0
PR003424,2026-01-30,MANDI034,Ludhiana,Cotton,6896.19,8455.0,7675.46,6620.0
PR002423,2026-05-03,MANDI033,Ambala,Wheat,1976.8,2397.17,2186.99,2275.0
PR008710,2026-01-20,MANDI029,Karnal,चावल,,2380.85,,2183.0
PR006292,2026-02-10,MANDI041,Bathinda,Maize,2121.3,2399.71,2261.0,2090.0
PR003908,2026-08-05,MANDI057,Bathinda,Cotton,5643.15,6957.78,6300.46,
PR002419,2026-03-26,MANDI046,Ferozepur,Sarso,5349.92,6560.05,5954.98,
PR001690,2026-02-12,MANDI009,Bathinda,Narma,,8307.45,7577.87,6620.0
PR001269,2026-01-19,,Sirsa,Mustard,5777.51,6132.83,5955.0,5650.0
PR000985,2026-05-31,MANDI027,Ludhiana,Mustard,5855.11,6203.86,6029.48,5650.0
PR008021,2026-07-06,MANDI014,Hisar,Mustard,5453.93,6504.56,5979.25,5650.0
PR002261,2026-08-06,MANDI019,Kurukshetra,Cotton,6533.35,7850.0,7192.0,6620.0
PR009429,2026-01-25,MANDI014,Sirsa,Rice,2130.47,2293.0,2211.74,2183.0
PR003798,2026-04-23,MANDI042,Amritsar,Sugarcane,3586.0,4234.57,3911.0,3500.0
PR009133,2026-06-26,MANDI019,Jalandhar,Cotton,6896.0,7249.06,7072.78,6620.0
PR008690,2026-02-15,MANDI008,Amritsar,Cotton,6330.0,7467.0,6898.12,6620.0
PR001622,2026-06-25,MANDI054,Bathinda,Rice,2185.0,2423.69,2304.42,2183.0
PR011841,2026-05-12,MANDI037,Amritsar,Wheat,2031.71,2175.39,2103.55,
PR000918,2026-07-05,MANDI041,Karnal,Cotton,6540.04,6938.03,6739.0,
PR005895,2026-06-29,MANDI029,Karnal,Rice,,2170.0,2061.0,2183.0
PR001197,2026-01-15,MANDI005,Ludhiana,Maize,2072.52,,2285.95,2090.0
PR003800,2026-08-25,,Ferozepur,Maize,2110.0,2620.0,2364.85,
PR009284,2026-02-05,MANDI023,Sirsa,Wheat,2285.98,2539.22,2413.0,
PR003363,2026-06-06,MANDI031,Moga,Cotton,6705.0,7299.68,7002.1,6620.0
PR010731,2026-02-16,MANDI045,Ferozepur,Maize,1937.42,2279.0,2108.15,2090.0
PR008250,2026-06-03,MANDI039,,Mustard,5143.64,5590.0,5367.0,5650.0
PR005172,2026-04-25,MANDI018,Moga,Sugarcane,3372.45,4188.91,3781.0,3500.0
PR006084,2026-01-27,MANDI049,Amritsar,Rice,2133.0,,2352.02,2183.0
PR008463,2026-02-19,MANDI017,Jalandhar,Maize,2185.39,2309.0,2247.22,2090.0
PR006207,2026-01-28,MANDI038,Ambala,Rice,2051.55,2459.93,2255.74,2183.0
PR002284,2026-07-29,MANDI026,Bathinda,Cotton,6523.42,7165.15,6844.28,
PR005670,2026-04-05,MANDI025,Jalandhar,Mustard,5456.31,6065.65,5761.0,
PR005479,2026-07-12,MANDI054,Saharanpur,Wheat,2184.0,2297.0,2240.43,2275.0
PR009840,2026-01-22,MANDI019,Karnal,Rice,2247.54,2458.56,2353.05,2183.0
PR004718,2026-01-15,MANDI040,Jalandhar,Cotton,6034.4,6468.78,6251.59,6620.0
PR003447,2026-07-31,MANDI050,Kurukshetra,Mustard,5026.51,6246.0,5636.14,5650.0
PR010962,2026-02-21,MANDI018,Fatehabad,Rice,1998.0,2217.87,,2183.0
PR000369,2026-02-28,MANDI043,Fatehabad,Sugarcane,3620.07,4401.43,4010.75,3500.0
PR011883,2026-09-04,MANDI046,Patiala,Maize,2133.54,2497.0,2315.43,2090.0
PR001636,2026-04-29,MANDI020,Ferozepur,Ganne,3528.0,4386.0,3957.23,3500.0
PR009085,2026-08-30,MANDI014,Ferozepur,Sugarcane,3421.29,4075.1,3748.0,3500.0
PR002584,2026-06-14,MANDI024,Bathinda,Wheat,2317.0,2609.75,2463.17,2275.0
PR002034,2026-01-27,MANDI030,Ambala,Mustard,4975.1,6146.0,5560.78,5650.0
PR008769,2026-06-04,MANDI048,Patiala,Maize,1907.0,2294.06,2100.41,2090.0
PR003449,2026-04-23,MANDI008,Ludhiana,Sugarcane,3132.64,3573.47,3353.05,
PR004821,2026-05-17,,Hisar,Sugarcane,3058.79,3512.23,3285.51,3500.0
PR007971,2026-05-15,MANDI016,Patiala,Wheat,2360.8,2794.87,2578.0,
PR005427,2026-08-06,MANDI013,Fatehabad,Sugarcane,3386.0,3614.96,3500.0,3500.0
PR001759,2026-04-30,MANDI014,Patiala,Wheat,2208.0,2680.22,,2275.0
PR010672,2026-08-22,MANDI002,Patiala,Cotton,6075.0,,6828.57,6620.0
PR001298,2026-08-10,MANDI002,Ludhiana,Maize,1829.0,2238.0,2033.08,2090.0
PR000837,2026-04-18,MANDI028,Amritsar,Cotton,5801.0,6389.74,6095.35,6620.0
PR007214,2026-08-24,MANDI007,Ludhiana,Wheat,2370.0,2753.81,2561.77,
PR001296,2026-02-08,MANDI002,Moga,Maize,2060.27,2529.08,2294.67,
PR000373,2026-02-14,MANDI033,Amritsar,Mustard,5511.36,6661.29,6086.32,5650.0
PR010683,2026-04-27,MANDI023,Bathinda,Makki,1805.46,2200.0,2002.75,2090.0
PR002119,2026-02-02,MANDI028,Patiala,Wheat,2095.35,2435.0,2264.95,2275.0
PR011828,2026-08-19,MANDI002,Amritsar,Sugarcane,3323.86,3982.41,3653.0,3500.0
PR000966,2026-03-31,MANDI033,Ambala,Sarso,5506.48,5785.0,5646.0,5650.0
PR000056,2026-05-25,MANDI001,Moga,Cotton,6658.59,8084.0,7371.3,
PR003168,2026-05-28,MANDI008,Kurukshetra,Maize,1880.52,2238.0,2059.36,
PR008442,2026-07-31,MANDI027,Jalandhar,Sugarcane,3641.63,,3874.65,
PR005962,2026-08-15,MANDI051,Kurukshetra,Mustard,5698.5,6068.16,5883.33,5650.0
PR009351,2026-01-30,MANDI056,Fatehabad,Rice,2022.51,2403.05,2212.78,2183.0
PR004919,2026-08-12,MANDI011,Ludhiana,Maize,2039.74,2480.04,2260.0,2090.0
PR011914,2026-05-10,MANDI017,Moga,Maize,2005.38,2184.94,2095.0,2090.0
PR009960,2026-04-24,MANDI017,Amritsar,Cotton,6161.13,7399.21,6780.17,
PR011811,2026-08-04,MANDI029,Fatehabad,Rice,1894.0,2127.36,2010.8,2183.0
PR004348,2026-07-24,MANDI024,Karnal,Maize,1982.19,2205.6,2094.0,2090.0
PR003774,2026-03-27,MANDI001,Jalandhar,Sugarcane,3523.0,3950.22,3736.62,3500.0
PR003911,2026-05-24,MANDI038,Patiala,Wheat,2090.18,2379.38,2235.0,2275.0
PR006982,2026-01-09,MANDI011,Hisar,Maize,1785.0,2115.05,1950.0,2090.0
PR007200,2026-05-04,MANDI048,Karnal,Maize,1925.0,2169.0,2046.89,2090.0
PR001917,2026-05-11,MANDI006,Fatehabad,Sugarcane,3565.02,4315.0,3939.98,3500.0
PR010797,2026-01-07,MANDI038,Ambala,चावल,2197.0,2423.36,2310.0,2183.0
PR000005,2026-05-21,MANDI005,Bathinda,Ganne,3096.0,3835.0,,
PR001844,2026-06-05,MANDI009,Jalandhar,Rice,1928.0,2199.39,2063.83,
PR008863,2026-03-09,MANDI038,Patiala,Mustard,4828.0,5461.0,5144.73,5650.0
PR000063,2026-03-18,MANDI011,Patiala,Wheat,2313.92,2732.8,,2275.0
PR001026,2026-01-22,MANDI002,Kurukshetra,Mustard,5563.72,6604.87,6084.29,
PR006090,2026-04-16,MANDI044,Ambala,Mustard,5924.49,7067.54,6496.02,
PR010640,2026-04-28,MANDI003,Fatehabad,Wheat,2133.06,2375.27,2254.17,2275.0
PR003526,2026-04-01,,Fatehabad,Maize,1974.0,2101.43,2037.87,
PR011065,2026-02-06,MANDI024,Karnal,Narma,6084.16,7072.9,6578.53,
PR000969,2026-04-29,MANDI031,Sirsa,Rice,2180.0,2339.36,2259.87,2183.0
PR000013,2026-05-20,MANDI012,Ferozepur,Maize,1892.29,2162.27,2027.28,2090.0
PR011786,2026-08-20,MANDI001,Ludhiana,Wheat,2095.28,2390.97,2243.12,2275.0
PR003863,2026-08-19,,Moga,Sugarcane,3254.0,3577.0,3415.77,3500.0
PR003537,2026-07-23,MANDI026,Sirsa,Mustard,5748.99,6834.0,6292.0,5650.0
PR011181,2026-02-24,MANDI010,Jalandhar,Cotton,6269.38,7292.85,6781.0,6620.0
PR002869,2026-06-23,MANDI005,Amritsar,Mustard,5245.09,5809.0,5527.0,5650.0
PR007613,2026-03-18,MANDI044,Agra,Mustard,5874.0,6737.0,6305.41,5650.0
PR007297,2026-09-06,MANDI044,Patiala,Cotton,5629.71,6968.48,6299.1,6620.0
PR005931,2026-02-13,MANDI007,Bathinda,Cotton,5679.26,6758.97,6219.11,
PR011815,2026-02-13,MANDI013,Bathinda,Maize,1886.0,2337.93,2112.0,2090.0
PR009174,2026-01-04,MANDI042,Ambala,Cotton,5994.23,6768.63,6381.0,6620.0
PR009563,2026-05-28,MANDI008,Karnal,Rice,1896.57,2276.17,2086.37,2183.0
PR008609,2026-05-25,MANDI027,Karnal,Wheat,1943.71,2358.95,2151.33,2275.0
PR006245,2026-06-19,,Kurukshetra,Sarso,5166.33,6214.87,5690.6,5650.0
PR000881,2026-08-04,MANDI010,Jalandhar,Cotton,5675.0,6817.48,6246.28,6620.0
PR006574,2026-06-23,MANDI014,Jalandhar,Narma,5684.27,6385.31,6034.79,6620.0
PR009158,2026-04-28,MANDI009,Bathinda,Maize,2089.97,2253.75,2171.86,2090.0
PR002492,2026-01-27,MANDI004,Bathinda,Rice,1930.23,2045.18,1987.7,2183.0
PR004135,2026-04-18,MANDI049,Muzaffarnagar,Sugarcane,3580.0,4207.13,3893.39,3500.0
PR003783,2026-04-13,MANDI017,Hisar,Sugarcane,3148.0,3590.55,3369.07,3500.0
PR008226,2026-03-16,MANDI036,Hisar,Rice,1910.74,2265.0,2088.0,
PR008087,2026-08-31,MANDI051,Moga,Maize,1844.72,2220.25,2032.0,2090.0
PR003955,2026-08-08,MANDI053,Ludhiana,Cotton,6900.91,7254.0,7077.67,6620.0
PR001922,2026-08-19,,,Maize,1873.0,2063.35,1968.0,2090.0
PR004422,2026-05-11,,Kurukshetra,Maize,1786.0,2190.05,1987.87,2090.0
PR007098,2026-07-03,MANDI032,Hisar,Sugarcane,3127.14,3662.15,3394.64,3500.0
PR006887,2026-06-30,MANDI052,Bathinda,Ganne,,3848.0,3553.0,3500.0
PR006888,2026-02-07,MANDI024,Sirsa,Cotton,5650.72,6936.18,6293.45,6620.0
PR001070,2026-03-03,MANDI029,Amritsar,Sugarcane,3286.32,3932.64,3609.48,
PR004179,2026-05-04,MANDI052,Hisar,Wheat,2368.0,2583.98,2476.0,
PR006819,2026-05-23,MANDI027,Kurukshetra,Cotton,5863.31,7259.0,6561.28,6620.0
PR010800,2026-05-04,MANDI005,Amritsar,Cotton,6462.67,6800.95,6631.81,6620.0
PR008359,2026-06-08,MANDI003,Bathinda,Sugarcane,,3424.0,3318.3,3500.0
PR002865,2026-07-14,MANDI043,Ambala,Sarso,5363.02,6572.0,5968.0,
PR004485,2026-03-04,MANDI032,Sirsa,Wheat,2325.01,2567.79,2446.4,2275.0
PR005558,2026-04-01,MANDI048,Jalandhar,Mustard,5138.0,5545.78,5342.14,5650.0
PR004048,2026-05-07,MANDI044,Agra,Sarso,5905.49,7102.47,6503.98,5650.0
PR000091,2026-02-19,MANDI036,Moga,Maize,2024.47,2528.51,2276.49,
PR001658,2026-03-07,MANDI042,Bathinda,Mustard,4950.35,5841.29,5396.0,5650.0
PR008222,2026-03-06,MANDI051,Fatehabad,Mustard,5261.77,5865.48,5563.63,5650.0
PR003085,2026-03-05,MANDI010,Jalandhar,Maize,1992.0,2329.0,2160.0,2090.0
PR011114,2026-01-17,MANDI015,Amritsar,Sugarcane,3462.0,3912.8,3687.0,3500.0
PR004722,2026-02-23,,Fatehabad,Cotton,5751.58,7085.62,6419.0,6620.0
PR010437,2026-04-01,MANDI022,Karnal,Wheat,2197.0,2710.4,2453.91,2275.0
PR010783,2026-04-02,MANDI010,Patiala,Sugarcane,3214.0,3714.07,3463.97,
PR008594,2026-01-17,MANDI036,Kurukshetra,Makki,1912.89,2388.0,2150.55,2090.0
PR011012,2026-05-17,,Kurukshetra,Sarso,5776.0,6265.0,6021.0,5650.0
PR000430,2026-02-24,MANDI017,Amritsar,Wheat,1977.3,2151.66,2064.0,2275.0
PR008578,2026-01-09,MANDI050,Fatehabad,Maize,,2250.0,2034.6,2090.0
PR007046,2026-08-18,MANDI008,Sirsa,Mustard,4900.0,5238.73,5069.16,5650.0
PR011591,2026-07-11,MANDI014,Ferozepur,Sarso,5421.06,6358.65,5889.85,
PR001810,2026-06-25,MANDI022,Kurukshetra,Sarso,4993.28,6114.51,5554.0,5650.0
PR008082,2026-02-13,MANDI050,Sirsa,Mustard,5058.0,5956.38,5507.31,5650.0
PR001108,2026-04-03,MANDI051,Ferozepur,Sugarcane,3129.26,3644.92,3387.09,
PR011511,2026-08-12,MANDI057,Ambala,Maize,2140.0,2541.0,2340.36,2090.0
PR008711,2026-05-08,MANDI002,Patiala,Cotton,6359.18,7577.3,6968.24,6620.0
PR008057,2026-06-23,MANDI016,Karnal,Mustard,5119.25,6056.0,5587.58,5650.0
PR010658,2026-03-20,MANDI015,Bathinda,Wheat,2221.84,2583.09,2402.0,2275.0
PR001898,2026-05-13,MANDI043,Kurukshetra,Rice,2200.49,2683.63,2442.0,2183.0
PR007305,2026-05-21,MANDI022,Ambala,Cotton,6934.09,8293.0,7613.0,6620.0
PR007788,2026-07-12,MANDI057,Kurukshetra,Cotton,6507.99,7463.0,6985.0,
PR000081,2026-01-12,MANDI030,Moga,Wheat,2298.63,2638.78,,2275.0
PR001256,2026-02-07,MANDI001,Moga,Sugarcane,3502.0,,3936.03,3500.0
PR010506,2026-07-09,MANDI057,Patiala,Maize,1936.0,2221.0,2078.44,2090.0
PR000448,2026-02-02,MANDI049,Fatehabad,Cotton,5889.72,6815.0,6352.0,6620.0
PR005758,2026-11-02,MANDI027,Patiala,Maize,1928.47,2240.66,2084.56,2090.0
PR005912,2026-01-23,MANDI010,Ludhiana,Mustard,5350.97,6592.05,5972.0,
PR003838,2026-02-16,MANDI029,Sirsa,Wheat,2341.94,2579.44,2460.69,2275.0
PR009219,2026-04-23,MANDI014,Patiala,Sugarcane,3384.0,3735.97,3559.74,3500.0
PR006873,2026-08-15,MANDI031,Sirsa,Sugarcane,3338.31,3690.34,3514.33,3500.0
PR007321,2026-01-18,MANDI028,Bathinda,Sugarcane,3493.58,3744.48,3619.0,3500.0
PR006112,2026-06-27,,Ambala,Sugarcane,3624.32,4324.74,3974.53,3500.0
PR004825,2026-01-26,MANDI009,Kurukshetra,Sugarcane,3302.32,3979.33,3640.82,3500.0
PR008630,2026-07-15,MANDI012,Karnal,Cotton,5683.0,6452.0,6068.0,6620.0
PR002750,2026-06-29,MANDI030,Fatehabad,Cotton,6221.77,7722.0,6971.74,6620.0
PR003816,2026-08-19,MANDI004,Patiala,Rice,1955.0,2395.79,2175.62,2183.0
PR011575,2026-06-10,,Jalandhar,Sarso,5725.0,6700.88,6213.0,5650.0
PR009581,2026-01-22,MANDI015,Patiala,Cotton,6685.0,7573.12,7128.81,6620.0
PR004264,2026-07-02,MANDI004,Bathinda,Sugarcane,3360.0,4042.0,3701.0,
PR004443,2026-02-04,MANDI036,Moga,Mustard,5836.97,6657.0,6247.0,5650.0
PR007180,2026-03-03,MANDI009,Bathinda,Maize,2177.55,,2373.65,2090.0
PR004431,2026-02-15,MANDI038,Bathinda,Rice,1946.05,2100.16,2023.1,2183.0
PR003233,2026-05-12,MANDI049,Moga,Ganne,3052.82,3589.0,3320.98,3500.0
PR006131,2026-07-07,MANDI057,Hisar,Maize,2093.84,2390.0,2241.93,2090.0
PR002397,2026-05-12,MANDI010,Sirsa,Wheat,2163.6,2400.08,2281.84,2275.0
PR008846,2026-07-03,,Sirsa,Makki,1865.66,2025.0,1945.39,2090.0
PR008911,2026-04-25,MANDI023,Patiala,Wheat,2033.32,2460.0,2246.0,2275.0
PR001122,2026-08-28,MANDI042,Ludhiana,Narma,,7444.0,7125.03,6620.0
PR011205,2026-02-06,MANDI020,Jalandhar,Sugarcane,3242.0,3744.0,3492.77,3500.0
PR000681,2026-06-13,MANDI048,Fatehabad,Cotton,6222.03,,6658.59,6620.0
PR009209,2026-05-19,MANDI014,Patiala,Rice,2051.0,2412.95,2232.0,2183.0
PR002749,2026-08-27,MANDI055,Fatehabad,Cotton,5860.12,7307.0,6583.39,6620.0
PR000267,2026-03-15,MANDI049,Fatehabad,Wheat,1989.0,2375.95,2182.6,2275.0
PR000579,2026-12-03,MANDI041,Sirsa,Mustard,4909.92,6135.37,5522.64,5650.0
PR006838,2026-01-05,MANDI057,Hisar,Mustard,5685.2,6174.75,5929.97,5650.0
PR003971,2026-03-16,MANDI010,Sirsa,Cotton,6161.33,7248.0,6705.0,6620.0
PR002796,2026-02-11,MANDI030,Karnal,Wheat,2087.0,2229.07,,2275.0
PR011187,2026-03-18,MANDI022,Kurukshetra,Rice,2068.15,2536.74,2302.44,2183.0
PR000210,2026-05-16,MANDI056,Ferozepur,Rice,1924.0,2062.0,1993.31,2183.0
PR002554,2026-08-06,MANDI013,Patiala,Mustard,4887.0,6007.0,,5650.0
PR011950,2026-04-19,MANDI044,Ambala,Narma,6195.0,7647.0,6921.26,6620.0
PR011278,2026-03-29,MANDI013,Bathinda,Rice,2279.44,2698.43,,2183.0
PR006672,2026-01-21,MANDI035,Ambala,Cotton,6095.84,6975.87,6535.86,6620.0
PR005285,2026-01-01,MANDI041,Karnal,Mustard,5270.0,6228.28,5749.0,5650.0
PR005988,2026-07-16,MANDI038,Patiala,Cotton,5742.0,6160.99,5951.0,6620.0
PR002239,2026-09-01,MANDI004,Ludhiana,Wheat,1945.0,2120.43,2033.0,2275.0
PR000312,2026-05-11,MANDI023,Karnal,Maize,2083.11,2593.99,2339.0,2090.0
PR011178,2026-03-17,MANDI056,Bathinda,चावल,2083.32,2210.0,2146.74,2183.0
PR003266,2026-03-13,MANDI014,Ludhiana,Sugarcane,3122.43,,3393.0,3500.0
PR000458,2026-03-23,MANDI024,Kurukshetra,Mustard,5456.76,6427.0,5941.86,5650.0
PR000903,2026-07-19,MANDI036,Karnal,Narma,6775.02,7402.24,7089.0,6620.0
PR003678,2026-05-07,MANDI031,Fatehabad,Makki,1913.0,2051.0,1982.0,2090.0
PR002320,2026-08-28,MANDI029,Sirsa,Mustard,5180.0,5921.16,5550.73,5650.0
PR003646,2026-08-16,MANDI031,Karnal,Wheat,2028.96,2529.04,2279.0,2275.0
PR010577,2026-08-12,MANDI012,Ferozepur,Mustard,5199.0,6152.52,5675.72,5650.0
PR011313,2026-03-30,MANDI009,Moga,Sugarcane,3422.09,,3772.19,3500.0
PR002851,2026-06-20,MANDI045,Fatehabad,Wheat,2149.83,2546.0,2348.0,2275.0
PR002794,2026-08-15,MANDI049,Fatehabad,Wheat,1967.8,2432.0,2200.0,
PR006309,2026-04-19,MANDI032,Kurukshetra,Ganne,3483.0,4191.36,3837.0,
PR007172,2026-05-13,MANDI022,Moga,Mustard,,5573.14,5256.0,5650.0
PR005681,2026-03-26,MANDI052,Fatehabad,Chawal,2289.06,2455.9,2372.0,2183.0
PR000307,2026-07-22,MANDI019,Fatehabad,Chawal,2241.0,2685.0,,2183.0
PR001015,2026-06-08,MANDI041,Fatehabad,Wheat,1938.68,2240.37,2089.52,
PR009203,2026-06-11,MANDI009,Ludhiana,Cotton,6808.22,8308.0,7558.0,6620.0
PR007627,2026-02-10,MANDI011,Bathinda,Wheat,2157.87,2587.0,2372.23,2275.0
PR001013,2026-01-08,MANDI005,Karnal,Wheat,1974.0,2087.18,2030.42,2275.0
PR006860,2026-05-12,MANDI008,Ferozepur,Wheat,2143.0,2467.42,2305.24,2275.0
PR004203,2026-03-19,MANDI004,Karnal,Maize,2041.93,2185.0,2113.0,2090.0
PR001116,2026-04-23,MANDI055,Bareilly,Cotton,6808.69,7506.14,7157.42,6620.0
PR000893,2026-01-02,MANDI016,Fatehabad,Cotton,6393.08,7086.68,6739.88,6620.0
PR010705,2026-01-19,MANDI032,Karnal,Wheat,2330.69,2572.18,2451.43,
PR004621,2026-05-23,MANDI042,Sirsa,Maize,2141.41,2533.37,2337.0,2090.0
PR009854,2026-07-31,MANDI026,Amritsar,चावल,1986.16,2464.73,2225.44,2183.0
PR010085,2026-04-22,MANDI047,Hisar,Wheat,1992.0,2212.74,2102.28,2275.0
PR009253,2026-07-15,,Sirsa,Wheat,2031.31,2269.0,2150.0,2275.0
PR006440,2026-06-18,MANDI039,Jalandhar,Sugarcane,3454.0,4003.48,3729.0,
PR011299,2026-04-11,MANDI022,Moga,Cotton,5709.0,7083.52,6396.15,6620.0
PR005042,2026-04-03,MANDI025,Bathinda,Sugarcane,3441.95,3653.96,3548.0,
PR000294,2026-06-24,MANDI027,Fatehabad,Rice,2259.96,2717.72,2488.84,2183.0
PR007322,2026-01-03,MANDI056,Fatehabad,Rice,1922.06,2183.65,,
PR004211,2026-05-16,MANDI014,Karnal,Cotton,6834.0,7343.26,7088.55,6620.0
PR010507,2026-07-12,MANDI036,Moga,Rice,2089.98,2309.27,2199.62,2183.0
PR004293,2026-02-14,MANDI056,Bareilly,Cotton,6535.2,7815.13,7175.0,6620.0
PR008495,2026-03-07,MANDI041,Karnal,Cotton,5898.85,6286.57,6092.71,6620.0
PR001928,2026-06-24,MANDI053,Ambala,Mustard,5271.94,6430.61,5851.28,5650.0
PR003675,2026-03-22,MANDI021,Ferozepur,Sarso,5276.15,6099.22,5687.68,5650.0
PR009205,2026-02-22,MANDI021,Hisar,Mustard,5445.96,5908.96,5677.46,5650.0
PR005188,2026-04-04,MANDI040,Bathinda,Maize,2166.97,2407.48,2287.0,2090.0
PR006656,2026-05-14,MANDI007,Hisar,Mustard,5267.22,5673.38,5470.3,
PR002086,2026-02-22,MANDI029,Ferozepur,Mustard,4852.0,5324.41,5088.06,
PR001735,2026-03-27,MANDI033,Ferozepur,Sarso,5827.99,7187.61,6507.8,5650.0
PR000079,2026-01-14,MANDI039,Bathinda,Sugarcane,,3425.0,3212.25,3500.0
PR007943,2026-05-15,MANDI017,,Makki,1792.49,1951.38,1871.94,2090.0
PR005632,2026-09-04,,Hisar,Sarso,5044.83,5690.0,5367.0,
PR000494,2026-08-21,,,Sarso,5825.0,6208.39,6016.52,5650.0
PR005361,2026-01-25,MANDI046,Moga,Wheat,2383.45,2528.4,2455.93,2275.0
PR010762,2026-03-21,MANDI056,Kurukshetra,Cotton,6453.0,7885.13,7168.92,6620.0
PR000769,2026-03-25,MANDI036,Sirsa,Cotton,6934.06,8082.0,7508.21,6620.0
PR011600,2026-10-02,MANDI006,Amritsar,Chawal,2005.36,2422.03,2213.7,2183.0
PR008986,2026-04-22,MANDI037,Bathinda,Ganne,3406.43,3739.22,3572.82,
PR006851,2026-07-26,MANDI038,Patiala,Wheat,1958.62,2255.68,2107.15,2275.0
PR005606,2026-03-10,MANDI047,Fatehabad,Wheat,2207.0,2433.0,2320.19,2275.0
PR001043,2026-06-22,,Ambala,Rice,1937.69,2191.71,2064.7,2183.0
PR008076,2026-11-01,MANDI051,Saharanpur,Rice,2117.61,2462.0,2290.0,
PR010869,2026-01-01,MANDI052,Bathinda,Mustard,5615.0,6480.56,6047.84,5650.0
PR001739,2026-03-19,MANDI004,Fatehabad,Cotton,,7876.5,7254.14,6620.0
PR005040,2026-02-21,MANDI043,Amritsar,Rice,1911.1,2086.37,1998.73,2183.0
PR002141,2026-01-07,MANDI014,Jalandhar,Cotton,6852.01,8206.0,7529.03,
PR004682,2026-03-24,MANDI020,Bathinda,Cotton,6934.96,7478.0,7206.41,6620.0
PR008605,2026-01-20,MANDI028,Sirsa,Wheat,2322.2,2676.55,2499.37,2275.0
PR011792,2026-03-17,MANDI011,Ferozepur,Wheat,2307.66,2719.73,2513.7,
PR010931,2026-06-14,MANDI009,Jalandhar,Maize,2127.44,2374.13,2250.79,2090.0
PR006348,2026-02-24,MANDI049,Hisar,Rice,2174.8,2346.17,2260.49,2183.0
PR000394,2026-09-04,MANDI054,Jalandhar,Maize,1968.98,2291.0,2130.0,2090.0
PR011669,2026-04-18,MANDI035,Amritsar,Maize,1935.0,2144.0,2039.52,2090.0
PR006558,2026-08-04,,,Cotton,6757.97,7800.78,7279.38,6620.0
PR011310,2026-02-04,MANDI039,Karnal,Cotton,5710.57,7000.62,6355.59,6620.0
PR007443,2026-05-05,MANDI010,Moga,Sugarcane,3241.0,3624.92,3433.0,3500.0
PR001231,2026-04-02,MANDI009,Jalandhar,Cotton,6335.74,7166.32,6751.03,
PR003313,2026-06-22,MANDI044,Amritsar,Cotton,6487.18,7434.0,6961.0,
PR001316,2026-03-14,MANDI034,Bathinda,Sugarcane,3075.0,3295.04,3184.87,3500.0
PR009359,2026-01-03,MANDI047,Kurukshetra,Chawal,2221.48,,2480.0,2183.0
PR000709,2026-03-12,MANDI033,Kurukshetra,Mustard,5164.1,5875.19,5520.0,5650.0
PR002087,2026-03-13,,Fatehabad,Rice,2049.0,2318.96,2184.0,2183.0
PR007275,2026-07-05,MANDI040,Patiala,Mustard,5163.25,5476.0,5319.5,5650.0
PR010453,2026-04-29,MANDI019,Kurukshetra,Maize,1923.84,2245.0,2084.17,
PR008073,2026-04-05,MANDI001,Ambala,Chawal,2104.72,2417.6,2261.16,2183.0
PR008224,2026-08-25,,Ferozepur,Sarso,4871.09,5717.0,5294.1,5650.0
PR006324,2026-01-21,MANDI023,Ludhiana,Mustard,5552.05,6725.0,6138.63,5650.0
PR007444,2026-06-22,,Kurukshetra,Rice,2256.41,2415.86,2336.13,2183.0
PR003887,2026-04-16,MANDI027,Ambala,Sugarcane,3538.81,4276.0,3907.31,3500.0
PR003011,2026-02-11,MANDI057,Sirsa,Wheat,2042.36,2191.0,2116.59,2275.0
PR004090,2026-06-22,MANDI031,Fatehabad,Wheat,1997.04,2249.56,2123.0,2275.0
PR009142,2026-08-02,MANDI012,Karnal,Wheat,2244.72,2595.0,2420.0,2275.0
PR002627,2026-01-17,MANDI051,Moga,Rice,2145.48,2671.68,2408.58,
PR003029,2026-01-12,MANDI046,Moga,Sarso,4844.0,5770.0,5307.0,
PR011852,2026-04-29,MANDI029,Karnal,Wheat,1937.43,2155.0,2046.14,2275.0
PR001960,2026-06-15,MANDI032,Sirsa,Wheat,1951.79,2333.06,2142.42,2275.0
PR004631,2026-08-03,MANDI011,Moga,Wheat,2338.0,2732.0,2535.24,2275.0
PR001100,2026-04-14,MANDI037,Ferozepur,Maize,1813.67,2258.73,2036.0,
PR008367,2026-05-09,MANDI014,Karnal,Sugarcane,3522.44,3801.0,3661.71,
PR008247,2026-08-16,MANDI021,Bathinda,Ganne,3633.17,4420.52,4026.85,
PR004186,2026-01-24,MANDI042,Sirsa,Wheat,2104.27,2599.77,2352.0,
PR011816,2026-08-16,MANDI002,Ferozepur,Wheat,,2523.18,2358.0,
PR002042,2026-01-20,MANDI028,Kurukshetra,Rice,2133.47,2493.21,2313.34,
PR011231,2026-07-22,MANDI045,Ferozepur,Chawal,2265.37,2828.29,2546.83,2183.0
PR009583,2026-04-21,MANDI024,Hisar,Makki,2091.18,2292.21,2192.0,2090.0
PR010224,2026-08-14,MANDI017,Hisar,Mustard,5042.0,,5315.03,5650.0
PR005342,2026-06-30,MANDI013,Amritsar,Rice,2228.22,2435.0,2331.71,2183.0
PR000477,2026-04-03,MANDI054,Fatehabad,Rice,2111.34,2324.82,2218.08,2183.0
PR001564,2026-10-07,MANDI039,Karnal,Wheat,2032.0,2158.62,2095.0,2275.0
PR001971,2026-02-08,MANDI051,Sirsa,Rice,1944.07,2418.0,2180.89,2183.0
PR008935,2026-01-06,MANDI007,Bathinda,Mustard,5292.96,,5837.0,5650.0
PR006732,2026-07-09,,,Sugarcane,3418.55,4154.2,3786.38,3500.0
PR002765,2026-06-06,MANDI057,Bareilly,Sarso,4823.65,6014.0,5419.0,5650.0
PR002914,2026-07-08,MANDI041,Sirsa,Makki,1989.97,2241.76,2115.87,2090.0
PR006427,2026-09-02,MANDI049,Muzaffarnagar,Narma,6823.25,7918.44,7370.85,6620.0
PR001281,2026-08-12,MANDI050,Moga,Mustard,5219.0,6355.46,5787.25,5650.0
PR004721,2026-01-27,MANDI037,Karnal,Rice,1875.23,2192.84,2034.0,2183.0
PR000920,2026-06-15,MANDI054,Moga,Narma,6582.59,8215.88,7399.23,
PR004764,2026-07-30,MANDI024,Patiala,Maize,1894.54,2340.95,2117.75,2090.0
PR009687,2026-01-21,MANDI005,Patiala,Sugarcane,3394.48,3589.26,,3500.0
PR010929,2026-03-23,MANDI016,Ferozepur,Wheat,2361.47,2486.36,2424.0,2275.0
PR009184,2026-03-16,,,Cotton,6476.9,7729.67,7103.0,6620.0
PR004571,2026-08-20,MANDI011,Jalandhar,Sugarcane,,3723.0,3421.77,3500.0
PR009392,2026-05-10,MANDI046,Sirsa,Cotton,5737.39,6464.02,6101.0,6620.0
PR007726,2026-08-18,MANDI016,Kurukshetra,Ganne,3129.5,3696.67,3413.09,3500.0
PR008163,2026-03-14,MANDI006,Patiala,Sugarcane,3144.33,3444.19,3294.26,3500.0
PR009018,2026-11-08,MANDI039,Fatehabad,Rice,2086.15,2260.89,2173.52,
PR001823,2026-02-25,MANDI033,Ambala,Maize,2023.91,2175.7,2099.81,2090.0
PR008117,2026-01-23,MANDI002,Patiala,Mustard,4888.0,5459.0,5174.0,5650.0
PR002939,2026-01-15,MANDI030,Moga,Wheat,2107.74,2364.57,,2275.0
PR003322,2026-05-23,MANDI021,Amritsar,Mustard,5284.41,6523.0,5903.88,5650.0
PR005005,2026-04-11,MANDI040,Fatehabad,Sugarcane,3383.22,4095.0,3739.0,3500.0
PR004813,2026-03-27,MANDI045,Patiala,Sugarcane,3600.93,4461.02,4030.98,3500.0
PR002187,2026-04-07,MANDI029,Sirsa,Rice,2268.0,2653.45,2460.56,2183.0
PR006125,2026-07-19,,,Sugarcane,3657.8,4406.37,4032.08,3500.0
PR010190,2026-04-08,,Amritsar,Maize,2024.83,2511.0,2267.91,2090.0
PR009941,2026-02-02,MANDI057,Amritsar,Mustard,5250.0,6424.0,5836.89,5650.0
PR007209,2026-03-10,MANDI042,Fatehabad,Cotton,6931.74,7683.86,7307.8,
PR004240,2026-03-20,MANDI002,Sirsa,Wheat,2215.35,,2365.18,
PR005457,2026-02-25,MANDI049,Sirsa,Ganne,3592.35,4088.18,3840.26,3500.0
PR003619,2026-08-28,MANDI020,Ferozepur,Chawal,2007.31,2447.0,2227.39,2183.0
PR001338,2026-08-24,MANDI010,Jalandhar,Maize,1835.63,2097.14,1966.39,2090.0
PR010520,2026-08-30,MANDI020,Moga,Maize,1923.06,2081.45,2002.25,2090.0
PR003956,2026-06-22,MANDI036,Jalandhar,Rice,1941.0,2381.95,2161.52,2183.0
PR001490,2026-08-15,MANDI008,Patiala,Cotton,6710.09,7355.83,7032.96,6620.0
PR006667,2026-08-15,MANDI005,Amritsar,Sugarcane,3208.0,3375.0,3291.51,3500.0
PR000045,2026-03-18,MANDI030,Ambala,Wheat,2115.15,2272.36,2194.0,
PR011726,2026-07-11,,Sirsa,Cotton,5923.69,6678.0,6300.68,
PR002961,2026-03-03,MANDI025,Patiala,Sugarcane,2976.28,3656.86,3316.57,3500.0
PR005471,2026-08-21,,Ludhiana,Cotton,6928.0,7525.0,7226.18,6620.0
PR009062,2026-01-06,MANDI056,Kurukshetra,Mustard,5502.0,6735.91,6118.91,
PR004863,2026-02-26,,,Rice,2016.83,2476.0,2247.0,
PR010492,2026-01-25,MANDI011,Ferozepur,Chawal,2132.93,2609.0,2371.0,2183.0
PR002219,2026-03-23,MANDI042,Ludhiana,Sugarcane,3205.41,,3462.0,3500.0
PR010483,2026-08-10,MANDI003,Ludhiana,Maize,2158.0,2595.33,2376.43,2090.0
PR008358,2026-06-11,MANDI035,Kurukshetra,Mustard,5040.86,5790.0,5415.34,5650.0
PR011957,2026-03-15,MANDI019,Patiala,Ganne,3494.29,3708.0,3601.0,3500.0
PR004067,2026-07-30,MANDI042,Hisar,Mustard,5353.71,6116.39,5735.05,5650.0
PR007332,2026-08-08,MANDI054,Saharanpur,Narma,6245.0,6727.96,6486.0,
PR009633,2026-03-08,MANDI039,Fatehabad,Mustard,4830.0,5948.59,5389.26,5650.0
PR005689,2026-02-23,MANDI044,Ambala,Maize,2052.47,2254.31,2153.0,2090.0
PR001921,2026-08-22,MANDI047,Amritsar,Sugarcane,3321.5,4072.0,3696.66,3500.0
PR006449,2026-03-02,,Moga,Cotton,5709.85,6227.0,5969.0,6620.0
PR002235,2026-07-28,MANDI007,Karnal,Mustard,5748.0,6110.42,5929.0,
PR010523,2026-06-15,,Fatehabad,Wheat,2078.62,2582.71,2330.66,2275.0
PR010624,2026-01-19,MANDI026,Jalandhar,Wheat,2264.17,2820.91,2542.54,2275.0
PR008733,2026-03-14,MANDI025,Sirsa,Cotton,6579.75,7184.0,6882.03,6620.0
PR004823,2026-11-03,MANDI002,Ludhiana,Maize,1941.0,2286.27,2113.0,2090.0
PR004323,2026-06-07,MANDI057,Moga,Sugarcane,3380.97,3830.08,3605.53,3500.0
PR009442,2026-03-17,,Moga,Sugarcane,3648.58,4079.8,3864.19,3500.0
PR011628,2026-03-11,MANDI055,Fatehabad,Cotton,5660.68,7024.79,6342.74,6620.0
PR009869,2026-03-16,MANDI018,Ludhiana,Wheat,,2575.0,2327.0,
PR009228,2026-04-27,MANDI012,Karnal,Cotton,,7390.85,7082.77,6620.0
PR000041,2026-08-08,MANDI040,Karnal,Makki,1851.0,2194.88,2023.13,
PR008218,2026-08-14,MANDI046,,Maize,1843.0,2126.98,1984.98,2090.0
PR011900,2026-07-21,MANDI002,Karnal,Sugarcane,3300.4,4082.0,3690.97,
PR004452,2026-02-03,MANDI023,Ludhiana,Mustard,5907.0,6705.68,6307.0,
PR009276,2026-06-06,MANDI017,Kurukshetra,Rice,2289.48,2825.0,2557.0,2183.0
PR007657,2026-01-31,MANDI011,Ludhiana,Maize,1854.0,2248.45,2051.32,2090.0
PR009778,2026-04-26,MANDI037,Moga,Mustard,5396.98,6453.63,5925.3,5650.0
PR001903,2026-05-25,MANDI034,Hisar,Cotton,6266.0,7502.17,6883.98,
PR000420,2026-04-19,MANDI054,Ludhiana,Wheat,2261.06,2787.97,2524.51,2275.0
PR006426,2026-05-14,MANDI039,Karnal,Cotton,,7072.0,6372.45,6620.0
PR000674,2026-08-13,MANDI032,Fatehabad,Cotton,6623.0,7639.0,7130.94,6620.0
PR004741,2026-04-18,,Hisar,Wheat,2303.0,2544.69,2423.83,2275.0
PR003769,2026-08-12,MANDI004,Patiala,Rice,2250.41,2585.0,2417.52,
PR007764,2026-02-25,MANDI051,Kurukshetra,Mustard,5757.24,6297.7,6027.0,5650.0
PR005243,2026-09-04,MANDI052,Ferozepur,Ganne,3423.97,4053.95,3738.96,3500.0
PR007433,2026-04-05,MANDI023,Ludhiana,Mustard,5070.0,6112.0,5591.0,5650.0
PR003611,2026-03-09,MANDI049,Jalandhar,Sugarcane,3574.39,4022.0,3798.0,3500.0
PR004789,2026-02-05,MANDI026,Karnal,Narma,6395.11,6947.91,6672.0,6620.0
PR004531,2026-07-10,MANDI005,Ludhiana,Rice,2028.02,2522.93,2275.47,2183.0
PR004528,2026-08-27,,,Sugarcane,,4050.37,3748.29,3500.0
PR007464,2026-02-11,MANDI041,Fatehabad,Maize,2159.24,2383.71,2271.0,
PR010693,2026-04-17,MANDI054,Saharanpur,Rice,1952.7,2140.87,2046.78,2183.0
PR004157,2026-07-27,MANDI056,Kurukshetra,Sugarcane,3192.33,3898.56,3545.44,3500.0
PR010262,2026-02-26,MANDI027,Patiala,Cotton,6177.91,,6447.77,6620.0
PR011804,2026-05-22,MANDI041,Jalandhar,Rice,1910.32,2055.98,1983.0,2183.0
PR001332,2026-02-02,MANDI002,Hisar,Wheat,2173.18,2496.19,2334.68,2275.0
PR003036,2026-05-29,MANDI013,Ludhiana,Cotton,5996.0,6864.35,6430.3,
PR006190,2026-08-04,MANDI008,Fatehabad,Mustard,5124.0,5939.98,5532.2,5650.0
PR002067,2026-06-30,MANDI001,Kurukshetra,Sugarcane,2997.95,3594.0,3296.16,3500.0
PR007460,2026-03-28,MANDI053,Hisar,Maize,1913.13,2167.41,2040.0,2090.0
PR006070,2026-01-05,MANDI038,Sirsa,Maize,1851.0,2152.72,2001.86,2090.0
PR007217,2026-08-22,MANDI035,Karnal,Wheat,2253.84,2560.69,2407.0,2275.0
PR003931,2026-03-15,MANDI008,Fatehabad,Wheat,2247.47,2558.39,2403.0,2275.0
PR001487,2026-03-14,,Fatehabad,Cotton,6169.93,6671.13,6420.53,6620.0
PR003540,2026-05-04,MANDI054,Ambala,Maize,2139.0,2505.23,2322.12,2090.0
PR003878,2026-01-07,MANDI005,Patiala,Sugarcane,3376.0,3991.13,3683.0,3500.0
PR001510,2026-06-15,MANDI022,Karnal,Sugarcane,3563.6,3893.0,3728.23,3500.0
PR010736,2026-01-12,MANDI010,Fatehabad,Narma,6510.85,8016.46,7263.66,
PR009146,2026-05-10,MANDI001,Bathinda,Rice,2093.29,2513.54,2303.42,2183.0
PR006019,2026-05-27,MANDI050,Hisar,Mustard,5854.0,6684.0,6269.23,5650.0
PR005107,2026-01-04,MANDI018,Ludhiana,Cotton,6542.42,7509.65,7026.0,6620.0
PR003046,2026-02-10,MANDI054,Bathinda,Wheat,2309.57,,2417.01,2275.0
PR008859,2026-01-19,MANDI045,Kurukshetra,Wheat,2091.93,2604.82,2348.37,2275.0
PR007184,2026-02-07,MANDI055,Ferozepur,Mustard,4864.67,5175.9,5020.28,5650.0
PR009979,2026-08-16,,Ambala,Makki,2137.02,2317.44,2227.23,2090.0
PR010282,2026-04-30,MANDI035,Amritsar,Sugarcane,3380.3,4222.0,3801.0,3500.0
PR007071,2026-01-17,MANDI044,Patiala,Mustard,4965.75,5318.0,5142.0,5650.0
PR009167,2026-02-03,,Sirsa,Wheat,2099.0,2566.0,2332.56,2275.0
PR007369,2026-05-23,MANDI014,Fatehabad,Cotton,6138.0,7327.0,6732.21,
PR007521,2026-08-29,MANDI016,Bathinda,Wheat,2198.08,2736.9,2467.49,2275.0
PR008336,2026-01-10,MANDI013,Sirsa,Rice,2214.64,2577.19,2395.91,2183.0
PR005492,2026-07-22,MANDI032,Moga,Wheat,2358.58,2684.64,2522.0,2275.0
PR000813,2026-07-14,,Ferozepur,चावल,2130.0,2582.0,2355.85,2183.0
PR008471,2026-06-28,MANDI002,Patiala,Rice,2282.43,2554.7,2418.57,2183.0
PR005955,2026-02-15,MANDI035,Fatehabad,Mustard,5092.0,6313.0,5702.0,
PR006606,2026-02-16,MANDI028,Patiala,Wheat,2261.0,2459.15,2360.24,2275.0
PR001970,2026-01-15,MANDI057,Bareilly,Sarso,5731.0,6365.38,6048.0,5650.0
PR011170,2026-03-23,MANDI031,Ludhiana,Wheat,2384.0,2768.0,2576.0,2275.0
PR011361,2026-01-11,MANDI036,Karnal,चावल,2034.88,2406.34,2221.0,2183.0
PR004822,2026-07-12,MANDI036,Kurukshetra,Sugarcane,3368.61,4022.0,,3500.0
PR001559,2026-01-07,MANDI026,Hisar,Sugarcane,3038.08,3351.65,3195.0,3500.0
PR011265,2026-06-02,MANDI027,Patiala,Maize,1921.99,2395.93,2158.96,2090.0
PR002533,2026-02-28,,Bathinda,Sugarcane,3217.49,3750.74,3484.11,3500.0
PR002290,2026-01-11,MANDI042,Sirsa,Rice,1889.62,2102.0,1995.87,2183.0
PR011162,2026-02-09,MANDI039,,Narma,6780.94,7717.2,7249.07,6620.0
PR009459,2026-03-23,MANDI002,Sirsa,Sugarcane,3437.76,3635.97,3537.0,
PR009320,2026-03-09,MANDI004,Ludhiana,Sugarcane,3052.27,3618.95,3336.0,3500.0
PR001099,2026-08-24,MANDI009,Fatehabad,Wheat,2275.0,2765.19,2519.87,2275.0
PR009424,2026-04-19,MANDI016,Amritsar,Mustard,5637.18,6805.08,6221.13,5650.0
PR008270,2026-09-05,MANDI022,Karnal,Cotton,6183.0,6938.0,6561.0,6620.0
PR007831,2026-04-06,MANDI046,Fatehabad,Wheat,2382.73,2874.0,2628.53,2275.0
PR008574,2026-07-21,MANDI028,Bathinda,Cotton,5865.0,7069.59,6467.08,6620.0
PR008673,2026-04-24,MANDI009,Sirsa,Cotton,5744.52,6543.0,6144.0,6620.0
PR009144,2026-04-03,MANDI013,Bathinda,Wheat,1940.02,2218.0,2079.0,2275.0
PR006217,2026-04-04,MANDI002,Hisar,Sugarcane,,3546.7,3270.93,3500.0
PR003292,2026-01-17,,Ludhiana,Wheat,2074.2,2338.77,2206.49,
PR010615,2026-04-16,,Patiala,Mustard,5054.0,5799.1,5426.0,5650.0
PR001727,2026-03-16,MANDI022,Karnal,Cotton,6378.47,7428.48,6903.0,6620.0
PR008317,2026-08-13,MANDI001,Ludhiana,Sugarcane,3209.04,3994.34,3601.69,
PR008274,2026-05-11,MANDI022,Amritsar,Cotton,5930.28,7181.28,6556.0,6620.0
PR001800,2026-06-07,MANDI045,Karnal,Cotton,6055.62,6706.04,6380.83,
PR000308,2026-07-09,MANDI044,Fatehabad,Wheat,2121.9,2605.0,2363.66,
PR004930,2026-07-02,MANDI015,Moga,Maize,2075.41,2292.0,2183.45,2090.0
PR006243,2026-06-30,MANDI026,Kurukshetra,Wheat,1982.0,2467.24,2224.76,2275.0
PR010777,2026-04-21,MANDI040,Hisar,Cotton,6544.0,8115.03,,6620.0
PR002465,2026-06-04,MANDI025,Moga,Mustard,5298.0,6029.0,5663.62,5650.0
PR003950,2026-05-18,MANDI013,Fatehabad,Rice,2103.0,2592.44,,2183.0
PR010765,2026-06-04,MANDI049,Patiala,Sugarcane,3245.0,3834.0,3539.39,3500.0
PR003601,2026-05-21,MANDI008,Jalandhar,Maize,2102.88,2249.65,2176.26,2090.0
PR001915,2026-02-16,MANDI020,Bathinda,Cotton,,6998.44,6573.0,6620.0
PR004672,2026-01-17,MANDI040,Fatehabad,Sugarcane,3122.44,3728.45,3425.45,3500.0
PR001130,2026-08-06,MANDI021,Ferozepur,Rice,1938.0,2400.0,2169.05,2183.0
PR009047,2026-01-26,,Fatehabad,Wheat,2363.38,,2555.55,2275.0
PR001755,2026-04-01,MANDI052,Fatehabad,Cotton,,6394.91,6135.0,6620.0
PR005726,2026-07-08,,,Rice,1952.67,2122.84,2037.75,2183.0
PR007861,2026-01-27,MANDI053,Kurukshetra,Maize,2012.0,2216.0,2114.0,2090.0
PR001410,2026-01-08,MANDI021,Sirsa,Ganne,3393.0,3725.0,,3500.0
PR004949,2026-08-20,,Ferozepur,Maize,2124.0,2313.56,2219.0,2090.0
PR005348,2026-08-07,MANDI056,Ambala,Mustard,5292.58,6072.0,5682.27,5650.0
PR005675,2026-03-15,MANDI042,Kurukshetra,Cotton,,6702.97,6183.04,
PR005199,2026-03-22,MANDI020,Ambala,Sugarcane,3395.09,3685.53,3540.0,3500.0
PR011088,2026-01-14,MANDI025,Moga,Sugarcane,3581.02,3975.85,3778.43,3500.0
PR011943,2026-02-22,MANDI051,Jalandhar,Sarso,5043.6,5933.0,5488.0,5650.0
PR004893,2026-03-25,MANDI033,Ludhiana,Wheat,2147.77,,2352.7,2275.0
PR011708,2026-08-23,MANDI048,Muzaffarnagar,Mustard,5381.0,5918.18,5649.74,5650.0
PR005587,2026-02-23,MANDI036,Bathinda,Sugarcane,3012.16,3727.09,,3500.0
PR003468,2026-07-09,MANDI011,Patiala,Mustard,4986.92,,5312.64,5650.0
PR000305,2026-02-26,MANDI028,Fatehabad,Makki,2124.18,2482.96,2303.57,
PR010776,2026-02-20,MANDI007,Ambala,Mustard,5928.04,6667.0,6298.0,5650.0
PR001965,2026-04-07,MANDI029,Jalandhar,Makki,1898.75,2329.0,2114.0,2090.0
PR008420,2026-02-09,MANDI001,Karnal,Sugarcane,3603.0,3901.17,3752.0,3500.0
PR006386,2026-06-05,MANDI031,Ludhiana,चावल,2253.06,2602.12,2428.0,
PR002051,2026-03-19,MANDI038,Fatehabad,Sugarcane,3671.9,4003.0,3837.0,3500.0
PR006882,2026-06-17,MANDI015,Bathinda,चावल,2059.32,2452.0,2256.0,2183.0
PR009658,2026-07-24,MANDI051,Hisar,Wheat,2053.36,2260.82,2157.0,
PR002820,2026-05-13,MANDI005,Patiala,Maize,,2193.0,1995.53,2090.0
PR004399,2026-07-14,MANDI057,Karnal,Cotton,5967.0,,6161.29,6620.0
PR002370,2026-11-06,MANDI006,Amritsar,Rice,1963.02,2075.0,2019.2,2183.0
PR006212,2026-07-19,MANDI002,Moga,Wheat,2206.58,2687.0,2447.0,2275.0
PR004950,2026-06-04,MANDI047,Ferozepur,Sarso,5598.98,6272.31,5936.0,5650.0
PR004508,2026-06-11,MANDI018,Ambala,Mustard,,6464.82,6127.34,5650.0
PR010639,2026-03-17,MANDI055,Amritsar,Sugarcane,,3535.0,3317.0,
PR005084,2026-01-31,MANDI008,Ambala,Sarso,,6112.23,5739.91,5650.0
PR008068,2026-08-23,MANDI035,Ferozepur,Mustard,4978.0,,5407.0,5650.0
PR005176,2026-03-09,MANDI056,Bareilly,Cotton,5865.07,6341.99,6103.53,6620.0
PR002903,2026-07-09,MANDI004,Hisar,Wheat,2356.0,2486.9,2422.0,2275.0
PR009757,2026-08-07,,Ambala,Cotton,6436.02,7237.0,6836.0,
PR003443,2026-02-01,MANDI036,Jalandhar,Wheat,2377.75,2871.95,2624.85,2275.0
PR001882,2026-04-13,,Ludhiana,चावल,1964.0,2092.71,2028.44,2183.0
PR008468,2026-03-14,MANDI013,Sirsa,चावल,2083.02,2318.67,2200.84,2183.0
PR007824,2026-05-06,,Ambala,Mustard,4867.0,5302.0,5084.29,5650.0
PR006396,2026-10-06,MANDI002,Sirsa,Rice,2067.0,2173.0,2119.91,2183.0
PR008382,2026-01-17,MANDI023,Bathinda,Wheat,2288.0,,2474.0,2275.0
PR010873,2026-05-11,,Ambala,Mustard,4884.39,5682.94,5284.0,5650.0
PR010754,2026-07-18,MANDI023,Patiala,Chawal,2189.0,2595.33,2392.31,2183.0
PR000894,2026-08-08,MANDI014,Patiala,Maize,2078.55,2519.0,2298.54,
PR002469,2026-03-26,MANDI031,Moga,Maize,1886.73,2309.0,2098.0,2090.0
PR005783,2026-07-06,MANDI020,Sirsa,Rice,2156.0,2553.51,2354.71,2183.0
PR011676,2026-04-13,MANDI029,Jalandhar,Makki,1915.7,2209.0,2062.55,2090.0
PR005450,2026-06-25,MANDI046,Fatehabad,Maize,1872.51,2177.5,2025.01,2090.0
PR010217,2026-07-06,MANDI006,Fatehabad,Cotton,6217.87,6559.0,6389.0,
PR004670,2026-07-09,MANDI005,Patiala,Sarso,5442.72,,6084.56,5650.0
PR000833,2026-02-06,MANDI031,Kurukshetra,Maize,1857.63,2243.24,2050.44,2090.0
PR010258,2026-04-28,MANDI024,Patiala,Wheat,2147.29,2383.69,2265.0,
PR003737,2026-05-24,,Ludhiana,Maize,2075.0,2575.0,2324.77,
PR011827,2026-03-03,,Moga,Cotton,6242.0,6951.34,6596.87,6620.0
PR009380,2026-05-10,MANDI009,Jalandhar,Sugarcane,3634.0,4440.16,4037.02,3500.0
PR002422,2026-03-24,MANDI001,Ludhiana,Sugarcane,3197.6,3477.21,3337.41,
PR001815,2026-06-26,MANDI042,Sirsa,Maize,1858.0,2029.64,1943.91,2090.0
PR004701,2026-01-27,MANDI019,Ludhiana,Narma,5761.25,6214.0,5987.54,6620.0
PR005182,2026-02-20,MANDI023,Ferozepur,Maize,2007.22,2311.82,2159.52,2090.0
PR010185,2026-05-13,MANDI054,Bathinda,Narma,6560.0,7659.49,7109.96,6620.0
PR011275,2026-08-10,,Ferozepur,Sugarcane,3214.81,3753.0,3484.0,3500.0
PR005869,2026-03-04,MANDI032,Ambala,Sugarcane,3247.31,3976.92,3612.0,
PR003536,2026-01-24,MANDI054,Ferozepur,Sugarcane,3483.08,3870.26,3676.67,3500.0
PR008254,2026-08-16,MANDI017,Moga,Sarso,5713.38,6111.0,5912.0,5650.0
PR010273,2026-08-26,MANDI040,Fatehabad,Maize,,2245.75,2161.93,2090.0
PR001766,2026-06-12,MANDI023,Sirsa,Maize,1934.43,2356.03,2145.0,2090.0
PR001187,2026-06-22,,Fatehabad,Mustard,5910.59,6360.53,6135.56,
PR008175,2026-06-19,MANDI020,Ambala,Chawal,2138.0,2490.96,2315.0,2183.0
PR004174,2026-01-06,MANDI011,Patiala,Mustard,4923.65,5326.0,5125.0,5650.0
PR000011,2026-04-09,MANDI045,Kurukshetra,Rice,2000.27,2270.0,2135.28,2183.0
PR009591,2026-08-19,MANDI005,Ferozepur,Sugarcane,3013.29,3648.32,3330.81,
PR001704,2026-08-21,MANDI039,Kurukshetra,Wheat,2264.0,2562.49,2413.2,2275.0
PR000428,2026-01-19,MANDI038,Patiala,Narma,5894.0,7055.0,6474.35,6620.0
PR005941,2026-02-15,MANDI035,Ambala,Rice,2149.46,2466.41,2308.0,2183.0
PR011462,2026-08-16,MANDI055,Ambala,Maize,2048.31,,2215.64,2090.0
PR007035,2026-04-02,MANDI026,Kurukshetra,Mustard,5279.69,6003.0,5641.17,5650.0
PR008424,2026-07-18,MANDI036,Hisar,Maize,1816.09,1909.0,1862.67,2090.0
PR005550,2026-08-01,MANDI052,Saharanpur,Rice,2072.59,2239.0,2155.88,2183.0
PR011584,2026-02-24,MANDI030,Sirsa,Sarso,5811.0,6578.06,6194.58,5650.0
PR009328,2026-01-25,MANDI050,Sirsa,Wheat,2304.39,2739.0,2521.65,
PR010448,2026-02-19,MANDI035,Ferozepur,Rice,1974.0,2244.7,2109.0,2183.0
PR009263,2026-04-15,MANDI008,Bathinda,Wheat,2211.43,2474.0,2342.78,
PR009507,2026-08-21,MANDI015,Kurukshetra,Makki,2105.0,2437.42,2271.0,2090.0
PR007898,2026-07-11,MANDI009,Fatehabad,Sugarcane,3359.82,3760.37,3560.0,3500.0
PR002217,2026-01-27,MANDI007,Kurukshetra,Maize,1918.0,2061.0,1989.0,
PR010050,2026-01-08,MANDI043,Sirsa,Rice,2134.0,2649.0,2392.0,2183.0
PR005463,2026-07-24,MANDI032,Moga,Rice,2122.79,2323.72,2223.0,2183.0
PR003850,2026-06-18,,Fatehabad,Cotton,6757.1,7771.34,,6620.0
PR011085,2026-05-25,MANDI028,Jalandhar,चावल,2118.15,2623.21,2370.68,
PR001229,2026-04-04,MANDI038,Jalandhar,Mustard,5779.44,6648.33,,5650.0
PR010417,2026-02-25,MANDI032,Jalandhar,Narma,6062.15,6400.0,6231.0,
PR007987,2026-01-17,MANDI045,Patiala,Rice,1860.18,2196.85,2028.52,
PR006066,2026-03-25,MANDI029,Hisar,Maize,2009.0,2194.13,2101.7,2090.0
PR002959,2026-09-01,MANDI016,Jalandhar,चावल,2171.0,2330.25,2250.66,2183.0
PR010945,2026-03-26,MANDI003,Amritsar,Sugarcane,3215.87,3782.15,3499.01,3500.0
PR002676,2026-06-21,MANDI023,Karnal,Mustard,5024.0,5976.0,5500.26,5650.0
PR000441,2026-07-14,MANDI049,Fatehabad,Wheat,2173.02,2371.0,2272.0,
PR010435,2026-04-03,MANDI044,Amritsar,Rice,1936.5,2268.88,2102.69,2183.0
PR001148,2026-05-21,MANDI045,Jalandhar,Sugarcane,3488.06,4261.0,3874.59,3500.0
PR005026,2026-11-02,MANDI053,Fatehabad,Maize,,2085.33,2028.39,2090.0
PR005160,2026-08-03,MANDI003,Moga,Sugarcane,,3533.67,3338.48,
PR008137,2026-05-08,,Fatehabad,Makki,2086.0,2457.74,2272.0,2090.0
PR011308,2026-06-21,MANDI016,Ambala,Makki,1844.0,2263.18,2053.47,2090.0
PR000463,2026-07-18,MANDI037,Kurukshetra,Wheat,2119.5,,2365.92,2275.0
PR005878,2026-07-31,MANDI031,Ambala,Sarso,5331.0,5884.0,5607.7,5650.0
PR010950,2026-08-29,MANDI048,Moga,Wheat,2238.0,2446.0,2341.67,
PR007977,2026-06-05,MANDI012,Patiala,Wheat,2006.6,2220.0,2113.08,2275.0
PR009539,2026-07-18,MANDI054,Amritsar,Maize,2050.0,2195.15,2122.6,2090.0
PR005906,2026-06-24,MANDI056,Fatehabad,Maize,1871.08,2176.0,2024.0,2090.0
PR008998,2026-06-18,MANDI008,Patiala,Sugarcane,3347.86,3834.19,3591.02,3500.0
PR007136,2026-03-03,MANDI036,Kurukshetra,Rice,2139.69,2578.2,2358.94,
PR000167,2026-03-02,MANDI035,Moga,Rice,1872.74,1972.47,1922.6,
PR007563,2026-06-27,MANDI051,Fatehabad,Wheat,1954.42,2058.35,2006.38,2275.0
PR010795,2026-02-21,MANDI016,Amritsar,Ganne,3459.0,4134.7,3796.68,3500.0
PR003244,2026-02-12,,Patiala,Wheat,2180.0,2402.98,2291.52,2275.0
PR010886,2026-04-25,MANDI039,Ferozepur,चावल,2277.0,2646.0,2461.27,2183.0
PR006102,2026-08-04,MANDI051,Karnal,Cotton,6321.67,7093.74,,6620.0
PR007561,2026-02-08,,Bathinda,Rice,2167.0,2384.0,2275.0,2183.0
PR003664,2026-02-06,MANDI012,Patiala,Maize,1916.04,2130.0,2023.0,2090.0
PR005036,2026-12-01,MANDI029,Karnal,Wheat,1933.97,2292.16,2113.0,2275.0
PR001723,2026-05-17,MANDI033,Patiala,Mustard,5216.67,5629.0,5422.6,5650.0
PR002146,2026-05-23,MANDI015,Bathinda,Sugarcane,3486.0,3662.29,3573.91,3500.0
PR001545,2026-05-31,MANDI050,Hisar,Maize,2166.89,2519.0,2343.0,2090.0
PR010949,2026-05-21,MANDI015,Ferozepur,Mustard,5159.07,5939.0,5548.88,
PR000118,2026-07-24,MANDI052,Ferozepur,Wheat,2388.5,2605.0,2497.0,2275.0
PR009676,2026-04-02,MANDI032,Bathinda,Cotton,5911.3,6620.0,6265.43,
PR001628,2026-02-25,MANDI050,Jalandhar,Cotton,5808.04,6734.0,6271.23,6620.0
PR006410,2026-10-02,MANDI057,Sirsa,Maize,1997.01,2108.18,2053.0,2090.0
PR003897,2026-08-31,MANDI039,Hisar,Wheat,2265.81,2517.9,2392.0,2275.0
PR004167,2026-03-17,MANDI009,Jalandhar,Wheat,1984.0,2397.72,2191.0,2275.0
PR006516,2026-08-06,MANDI017,Patiala,Cotton,6886.0,8388.77,,6620.0
PR003365,2026-08-31,MANDI006,Amritsar,Sugarcane,3505.11,3715.0,3609.96,3500.0
PR008215,2026-08-17,MANDI015,Sirsa,Maize,1922.08,2324.43,2123.25,2090.0
PR004107,2026-03-04,,,Sugarcane,3382.63,4094.0,3739.0,3500.0
PR008752,2026-03-16,,Moga,Narma,6950.69,7524.5,7238.0,6620.0
PR004497,2026-04-27,MANDI047,Hisar,चावल,1856.75,1988.0,,2183.0
PR003474,2026-03-04,MANDI004,Jalandhar,Wheat,1936.14,2040.09,1988.0,2275.0
PR006852,2026-05-10,MANDI028,Moga,Sarso,5187.0,6379.12,5783.05,5650.0
PR011105,2026-07-27,MANDI010,Ambala,Cotton,5706.97,6851.06,6279.01,6620.0
PR005071,2026-08-05,,Ludhiana,Maize,2147.15,2337.64,2242.39,2090.0
PR010394,2026-05-17,MANDI033,Ambala,Maize,2130.0,2357.0,2243.12,2090.0
PR001451,2026-01-28,MANDI005,Moga,Cotton,6907.41,8319.71,7613.56,
PR004116,2026-06-23,MANDI017,Amritsar,Sugarcane,3041.59,3603.68,3322.64,3500.0
PR002602,2026-05-01,MANDI056,Jalandhar,Wheat,,2499.77,2319.59,2275.0
PR011075,2026-03-02,MANDI013,Patiala,Sugarcane,3489.16,3886.84,3688.0,3500.0
PR011446,2026-03-10,MANDI038,Kurukshetra,Mustard,5539.62,6072.45,5806.0,5650.0
PR011490,2026-06-02,MANDI043,Agra,Maize,1863.7,2164.02,2013.86,2090.0
PR009433,2026-07-04,MANDI012,Amritsar,Rice,,2476.0,2311.54,2183.0
PR004861,2026-08-05,MANDI013,Ferozepur,Maize,,2045.88,1943.85,2090.0
PR008286,2026-01-02,,Patiala,Maize,2091.73,2299.61,,2090.0
PR010415,2026-08-02,MANDI005,Ludhiana,Ganne,,3818.55,3709.21,3500.0
PR005704,2026-07-11,MANDI015,Patiala,Mustard,4866.0,5557.46,5212.0,
PR003806,2026-07-07,MANDI036,Kurukshetra,Sarso,4893.11,5271.29,5082.2,5650.0
PR008996,2026-07-27,MANDI031,Ferozepur,Sugarcane,3543.85,4305.64,3924.75,3500.0
PR011825,2026-02-09,MANDI021,Hisar,चावल,2291.37,2658.0,2475.0,2183.0
PR001336,2026-08-13,MANDI014,Patiala,Maize,2129.68,2381.67,2255.67,2090.0
PR004163,2026-05-15,MANDI044,Jalandhar,Wheat,2381.0,2675.0,2528.0,2275.0
PR003329,2026-05-06,MANDI040,Bathinda,Maize,1949.07,2425.0,2187.21,2090.0
PR005288,2026-02-23,,Jalandhar,Sugarcane,3006.24,,3237.34,
PR008849,2026-07-21,MANDI047,Sirsa,Rice,1999.71,2241.99,,
PR010517,2026-02-17,MANDI008,Sirsa,Narma,6664.14,8130.0,7397.06,
PR011350,2026-08-17,MANDI002,Patiala,Sarso,5734.23,7166.9,6450.56,
PR011551,2026-05-28,MANDI051,Ferozepur,Ganne,3671.9,3998.0,3835.14,3500.0
PR008447,2026-03-09,MANDI019,Ferozepur,Wheat,2061.93,2165.0,2113.69,
PR003202,2026-02-03,MANDI056,Ambala,Rice,1973.93,2387.0,2180.0,2183.0
PR008321,2026-06-01,MANDI003,Bathinda,Sugarcane,3543.0,4182.51,3862.75,
PR006935,2026-05-21,,Patiala,Cotton,6874.0,7391.72,7132.98,6620.0
PR003539,2026-01-30,MANDI048,Karnal,Sugarcane,3447.05,,3650.0,3500.0
PR008592,2026-02-08,MANDI017,Hisar,Maize,2152.44,2644.15,2398.0,2090.0
PR009775,2026-05-13,MANDI036,Ludhiana,Rice,1906.0,2061.59,1984.0,2183.0
PR008122,2026-08-21,MANDI038,Kurukshetra,Maize,2070.57,2194.02,2132.0,2090.0
PR006966,2026-06-28,,Kurukshetra,Sarso,5129.4,5411.0,5270.16,5650.0
PR007143,2026-07-09,,Fatehabad,Rice,2150.0,2498.91,2324.38,2183.0
PR009244,2026-02-17,,Ludhiana,Rice,1874.0,2043.0,,
PR007679,2026-06-17,MANDI030,Hisar,Sugarcane,3214.0,3428.0,3320.99,3500.0
PR006249,2026-06-24,MANDI019,Amritsar,Wheat,2304.0,2764.0,2534.02,2275.0
PR005411,2026-02-23,MANDI052,Sirsa,Wheat,2296.13,2677.36,2487.0,2275.0
PR004125,2026-07-13,MANDI030,Sirsa,Maize,2048.8,2171.08,2110.0,2090.0
PR007445,2026-01-22,MANDI017,Patiala,Cotton,6660.08,7483.83,7071.95,6620.0
PR009871,2026-07-02,MANDI010,Ludhiana,Cotton,6846.7,8378.98,7612.84,
PR007309,2026-08-08,MANDI051,Kurukshetra,Sarso,5159.83,5599.0,5380.0,5650.0
PR001588,2026-11-08,MANDI024,Bathinda,Sugarcane,3393.43,4132.2,3763.0,3500.0
PR011283,2026-05-04,MANDI054,Bathinda,Mustard,5227.25,6144.0,5685.39,
PR010899,2026-04-26,MANDI031,Hisar,Mustard,5876.0,6505.89,6190.78,
PR010584,2026-06-11,MANDI023,Patiala,Rice,2108.0,2243.47,2175.55,2183.0
PR005531,2026-07-25,MANDI009,Hisar,Sugarcane,3054.36,3527.0,3290.7,3500.0
PR007302,2026-08-08,MANDI040,Kurukshetra,Mustard,5380.0,6590.33,5985.0,
PR005999,2026-03-21,MANDI017,Jalandhar,Mustard,,5788.0,5599.18,5650.0
PR000277,2026-02-05,MANDI025,Moga,Mustard,5138.54,5805.0,5471.86,5650.0
PR000361,2026-04-04,MANDI032,Jalandhar,Mustard,5482.0,5927.0,5704.55,
PR010807,2026-05-01,MANDI018,Sirsa,Mustard,5785.85,7129.81,6457.83,5650.0
PR007932,2026-03-20,MANDI009,Hisar,Wheat,2080.0,2258.0,2169.0,
PR011195,2026-06-07,MANDI033,Ambala,Cotton,6018.0,7003.0,6510.37,6620.0
PR004263,2026-04-19,MANDI053,Karnal,Makki,1875.0,2206.75,2041.11,2090.0
PR003756,2026-05-14,,,Rice,2031.51,2224.0,2127.68,
PR000487,2026-01-31,MANDI036,Patiala,Sarso,5871.04,6803.3,6337.17,5650.0
PR009048,2026-05-25,MANDI015,Amritsar,Rice,2041.0,2495.28,2267.9,2183.0
PR010896,2026-08-26,MANDI029,Ferozepur,Mustard,5777.47,6285.8,6032.0,
PR001996,2026-06-22,,Hisar,Ganne,2986.71,3590.92,3289.0,3500.0
PR010840,2026-01-08,MANDI028,Kurukshetra,Maize,1868.95,,1996.0,2090.0
PR005866,2026-05-04,MANDI031,Fatehabad,Cotton,6640.77,8042.18,7341.48,6620.0
PR002702,2026-07-19,MANDI003,Sirsa,Sugarcane,3265.13,3660.8,3462.96,
PR011732,2026-04-02,MANDI030,Karnal,Ganne,3039.04,3290.93,3164.98,
PR000657,2026-03-13,,Bathinda,Narma,6088.88,,6700.0,6620.0
PR002662,2026-07-27,MANDI057,Bathinda,Maize,1791.4,2208.04,2000.0,2090.0
PR004301,2026-09-05,MANDI033,Karnal,Wheat,2126.96,2603.0,2364.82,2275.0
PR009064,2026-05-01,MANDI034,Jalandhar,Sugarcane,3415.0,4113.47,3764.06,3500.0
PR004767,2026-05-29,MANDI026,Jalandhar,Wheat,2063.0,2271.15,2167.09,2275.0
PR011401,2026-05-04,MANDI057,Amritsar,Rice,2180.24,2641.0,2410.47,2183.0
PR009223,2026-02-13,,Ludhiana,Rice,2176.73,,2369.23,2183.0
PR007512,2026-06-11,MANDI014,Hisar,Maize,1785.85,2072.62,1929.0,2090.0
PR010103,2026-05-08,MANDI057,Sirsa,Mustard,4879.67,5329.64,5104.65,5650.0
PR008282,2026-03-20,MANDI045,Ambala,Cotton,5952.66,6973.23,6462.94,6620.0
PR004347,2026-03-03,MANDI001,Sirsa,Chawal,2251.33,2605.92,2428.62,
PR009006,2026-02-15,,Ludhiana,Rice,1935.0,2184.99,2059.94,2183.0
PR008995,2026-08-08,MANDI015,Bathinda,Cotton,,6749.32,6556.43,6620.0
PR000148,2026-03-13,MANDI055,Kurukshetra,Maize,1823.38,2246.6,2034.99,2090.0
PR005225,2026-03-27,MANDI039,Karnal,Narma,6815.33,7561.0,7188.0,6620.0
PR000285,2026-05-24,MANDI013,Sirsa,Wheat,1982.88,2125.0,2054.16,2275.0
PR005041,2026-12-07,MANDI033,Hisar,Cotton,5853.08,6634.08,6243.58,6620.0
PR006562,2026-07-31,MANDI027,Hisar,Mustard,5119.0,5382.84,5251.0,
PR009596,2026-02-02,MANDI022,Bathinda,Wheat,2197.66,2640.0,2419.0,2275.0
PR011096,2026-08-20,MANDI028,Fatehabad,Sugarcane,3336.84,3831.0,3584.0,
PR001721,2026-07-30,MANDI033,Ambala,Mustard,5121.0,,5606.0,5650.0
PR011903,2026-03-31,MANDI022,Ferozepur,Wheat,2133.0,2375.0,2253.88,2275.0
PR001285,2026-07-22,MANDI046,Hisar,Cotton,5785.74,6885.0,6335.59,
PR005066,2026-04-13,MANDI052,Patiala,Makki,1961.29,2233.61,2097.45,2090.0
PR008607,2026-02-25,MANDI007,Moga,Sarso,5149.0,6298.0,5723.43,5650.0
PR007762,2026-05-22,MANDI036,Kurukshetra,Mustard,5103.0,6288.71,5695.87,5650.0
PR009794,2026-06-07,MANDI056,Ludhiana,Mustard,5471.05,6457.33,5964.0,5650.0
PR002220,2026-08-22,,Ferozepur,Wheat,2240.19,2576.21,2408.2,2275.0
PR001397,2026-06-18,MANDI012,Amritsar,Wheat,1989.22,2309.0,2149.0,2275.0
PR001141,2026-03-30,MANDI028,Kurukshetra,Cotton,5916.3,,6602.73,
PR007312,2026-07-17,MANDI046,Kurukshetra,Sugarcane,3072.11,3478.86,3275.49,3500.0
PR002844,2026-07-06,MANDI041,Ferozepur,चावल,2003.23,2412.39,2207.81,2183.0
PR003235,2026-08-06,,,Mustard,5076.76,5663.77,5370.27,5650.0
PR007732,2026-07-31,MANDI023,Jalandhar,Mustard,5931.72,6405.0,6168.36,5650.0
PR009522,2026-06-03,MANDI043,Moga,Mustard,5926.0,7218.0,6572.14,5650.0
PR008174,2026-09-09,MANDI019,Moga,Wheat,,2462.02,2395.44,2275.0
PR011803,2026-07-26,MANDI008,Ludhiana,Rice,2008.07,2249.01,2129.0,2183.0
PR004457,2026-03-02,MANDI019,Ambala,Wheat,2305.52,2537.92,2421.72,2275.0
PR007452,2026-07-23,MANDI022,Hisar,Sugarcane,3631.74,4365.01,3998.37,3500.0
PR001979,2026-06-03,MANDI050,Karnal,Sugarcane,3431.62,4238.0,3834.99,3500.0
PR009557,2026-08-01,MANDI038,Fatehabad,Cotton,6800.0,7698.57,7249.49,6620.0
PR007059,2026-03-05,MANDI007,Hisar,Mustard,5842.96,6390.0,6116.53,5650.0
PR002896,2026-01-14,MANDI015,Hisar,Rice,1938.26,2117.0,,2183.0
PR002712,2026-05-19,MANDI052,Sirsa,Cotton,6869.36,7303.0,7086.0,6620.0
PR011163,2026-04-22,MANDI012,Bathinda,Sugarcane,3436.73,4189.8,3813.26,3500.0
PR001780,2026-01-19,MANDI054,Karnal,Maize,1853.37,1982.36,1917.87,2090.0
PR006627,2026-07-22,MANDI050,Bathinda,Maize,2091.83,2315.64,2203.73,2090.0
PR006334,2026-03-27,MANDI036,Ferozepur,Cotton,6127.31,7529.79,6829.0,6620.0
PR003163,2026-06-14,MANDI030,Ambala,Wheat,1972.71,2372.34,2172.53,2275.0
PR006729,2026-01-05,MANDI051,Saharanpur,Sarso,5289.03,6282.1,5785.56,5650.0
PR006536,2026-05-21,MANDI049,Muzaffarnagar,Cotton,6445.0,7597.0,7020.77,6620.0
PR000997,2026-02-24,MANDI046,Kurukshetra,Sugarcane,3275.0,3978.17,3626.47,3500.0
PR005778,2026-08-05,MANDI052,Saharanpur,Wheat,,2439.93,2223.0,2275.0
PR003394,2026-07-25,MANDI052,Hisar,Cotton,5919.72,6682.63,6301.0,6620.0
PR000380,2026-01-30,MANDI046,,Maize,2125.0,2602.0,2364.0,
PR001597,2026-01-04,MANDI048,Muzaffarnagar,Maize,1933.82,2104.5,2019.16,2090.0
PR003032,2026-07-30,MANDI019,Moga,Cotton,6817.65,7282.01,7050.0,6620.0
PR003160,2026-08-21,MANDI049,Ferozepur,Wheat,2058.0,2392.58,2225.37,2275.0
PR001661,2026-06-21,MANDI039,Karnal,Wheat,2196.27,2709.7,2452.99,2275.0
PR002713,2026-01-14,MANDI012,Moga,Sugarcane,3307.79,3833.88,3570.84,3500.0
PR004907,2026-05-04,MANDI034,Fatehabad,Sarso,5779.0,6676.12,6227.65,5650.0
PR001611,2026-06-15,MANDI023,Amritsar,Cotton,5664.0,6045.48,,
PR008981,2026-01-01,MANDI044,Bathinda,Mustard,5148.0,6387.23,5767.6,5650.0
PR008018,2026-05-22,MANDI051,Saharanpur,Wheat,2100.22,2267.59,2184.0,2275.0
PR000935,2026-04-23,MANDI010,Ambala,Cotton,5733.07,7130.0,6431.3,6620.0
PR001301,2026-01-11,MANDI025,Moga,Cotton,6158.93,7390.0,6774.62,6620.0
PR003953,2026-04-02,MANDI049,Karnal,Wheat,2170.0,2634.48,,2275.0
PR010897,2026-07-13,MANDI014,Bathinda,Rice,1978.05,2253.0,2115.44,
PR005631,2026-03-09,MANDI002,Kurukshetra,Mustard,5874.99,7147.06,6511.0,5650.0
PR003571,2026-01-28,MANDI035,Ambala,Wheat,2327.89,2897.0,2612.6,2275.0
PR000970,2026-08-01,MANDI054,Hisar,Wheat,2075.0,2359.98,2217.0,2275.0
PR008709,2026-02-15,MANDI025,Patiala,Sarso,5378.82,6224.07,5801.44,
PR011533,2026-07-04,MANDI038,Ambala,Ganne,3418.0,3911.0,3664.61,3500.0
PR006034,2026-05-04,,Kurukshetra,Cotton,5682.87,7055.37,6369.12,6620.0
PR010884,2026-05-31,MANDI044,Hisar,Sarso,5267.0,6014.85,5641.16,5650.0
PR011536,2026-05-19,MANDI048,Ludhiana,Wheat,2267.0,2762.0,2514.55,2275.0
PR007614,2026-07-28,MANDI001,Kurukshetra,Maize,2180.14,2689.0,2434.58,
PR003428,2026-04-01,,Bathinda,Maize,1871.0,2288.05,2079.29,2090.0
PR009277,2026-06-15,MANDI010,Moga,Sugarcane,3645.46,3905.0,3775.23,3500.0
PR007244,2026-01-03,MANDI008,Ambala,Sugarcane,3155.6,3654.1,3404.85,3500.0
PR008677,2026-06-15,MANDI030,Ambala,Makki,2090.0,2369.0,2230.0,
PR009195,2026-06-01,MANDI032,Hisar,Maize,2187.85,2487.0,2337.67,
PR004657,2026-07-23,MANDI028,Bathinda,Cotton,,6782.89,6322.0,6620.0
PR005662,2026-01-08,MANDI011,Ambala,Wheat,2119.11,2331.52,2225.31,2275.0
PR001831,2026-02-25,MANDI034,Karnal,Maize,1904.0,2260.07,2081.87,
PR006503,2026-03-31,MANDI002,Kurukshetra,Wheat,2327.68,2455.82,2392.0,2275.0
PR009718,2026-04-01,MANDI012,Patiala,Maize,2187.0,2492.04,,2090.0
PR004123,2026-03-23,MANDI010,Fatehabad,Wheat,2261.0,2394.0,2327.48,2275.0
PR006485,2026-07-07,MANDI032,,Mustard,5918.49,7212.0,6565.0,
PR000318,2026-08-24,MANDI036,Kurukshetra,Sugarcane,3629.0,3852.0,,
PR006577,2026-03-27,MANDI031,Ferozepur,Wheat,1954.0,2264.61,2109.18,2275.0
PR006436,2026-10-07,MANDI008,Bathinda,Rice,2195.69,2381.87,2288.78,2183.0
PR000812,2026-02-02,,,Rice,2101.31,2524.39,2313.0,2183.0
PR010176,2026-02-17,MANDI011,Amritsar,Mustard,5566.88,5950.47,5759.0,
PR001235,2026-03-05,MANDI039,Jalandhar,Narma,6258.19,7757.45,7008.0,
PR006481,2026-03-02,MANDI022,Karnal,Wheat,2343.53,2472.0,2407.95,2275.0
PR006185,2026-04-24,MANDI019,Sirsa,Wheat,2086.69,2221.0,2153.76,2275.0
PR007689,2026-04-28,MANDI003,Kurukshetra,Narma,6783.5,7287.48,7035.0,
PR006598,2026-08-18,MANDI052,Ambala,Wheat,2068.33,2228.66,2148.49,2275.0
PR009911,2026-05-03,MANDI039,Fatehabad,Cotton,6382.27,7813.87,7098.07,6620.0
PR003640,2026-06-14,MANDI011,Ferozepur,Rice,1862.0,2156.23,2009.13,2183.0
PR000194,2026-06-20,MANDI047,Kurukshetra,Wheat,2237.06,2472.0,2355.0,
PR009446,2026-08-22,MANDI048,Kurukshetra,Rice,2233.0,2496.81,2365.04,2183.0
PR008719,2026-05-18,MANDI051,Patiala,Mustard,5232.77,5682.0,5457.3,
PR002923,2026-03-21,MANDI002,Fatehabad,Mustard,5172.93,6111.76,5642.34,5650.0
PR010775,2026-01-14,MANDI029,Moga,Sugarcane,3452.12,3644.68,,3500.0
PR002163,2026-08-22,MANDI006,Ludhiana,Wheat,,2314.17,2142.0,
PR008416,2026-04-13,MANDI024,Ludhiana,Wheat,2006.0,2356.47,2181.38,
PR004284,2026-02-01,MANDI042,Sirsa,Sugarcane,3237.43,3944.56,3591.0,3500.0
PR008746,2026-05-14,MANDI015,Jalandhar,Rice,1875.5,,1971.0,2183.0
PR000753,2026-04-06,MANDI057,Fatehabad,Ganne,3490.03,4317.0,3903.68,3500.0
PR001757,2026-03-21,MANDI012,Bathinda,Cotton,6904.62,8018.0,7461.2,6620.0
PR005355,2026-02-04,MANDI017,Jalandhar,Rice,2225.91,2539.46,2382.69,2183.0
PR007065,2026-07-31,MANDI002,Jalandhar,Sugarcane,3385.25,3726.35,3555.8,3500.0
PR007884,2026-06-25,,Jalandhar,Maize,1779.08,2004.66,1891.87,2090.0
PR009477,2026-08-14,MANDI004,Ferozepur,Cotton,5811.59,7001.89,6407.0,6620.0
PR009951,2026-05-06,MANDI005,Jalandhar,Narma,5678.0,6406.61,6042.0,
PR000125,2026-03-30,MANDI005,Sirsa,Wheat,2322.88,2857.0,2589.73,
PR011425,2026-05-03,MANDI046,Sirsa,Makki,1958.0,2118.35,2038.31,2090.0
PR000669,2026-06-01,MANDI041,Moga,Wheat,2050.23,2229.0,2139.55,
PR002675,2026-05-03,MANDI043,Fatehabad,Mustard,5755.56,6340.0,6047.86,5650.0
PR007251,2026-05-18,MANDI054,Ambala,Wheat,2210.8,2348.99,2279.89,2275.0
PR000341,2026-06-25,MANDI024,Jalandhar,Sugarcane,3035.84,3656.0,3346.0,3500.0
PR008647,2026-08-19,MANDI053,Patiala,Mustard,5082.65,5473.0,5277.61,5650.0
PR011571,2026-09-07,MANDI053,Amritsar,Cotton,6447.0,,6903.0,6620.0
PR011895,2026-02-26,MANDI012,Hisar,Mustard,5399.0,6063.18,5730.88,5650.0
PR004917,2026-04-19,MANDI019,Patiala,Mustard,5065.0,5710.0,5387.25,5650.0
PR008834,2026-03-26,MANDI018,Patiala,Wheat,2148.55,2256.26,,2275.0
PR001543,2026-01-16,MANDI012,Amritsar,Cotton,6823.0,8335.31,7579.28,6620.0
PR011408,2026-05-29,MANDI011,Bathinda,Sarso,5239.0,6443.21,5841.16,5650.0
PR010751,2026-05-11,MANDI056,Bareilly,Sarso,5488.26,,5692.0,5650.0
PR004977,2026-05-22,,Fatehabad,Maize,2146.38,2527.25,2336.81,2090.0
PR009675,2026-02-03,MANDI056,Amritsar,Sugarcane,3224.14,3572.83,3398.48,
PR009518,2026-01-21,MANDI050,Hisar,Mustard,5615.0,5921.65,,
PR009057,2026-05-11,MANDI009,Jalandhar,Ganne,3672.82,4505.58,4089.2,3500.0
PR000456,2026-03-13,MANDI043,Agra,Rice,2099.47,2442.12,2270.79,2183.0
PR010675,2026-02-13,MANDI046,Moga,Mustard,5874.81,,6225.98,5650.0
PR010447,2026-01-27,MANDI049,Ferozepur,Wheat,1999.0,2359.13,2178.89,2275.0
PR010546,2026-03-14,MANDI033,Ambala,Sugarcane,,3741.0,3514.0,3500.0
PR003459,2026-05-12,,Kurukshetra,Sarso,5327.73,5966.0,5647.02,
PR011269,2026-02-24,MANDI042,Fatehabad,Sugarcane,3053.0,3668.95,3361.0,
PR011322,2026-04-23,,Patiala,चावल,2136.0,2504.0,2320.0,2183.0
PR000849,2026-04-13,MANDI023,Bathinda,Rice,2263.0,2605.89,2434.2,2183.0
PR011597,2026-05-06,MANDI038,Ludhiana,Rice,2284.05,2430.09,2357.0,2183.0
PR004948,2026-04-14,MANDI031,Hisar,Cotton,5668.68,6352.33,6010.5,6620.0
PR008903,2026-03-25,MANDI015,Amritsar,Rice,1960.75,2089.01,2024.88,
PR001128,2026-04-30,MANDI049,Patiala,Mustard,5694.71,,6010.63,5650.0
PR009361,2026-03-08,MANDI013,Fatehabad,Makki,1997.0,2446.39,2221.88,2090.0
PR008881,2026-06-14,MANDI010,Sirsa,Rice,1891.57,2044.0,1967.56,2183.0
PR010881,2026-05-11,MANDI005,Ludhiana,Wheat,2211.38,2696.0,2453.61,2275.0
PR005394,2026-05-16,MANDI028,Fatehabad,Maize,2024.32,2183.79,2104.0,2090.0
PR010909,2026-11-08,MANDI049,Muzaffarnagar,Sugarcane,3119.0,3454.0,3286.21,3500.0
PR008841,2026-02-22,MANDI035,Karnal,Wheat,2387.56,2952.93,2670.25,2275.0
PR004689,2026-03-07,MANDI023,Hisar,Mustard,5822.04,6667.77,6244.91,5650.0
PR003671,2026-05-03,MANDI042,Jalandhar,Rice,,2280.0,2108.0,2183.0
PR011668,2026-02-17,MANDI002,Hisar,Cotton,6402.69,7514.38,6958.54,6620.0
PR003007,2026-07-27,MANDI002,Ferozepur,Maize,,2101.0,1998.0,2090.0
PR003092,2026-02-10,MANDI033,Ambala,Sugarcane,2987.61,,3142.15,3500.0
PR003112,2026-05-12,MANDI054,Fatehabad,Ganne,3217.04,3796.28,3506.66,3500.0
PR001247,2026-08-03,MANDI018,Karnal,Maize,1991.91,2225.58,2108.74,2090.0
PR003933,2026-05-07,MANDI043,Hisar,Mustard,5487.0,6709.86,6098.0,5650.0
PR003038,2026-03-28,MANDI035,Bathinda,Wheat,2189.32,2574.1,2382.0,
PR006278,2026-04-19,MANDI027,Hisar,Cotton,6234.22,7783.07,7008.64,
PR009966,2026-04-04,MANDI055,Hisar,Ganne,3489.0,4296.0,3892.58,3500.0
PR005280,2026-09-06,MANDI005,Karnal,Mustard,5456.0,5790.72,5623.0,
PR001770,2026-03-12,MANDI005,Bathinda,Cotton,6216.82,7057.49,6637.15,6620.0
PR007171,2026-11-04,MANDI027,Fatehabad,Makki,1877.0,2171.0,2024.0,2090.0
PR002090,2026-03-20,MANDI021,Moga,Sugarcane,3368.0,4023.28,3695.81,3500.0
PR003302,2026-09-03,MANDI027,Patiala,Makki,1959.79,2171.0,2065.0,2090.0
PR011971,2026-08-29,MANDI027,Hisar,Mustard,5727.54,6876.56,6302.05,5650.0
PR000408,2026-06-03,MANDI005,Amritsar,Cotton,5701.89,6645.17,6173.53,6620.0
PR003858,2026-03-14,MANDI043,Patiala,Mustard,5735.59,6140.0,5938.0,5650.0
PR003655,2026-01-17,,Ferozepur,Sugarcane,3313.0,3617.22,3465.14,
PR010968,2026-02-09,MANDI008,Karnal,Cotton,,,6930.0,6620.0
PR011257,2026-03-04,MANDI011,Ambala,Chawal,2165.0,2678.0,2421.56,2183.0
PR003264,2026-04-05,MANDI008,Amritsar,Rice,1884.95,2288.72,2086.84,2183.0
PR005327,2026-04-10,,Amritsar,Mustard,5408.78,6350.0,5879.0,5650.0
PR006474,2026-03-02,MANDI046,Moga,Rice,2283.0,2550.92,2417.0,
PR008791,2026-04-20,,Jalandhar,Sugarcane,3282.3,3654.24,3468.27,3500.0
PR004616,2026-07-25,MANDI017,Patiala,Mustard,5499.83,6650.54,6075.19,5650.0
PR011244,2026-06-06,MANDI002,Ludhiana,Mustard,5556.65,,5943.04,5650.0
PR007465,2026-02-19,,,Sarso,5331.17,6438.06,5884.62,5650.0
PR011663,2026-07-31,MANDI007,Amritsar,Cotton,5844.61,6849.96,6347.28,6620.0
PR001101,2026-07-28,MANDI042,Fatehabad,Sugarcane,2990.34,3354.0,3171.96,
PR003104,2026-04-20,,Fatehabad,Rice,2045.0,2523.0,2284.0,2183.0
PR005821,2026-04-20,MANDI034,Moga,Wheat,2363.21,2891.81,2628.0,2275.0
PR005767,2026-03-17,MANDI029,Sirsa,Cotton,5646.0,6499.0,6072.24,6620.0
PR001986,2026-04-13,MANDI036,Fatehabad,Mustard,5531.72,6585.0,6058.54,5650.0
PR000303,2026-01-02,MANDI037,Kurukshetra,Cotton,5843.0,7193.6,6518.27,6620.0
PR001787,2026-01-01,MANDI046,Hisar,Maize,1953.0,2245.76,2099.0,
PR009498,2026-04-24,MANDI055,Kurukshetra,Wheat,2365.0,2903.92,2634.0,
PR001798,2026-07-05,MANDI010,Bathinda,Sugarcane,3297.81,3603.0,3450.57,3500.0
PR004730,2026-06-09,MANDI013,Hisar,Cotton,6284.0,6688.52,6486.03,6620.0
PR005308,2026-03-15,MANDI036,Patiala,Sugarcane,3313.0,,3537.69,3500.0
PR006546,2026-02-17,MANDI030,Karnal,Wheat,2066.31,2559.55,2312.93,2275.0
PR003142,2026-02-02,MANDI057,Ludhiana,Mustard,5272.0,6237.87,5755.0,5650.0
PR008294,2026-07-28,MANDI051,Jalandhar,Mustard,5164.0,5937.74,,5650.0
PR005624,2026-02-14,MANDI034,Kurukshetra,Wheat,2280.0,2597.56,2438.71,2275.0
PR010864,2026-04-23,MANDI012,Moga,Rice,,2377.62,2313.0,2183.0
PR005549,2026-08-25,MANDI010,Fatehabad,Narma,6668.57,8293.4,7480.99,6620.0
PR007318,2026-04-23,MANDI016,Patiala,Maize,1874.65,2131.0,2003.0,2090.0
PR000548,2026-02-23,MANDI032,Ludhiana,Wheat,2037.0,2511.74,,2275.0
PR004666,2026-05-03,MANDI014,Amritsar,Rice,2101.52,2311.15,2206.34,
PR007696,2026-06-21,MANDI038,Moga,Ganne,3416.97,3922.0,3669.42,3500.0
PR007724,2026-08-16,MANDI022,Moga,Rice,2251.3,2418.0,2334.86,
PR009749,2026-03-28,MANDI027,Patiala,Sugarcane,3511.15,4133.0,3822.0,
PR000491,2026-01-21,MANDI054,Patiala,Wheat,2199.96,2467.11,2333.53,2275.0
PR006143,2026-03-14,MANDI026,Hisar,Maize,2109.34,2563.55,2336.44,2090.0
PR002624,2026-04-07,MANDI031,Sirsa,Mustard,5914.09,7053.0,6483.51,
PR011027,2026-01-06,,Bathinda,Mustard,5117.33,5822.72,5470.0,5650.0
PR006115,2026-09-04,MANDI007,Patiala,Sugarcane,3338.0,3660.84,3499.4,3500.0
PR009499,2026-01-21,MANDI050,Karnal,Mustard,5846.52,6167.48,6007.0,5650.0
PR006252,2026-07-07,MANDI011,Patiala,Wheat,2053.9,2556.0,2305.06,2275.0
PR005353,2026-03-06,MANDI030,Ludhiana,Sugarcane,3077.0,3245.51,3161.25,3500.0
PR000854,2026-03-18,MANDI039,Sirsa,Rice,2183.0,2683.0,2433.07,2183.0
PR008678,2026-01-12,MANDI008,Patiala,Maize,1861.23,2260.0,2060.0,2090.0
PR007766,2026-06-24,MANDI036,Kurukshetra,Sarso,5779.0,6717.37,6248.34,5650.0
PR007636,2026-07-11,MANDI009,Jalandhar,Sarso,5202.68,6172.92,5687.8,
PR008096,2026-01-02,MANDI015,Moga,Cotton,,6619.95,6217.0,6620.0
PR005882,2026-02-20,MANDI043,Ferozepur,Mustard,5795.0,7014.0,,
PR011626,2026-05-30,MANDI002,Ludhiana,Rice,2230.09,2350.0,2290.0,2183.0
PR004587,2026-07-03,MANDI048,Ambala,Wheat,2126.0,2414.0,2270.0,2275.0
PR007032,2026-07-19,MANDI037,Kurukshetra,Sugarcane,3387.0,3910.35,3648.53,3500.0
PR004069,2026-07-24,MANDI050,Patiala,Rice,1965.0,2423.7,2194.44,
PR002294,2026-08-29,MANDI036,Kurukshetra,Mustard,4974.42,6152.74,5563.58,5650.0
PR006242,2026-03-14,MANDI031,Karnal,चावल,1966.76,,2208.33,2183.0
PR008134,2026-08-08,MANDI017,Amritsar,Sugarcane,,3566.57,3458.0,3500.0
PR010860,2026-07-29,MANDI048,Ferozepur,Mustard,5908.62,7141.14,6524.88,
PR008161,2026-08-17,MANDI005,Patiala,Maize,2100.0,2415.79,2257.73,2090.0
PR011768,2026-12-03,MANDI011,Ambala,Mustard,5525.8,6367.0,5946.24,5650.0
PR006800,2026-08-03,MANDI052,Ludhiana,Narma,,8456.0,7629.0,
PR001929,2026-04-22,MANDI050,Muzaffarnagar,Sugarcane,3487.0,3905.97,3696.72,
PR006009,2026-04-03,MANDI023,Karnal,Sugarcane,3534.62,3881.0,3707.86,3500.0
PR003249,2026-06-18,MANDI049,Karnal,Rice,2127.0,2595.63,2361.32,2183.0
PR011523,2026-02-28,MANDI011,Moga,Cotton,6212.27,7225.46,,6620.0
PR004709,2026-07-30,MANDI034,Jalandhar,Mustard,5361.0,6415.07,5888.17,5650.0
PR002096,2026-09-09,MANDI020,Fatehabad,Rice,2000.0,2192.14,2096.29,2183.0
PR009472,2026-06-15,MANDI009,Jalandhar,Mustard,5889.0,7214.98,6552.0,5650.0
PR006224,2026-07-21,MANDI025,Amritsar,Cotton,6628.0,7674.0,7151.13,6620.0
PR002899,2026-05-15,MANDI052,Saharanpur,Sugarcane,,4278.0,3872.0,3500.0
PR011978,2026-03-06,,Kurukshetra,Mustard,5586.07,,6000.72,5650.0
PR005823,2026-05-03,MANDI049,Bathinda,Narma,6577.94,6998.0,6788.0,6620.0
PR011637,2026-04-02,MANDI031,Patiala,Mustard,5281.26,5880.0,5580.39,5650.0
PR002698,2026-02-13,MANDI009,Kurukshetra,चावल,2077.0,2594.61,2335.58,
PR010304,2026-03-14,MANDI031,Sirsa,Cotton,6798.18,8279.85,7539.0,6620.0
PR000816,2026-06-07,MANDI056,Patiala,चावल,1857.06,2184.42,2020.74,2183.0
PR008726,2026-01-12,MANDI042,Sirsa,Narma,6824.25,8136.99,7480.62,6620.0
PR006582,2026-03-08,MANDI056,Jalandhar,Mustard,5446.57,6721.16,6084.0,
PR009742,2026-08-14,MANDI026,Amritsar,Wheat,1942.23,2228.52,2085.37,
PR005929,2026-01-19,MANDI011,Hisar,Sugarcane,3026.16,3196.73,3111.45,
PR004968,2026-07-10,MANDI023,Ambala,Sarso,5891.99,7222.0,6556.92,
PR010314,2026-06-12,MANDI009,Amritsar,Maize,1933.21,2044.15,1988.68,2090.0
PR008524,2026-03-11,MANDI029,Moga,Cotton,6326.0,7298.0,6811.99,6620.0
PR001959,2026-04-28,MANDI053,Fatehabad,Rice,2287.0,2703.36,2495.28,2183.0
PR011736,2026-04-02,MANDI045,Fatehabad,Wheat,1968.0,2150.0,2059.0,
PR008135,2026-06-30,MANDI021,Hisar,Sugarcane,3387.0,3641.41,3514.32,
PR007186,2026-04-05,,Fatehabad,Wheat,2069.95,2337.16,2203.56,2275.0
PR006232,2026-04-03,MANDI046,,Rice,1963.0,2372.0,2168.0,2183.0
PR004255,2026-04-20,MANDI007,Bathinda,Maize,1860.14,,,2090.0
PR005048,2026-04-01,MANDI018,Kurukshetra,Sugarcane,3223.05,3472.62,3348.0,3500.0
PR001143,2026-02-04,MANDI033,Patiala,Sugarcane,3041.49,3298.0,3170.0,3500.0
PR009950,2026-07-22,MANDI033,Jalandhar,Ganne,3531.0,,3631.94,3500.0
PR009179,2026-03-23,MANDI013,Ferozepur,Wheat,2176.12,2460.77,2318.44,2275.0
PR005438,2026-02-28,MANDI039,Moga,Cotton,6146.78,7379.91,6763.0,6620.0
PR010053,2026-07-02,MANDI039,Jalandhar,Cotton,6863.65,7950.0,7407.02,
PR003197,2026-07-30,MANDI054,Amritsar,Sugarcane,3201.0,3417.35,3308.94,3500.0
PR000126,2026-07-19,MANDI018,Ambala,Ganne,3485.0,4271.75,3878.0,3500.0
PR004564,2026-05-12,MANDI057,Bareilly,Maize,,2296.03,2077.36,2090.0
PR003016,2026-01-13,MANDI024,Ambala,Cotton,6384.71,7589.84,6987.28,
PR001408,2026-07-20,,,Makki,1888.12,2327.0,2107.77,2090.0
PR010851,2026-04-17,,Fatehabad,Maize,2018.43,2271.61,2145.02,2090.0
PR005747,2026-07-06,MANDI028,Bathinda,Mustard,5565.26,6741.77,6154.0,5650.0
PR008568,2026-04-18,,Ambala,Sugarcane,3373.0,3746.0,3560.0,
PR009222,2026-12-04,MANDI004,Ludhiana,Cotton,6011.69,6817.0,6414.13,6620.0
PR000271,2026-05-16,MANDI028,Fatehabad,Maize,2084.05,2247.15,2165.6,2090.0
PR006825,2026-08-14,MANDI042,Ludhiana,Maize,2144.0,2644.77,2394.58,2090.0
PR002950,2026-06-06,MANDI056,Moga,Ganne,3140.76,3923.0,3532.01,
PR005370,2026-03-13,MANDI037,Ambala,Makki,2093.11,2419.94,2257.0,2090.0
PR003261,2026-05-18,MANDI048,Fatehabad,Makki,2016.0,2326.86,2172.0,2090.0
PR008010,2026-03-30,MANDI057,Fatehabad,Wheat,2204.91,2595.0,2400.0,2275.0
PR008957,2026-06-02,MANDI035,Moga,Wheat,2130.0,,2291.43,2275.0
PR009613,2026-02-25,MANDI057,Hisar,Maize,2124.92,2250.0,2188.0,
PR010531,2026-08-08,MANDI032,,Maize,1880.79,2317.91,2099.35,
PR006142,2026-06-15,MANDI029,Sirsa,Wheat,2076.35,2343.88,2210.12,2275.0
PR006323,2026-09-02,MANDI004,Ferozepur,Wheat,2030.0,2188.46,2109.0,2275.0
PR008717,2026-01-08,MANDI012,Patiala,Rice,2194.9,2394.0,2294.33,2183.0
PR006587,2026-01-25,MANDI007,Ludhiana,Wheat,2153.0,2575.88,2365.0,2275.0
PR011515,2026-02-12,MANDI051,Kurukshetra,Rice,2072.05,2573.0,2322.63,2183.0
PR010141,2026-03-28,MANDI015,Amritsar,Rice,2154.57,2317.0,2236.0,2183.0
PR001728,2026-02-07,MANDI029,Ambala,Makki,2055.57,2450.37,2252.97,2090.0
PR009070,2026-04-26,MANDI007,Hisar,Wheat,1935.26,2155.03,2045.15,
PR001354,2026-02-18,MANDI044,Patiala,Sugarcane,3498.88,4270.2,3885.0,3500.0
PR007472,2026-05-14,,,Wheat,2328.94,2713.85,2521.39,2275.0
PR008026,2026-05-04,MANDI041,Fatehabad,Mustard,5093.0,5898.0,5495.26,
PR003477,2026-03-08,MANDI041,Fatehabad,Maize,2111.69,2632.83,2372.0,2090.0
PR000613,2026-01-18,MANDI038,Amritsar,Rice,1930.92,2245.32,2088.12,2183.0
PR007430,2026-02-18,MANDI015,Hisar,Sugarcane,3305.14,3752.0,3529.0,3500.0
PR006184,2026-02-25,MANDI044,Fatehabad,Ganne,3406.0,,,3500.0
PR002461,2026-02-05,MANDI043,Amritsar,Sarso,5618.91,6202.97,5910.94,5650.0
PR010857,2026-03-11,MANDI032,Hisar,Cotton,6703.87,7507.0,7105.35,6620.0
PR009916,2026-01-01,MANDI042,Ferozepur,Sugarcane,3442.79,4171.68,3807.24,3500.0
PR011341,2026-05-04,MANDI037,Ambala,Makki,1800.25,1970.0,1885.2,2090.0
PR010108,2026-06-11,MANDI030,Ferozepur,Wheat,1977.0,2349.0,2162.91,2275.0
PR008541,2026-02-28,MANDI008,Jalandhar,Maize,1920.0,2101.0,2010.41,2090.0
PR009084,2026-04-28,MANDI016,Sirsa,Sugarcane,3173.5,3935.0,,
PR000300,2026-03-02,MANDI033,Ambala,Wheat,1962.57,2440.07,2201.0,2275.0
PR010375,2026-02-04,,,Sarso,5693.89,7054.56,6374.23,5650.0
PR003276,2026-04-14,MANDI001,Fatehabad,Rice,1961.8,2318.0,2139.98,
PR006673,2026-02-09,MANDI016,Kurukshetra,Mustard,4955.0,5310.0,5132.0,
PR008646,2026-03-11,MANDI039,,Wheat,2279.21,2553.73,2416.0,
PR008837,2026-05-11,MANDI036,Jalandhar,Sugarcane,3396.96,3914.41,3655.68,3500.0
PR011107,2026-05-25,MANDI015,Amritsar,Mustard,4827.99,5258.01,5043.0,5650.0
PR005976,2026-05-10,,,Rice,2235.1,2592.9,,2183.0
PR010175,2026-01-28,MANDI014,Moga,Maize,1842.27,2263.19,2053.0,2090.0
PR003457,2026-07-21,MANDI047,Sirsa,Cotton,6534.0,7842.0,7188.0,6620.0
PR005872,2026-01-10,MANDI048,Moga,Rice,1965.49,2132.99,2049.24,2183.0
PR009211,2026-07-16,MANDI014,Bathinda,Maize,2042.71,,2228.0,2090.0
PR003922,2026-09-08,MANDI029,Jalandhar,Sugarcane,3655.81,3929.0,3792.16,3500.0
PR003727,2026-06-03,MANDI036,Karnal,Ganne,3242.0,,3360.54,3500.0
PR002930,2026-05-16,MANDI004,Kurukshetra,Sugarcane,3380.62,4007.93,3694.27,3500.0
PR009973,2026-01-27,,Karnal,Narma,6126.87,,6631.02,6620.0
PR007381,2026-08-18,MANDI005,Bathinda,Mustard,5006.99,5622.63,5314.81,5650.0
PR001783,2026-08-20,MANDI010,Fatehabad,Sugarcane,3111.48,3838.42,3475.0,3500.0
PR006193,2026-01-30,MANDI034,Ambala,Narma,5954.0,7268.0,6611.07,6620.0
PR006074,2026-03-22,MANDI004,Kurukshetra,Sugarcane,3025.24,3403.0,3214.0,3500.0
PR007635,2026-01-22,MANDI045,Patiala,Rice,1981.5,2416.63,2199.06,2183.0
PR008842,2026-08-14,MANDI008,Amritsar,Sugarcane,3000.35,3688.16,3344.26,3500.0
PR005755,2026-03-07,MANDI033,Ambala,Wheat,1941.37,2314.13,2128.0,2275.0
PR011211,2026-04-03,MANDI024,Amritsar,Wheat,2203.15,2391.45,2297.0,
PR004087,2026-03-31,MANDI027,Kurukshetra,Wheat,2090.68,2593.0,2341.64,
PR009207,2026-07-17,MANDI017,,Sugarcane,3608.25,3840.68,3724.46,3500.0
PR006118,2026-12-01,MANDI023,Karnal,Wheat,2316.22,2523.51,2419.86,2275.0
PR004370,2026-02-18,MANDI049,Karnal,Ganne,3017.87,3621.0,3319.45,3500.0
PR010498,2026-03-17,MANDI008,Amritsar,Mustard,4889.0,6098.38,5493.6,5650.0
PR005380,2026-06-01,MANDI014,Karnal,Sugarcane,3373.0,3667.47,3520.34,3500.0
PR002915,2026-04-18,MANDI030,Ferozepur,Rice,2038.0,2337.88,2187.7,2183.0
PR009686,2026-06-09,MANDI020,Kurukshetra,Maize,2057.39,2437.0,,2090.0
PR002926,2026-04-07,MANDI024,Kurukshetra,Maize,2135.94,2251.96,2193.95,2090.0
PR010279,2026-07-16,MANDI028,Fatehabad,Rice,2156.65,2632.0,2394.0,
PR004599,2026-06-08,MANDI049,Muzaffarnagar,Sugarcane,3531.88,4370.05,3950.97,3500.0
PR002591,2026-08-13,MANDI005,Jalandhar,Cotton,6804.0,7792.05,7298.24,
PR007286,2026-03-06,MANDI030,Jalandhar,Maize,1943.68,2320.78,2132.23,2090.0
PR004992,2026-05-16,,Ambala,Sugarcane,3574.98,4425.0,4000.0,3500.0
PR007480,2026-07-08,MANDI001,Patiala,Rice,2136.13,2323.0,2230.0,2183.0
PR009954,2026-05-13,,Hisar,Sugarcane,3285.57,3837.35,3561.0,3500.0
PR003913,2026-03-04,MANDI036,Kurukshetra,Wheat,2303.2,2646.84,2475.02,2275.0
PR003706,2026-06-18,MANDI044,Agra,Wheat,2065.0,2512.89,2289.04,
PR004519,2026-01-10,MANDI051,Ambala,Wheat,2110.06,2458.0,2284.0,2275.0
PR001169,2026-06-08,MANDI036,Kurukshetra,Maize,1963.12,2298.31,2130.71,2090.0
PR004366,2026-03-24,MANDI001,Ludhiana,Rice,2021.0,2192.63,2107.05,2183.0
PR010186,2026-05-30,MANDI011,Ludhiana,Mustard,5189.42,5550.67,5370.0,5650.0
PR004492,2026-08-10,MANDI022,Hisar,Wheat,2079.0,2326.62,2202.77,2275.0
PR003861,2026-07-25,MANDI046,,Wheat,2194.0,2646.43,2420.0,2275.0
PR006970,2026-01-11,MANDI036,Sirsa,Maize,2071.81,2194.77,2133.29,2090.0
PR003431,2026-08-26,MANDI052,Ferozepur,Mustard,5240.0,5544.0,5391.86,5650.0
PR005086,2026-05-17,MANDI038,Amritsar,Sugarcane,3348.62,3831.92,3590.27,3500.0
PR010151,2026-01-02,MANDI009,Karnal,Rice,1904.14,2083.09,1994.0,2183.0
PR011300,2026-03-01,MANDI051,Moga,Wheat,2009.16,2351.0,2180.08,2275.0
PR002836,2026-02-18,MANDI004,Ludhiana,Mustard,5547.98,5859.0,5703.33,5650.0
PR006666,2026-06-12,MANDI034,Hisar,Mustard,5538.98,6888.33,6214.0,5650.0
PR003371,2026-04-04,MANDI001,Karnal,Rice,2205.22,2697.55,2451.39,
PR007553,2026-05-11,MANDI057,Ambala,Rice,2253.69,2676.06,2465.0,
PR005836,2026-06-11,,Ferozepur,Maize,2101.7,2579.0,2340.55,
PR011808,2026-03-26,MANDI011,Ferozepur,Sugarcane,3524.73,3718.22,3621.48,3500.0
PR003725,2026-06-17,MANDI014,Fatehabad,Wheat,2115.83,2495.56,2305.69,2275.0
PR007263,2026-01-16,MANDI053,Jalandhar,Sugarcane,3212.74,3983.0,3598.0,
PR010164,2026-03-11,MANDI018,Bathinda,Sarso,4997.3,5830.32,5414.0,5650.0
PR010125,2026-02-26,MANDI031,Amritsar,Chawal,,2070.8,2009.0,2183.0
PR001854,2026-08-01,MANDI015,Moga,Maize,2146.4,2472.29,,
PR006046,2026-06-09,,Moga,Maize,1852.68,2221.97,2037.32,2090.0
PR011427,2026-07-04,MANDI046,Ambala,Wheat,2115.35,2437.0,,2275.0
PR007661,2026-03-01,MANDI020,Ferozepur,Makki,1965.61,2134.92,2050.0,2090.0
PR006037,2026-06-29,MANDI024,Kurukshetra,Makki,1812.32,1920.0,1866.19,
PR003650,2026-03-22,MANDI046,Bathinda,Sarso,5639.45,6329.0,5984.0,5650.0
PR001731,2026-02-26,MANDI029,Amritsar,Wheat,2223.0,,2426.81,2275.0
PR004283,2026-02-26,MANDI015,Ferozepur,Ganne,3075.51,3785.76,3431.0,
PR007970,2026-05-10,MANDI009,Amritsar,Wheat,2343.0,2572.01,2458.0,2275.0
PR008655,2026-06-03,MANDI027,Ambala,Rice,1961.26,2387.0,2174.0,
PR011572,2026-06-23,MANDI015,Karnal,Cotton,6242.56,7406.88,6824.72,
PR002711,2026-02-04,MANDI042,Patiala,Maize,2187.0,2458.0,2323.0,2090.0
PR005299,2026-04-23,MANDI050,Karnal,Mustard,5503.29,6844.28,6173.78,
PR007927,2026-03-17,MANDI014,Amritsar,Maize,1815.0,2090.95,1953.0,2090.0
PR010916,2026-07-17,MANDI042,Kurukshetra,Chawal,2183.8,2596.0,2390.0,2183.0
PR011638,2026-02-09,MANDI024,Karnal,Ganne,3643.98,4322.0,3982.99,3500.0
PR001626,2026-06-04,MANDI054,Fatehabad,Maize,2019.21,2484.0,2251.42,2090.0
PR007303,2026-03-05,MANDI035,Karnal,Mustard,4847.01,,5160.72,5650.0
PR002599,2026-06-03,MANDI050,Ambala,Mustard,5230.0,6302.08,5766.2,5650.0
PR010809,2026-01-06,MANDI036,Ludhiana,Cotton,6080.88,6483.0,6282.0,6620.0
PR003398,2026-06-18,MANDI011,Hisar,Rice,2110.0,2629.95,2369.78,2183.0
PR011724,2026-06-18,MANDI026,Patiala,Sarso,5595.0,6846.78,6221.0,5650.0
PR001032,2026-05-21,MANDI013,Ludhiana,Narma,6338.14,7172.48,6755.31,6620.0
PR010372,2026-07-27,MANDI054,Jalandhar,Mustard,5892.47,7107.0,6500.0,5650.0
PR008383,2026-03-19,MANDI040,Amritsar,Sugarcane,3108.0,3346.0,3227.12,3500.0
PR000027,2026-02-07,,Amritsar,Wheat,2052.0,,2306.02,2275.0
PR008091,2026-04-09,MANDI035,Kurukshetra,Rice,1983.15,2193.09,2088.12,2183.0
PR008206,2026-06-23,MANDI035,Jalandhar,Cotton,6217.28,7169.0,6693.0,6620.0
PR003316,2026-05-16,MANDI052,Fatehabad,Sugarcane,3628.69,3999.0,3813.75,3500.0
PR001615,2026-09-02,MANDI021,Bathinda,Sugarcane,3507.0,3722.45,3614.91,3500.0
PR009396,2026-08-08,MANDI056,Hisar,Wheat,2094.18,2598.14,2346.16,2275.0
PR011001,2026-07-12,MANDI050,Muzaffarnagar,Wheat,,2192.0,2114.91,2275.0
PR004409,2026-02-19,MANDI017,,Wheat,2312.87,2878.25,2596.0,
PR009083,2026-06-08,MANDI014,Hisar,Mustard,5320.0,5862.74,5591.47,5650.0
PR003366,2026-06-27,MANDI040,Moga,Mustard,5616.6,6188.74,5902.67,5650.0
PR002344,2026-06-07,,Ambala,Wheat,2194.03,2654.62,2424.0,2275.0
PR011262,2026-05-23,MANDI035,Kurukshetra,Sugarcane,3040.0,3583.0,3311.51,3500.0
PR009074,2026-02-24,MANDI044,Moga,Mustard,4989.92,6043.0,5516.42,5650.0
PR007639,2026-02-25,,Jalandhar,Mustard,5061.0,5681.23,5371.03,5650.0
PR011503,2026-02-06,MANDI029,Fatehabad,Wheat,2094.0,2396.73,2245.49,2275.0
PR000225,2026-06-01,MANDI017,Hisar,Sugarcane,3636.69,3821.0,3729.0,3500.0
PR011120,2026-07-30,MANDI051,Fatehabad,Maize,2190.0,2608.0,2399.0,2090.0
PR004734,2026-01-14,MANDI007,Patiala,Wheat,2020.79,2474.22,2247.51,
PR005194,2026-08-02,MANDI043,Hisar,Sugarcane,3011.43,3364.0,3187.49,3500.0
PR011821,2026-07-16,MANDI012,Amritsar,Rice,1944.69,2180.5,2062.59,2183.0
PR002313,2026-01-15,,Jalandhar,Maize,1871.0,2152.0,2011.5,2090.0
PR003689,2026-07-25,MANDI015,Ambala,Narma,5875.0,6959.92,6417.48,
PR000746,2026-02-18,MANDI011,Ambala,Mustard,5796.0,6522.0,6158.85,5650.0
PR004791,2026-02-01,MANDI010,Bathinda,Sugarcane,3498.0,3930.94,3714.65,
PR007761,2026-04-13,MANDI026,Hisar,Makki,1972.0,2413.0,2192.37,2090.0
PR007675,2026-01-28,MANDI027,Kurukshetra,Sugarcane,3257.69,3901.73,3580.0,3500.0
PR004506,2026-02-23,MANDI044,Bathinda,Sugarcane,,4528.0,4075.19,
PR008517,2026-08-30,MANDI010,Fatehabad,Maize,1780.63,2075.81,1928.22,2090.0
PR010101,2026-01-14,,Bathinda,Mustard,5493.84,,5937.0,5650.0
PR000071,2026-07-15,MANDI017,Ferozepur,Cotton,,6958.44,6344.92,
PR002707,2026-07-30,,,Cotton,6230.25,7435.0,6832.63,6620.0
PR006840,2026-04-16,MANDI004,Ludhiana,Cotton,,6822.98,6456.28,6620.0
PR007784,2026-06-22,MANDI049,Patiala,Mustard,5029.96,5632.55,5331.25,
PR006381,2026-08-15,MANDI014,Patiala,Cotton,5789.62,6168.74,5979.18,
PR003174,2026-01-08,MANDI054,Saharanpur,Mustard,5343.81,6248.4,5796.0,
PR000635,2026-02-25,MANDI040,Sirsa,Wheat,2264.06,2828.0,2545.98,
PR009579,2026-05-02,MANDI003,Ludhiana,Cotton,6385.49,7774.0,7080.0,6620.0
PR006335,2026-01-17,,Ambala,Wheat,1962.21,2250.63,2106.42,2275.0
PR004061,2026-04-12,MANDI056,Bathinda,Sugarcane,3028.23,3570.0,3299.31,3500.0
PR007422,2026-02-06,MANDI032,Sirsa,Sugarcane,3412.0,3654.44,3533.0,3500.0
PR010755,2026-02-14,MANDI049,Kurukshetra,Maize,1901.23,2154.0,2027.4,2090.0
PR005462,2026-04-21,MANDI043,Karnal,Wheat,1947.0,2104.0,2025.0,2275.0
PR008050,2026-09-07,MANDI028,Moga,Wheat,2223.94,2504.0,2363.93,
PR000886,2026-04-18,MANDI054,Patiala,Maize,2110.0,2614.92,2362.6,
PR009470,2026-04-19,MANDI006,Ludhiana,Maize,2105.46,2431.93,2268.7,2090.0
PR011422,2026-08-16,MANDI036,Moga,Cotton,5986.09,6989.0,6487.0,6620.0
PR005686,2026-09-03,,,Maize,1869.85,2137.0,2003.59,2090.0
PR007952,2026-04-18,MANDI053,Patiala,Mustard,5594.0,6016.07,5805.0,5650.0
PR006710,2026-07-10,MANDI038,Patiala,Mustard,5241.0,5568.23,5404.4,5650.0
PR009027,2026-03-06,,Fatehabad,Cotton,5963.65,7061.77,6513.0,6620.0
PR005509,2026-08-31,MANDI048,Ferozepur,Maize,1992.67,2449.0,2220.73,2090.0
PR005884,2026-01-12,MANDI024,Fatehabad,Wheat,2177.0,2290.0,2233.57,2275.0
PR009536,2026-05-14,MANDI032,Sirsa,Wheat,2150.0,2633.42,2391.51,
PR000844,2026-06-30,MANDI056,Karnal,Sugarcane,3234.52,3475.2,3354.86,3500.0
PR004512,2026-07-07,MANDI022,Amritsar,Mustard,,6197.42,6016.34,5650.0
PR002104,2026-08-08,MANDI019,Ferozepur,Sugarcane,3330.16,3682.96,,3500.0
PR002036,2026-01-01,MANDI044,Ambala,Wheat,2279.54,2429.87,2355.0,2275.0
PR006943,2026-09-02,MANDI022,Karnal,Rice,2078.81,,2193.43,2183.0
PR010678,2026-06-14,MANDI055,Bathinda,Cotton,5957.0,7030.0,6493.76,6620.0
PR004329,2026-08-16,MANDI005,Fatehabad,Cotton,5817.81,,6228.43,
PR008644,2026-03-31,,Ludhiana,Sugarcane,3427.88,3716.0,3572.1,3500.0
PR004739,2026-06-24,MANDI043,Kurukshetra,Maize,2077.69,2483.0,2280.44,2090.0
PR008455,2026-03-26,MANDI038,Hisar,Sugarcane,3120.0,3703.4,3411.67,3500.0
PR004928,2026-02-28,MANDI018,Amritsar,Sugarcane,3313.47,3847.07,3580.0,
PR005295,2026-06-26,MANDI029,Hisar,Wheat,2072.79,2303.99,2188.39,2275.0
PR000311,2026-06-17,,Kurukshetra,चावल,2223.7,,2373.8,2183.0
PR005569,2026-06-11,MANDI047,Ambala,Wheat,2304.11,2852.0,2577.9,2275.0
PR002333,2026-01-12,MANDI031,Ludhiana,Cotton,5934.58,6522.0,,
PR003388,2026-07-23,MANDI008,Bathinda,Maize,2084.2,2471.49,2277.85,2090.0
PR003113,2026-01-18,MANDI043,Ludhiana,Sarso,5892.52,6309.0,6101.0,5650.0
PR004651,2026-07-07,MANDI017,Bathinda,Ganne,3541.68,4087.93,3815.0,
PR008645,2026-01-14,MANDI014,Jalandhar,Maize,1985.26,2129.59,2057.0,
PR011535,2026-06-02,MANDI034,Fatehabad,Wheat,2328.0,2821.64,2574.82,2275.0
PR005101,2026-01-02,MANDI025,Ludhiana,Mustard,5695.0,7109.75,6402.6,
PR011339,2026-04-14,MANDI012,Ambala,Sugarcane,3004.0,3559.64,3282.0,
PR005972,2026-07-03,MANDI028,Hisar,Cotton,6408.0,7321.0,6864.0,6620.0
PR004797,2026-05-18,MANDI046,Ferozepur,Wheat,1977.98,2388.0,2182.97,2275.0
PR010142,2026-06-23,MANDI016,Bathinda,Rice,2282.0,,2342.0,2183.0
PR009662,2026-05-03,MANDI025,Patiala,Sugarcane,3122.4,3903.0,3512.47,3500.0
PR007695,2026-02-04,MANDI054,Amritsar,चावल,1931.62,2395.43,2163.53,2183.0
PR004481,2026-04-20,MANDI015,Bathinda,Maize,,2006.58,1945.37,
PR004005,2026-02-05,MANDI051,Karnal,Rice,1952.35,2387.8,2170.0,2183.0
PR000818,2026-08-04,MANDI028,Moga,Mustard,,6101.66,5908.0,5650.0
PR006446,2026-03-04,,Bathinda,Maize,2050.58,2401.0,2225.56,2090.0
PR007068,2026-03-16,MANDI013,Fatehabad,Wheat,2074.59,2569.0,2322.0,
PR000003,2026-07-10,MANDI045,Bathinda,Sugarcane,3138.2,3510.13,3324.16,3500.0
PR011481,2026-04-30,MANDI036,Moga,Narma,6193.08,7109.76,6651.42,6620.0
PR011489,2026-05-08,MANDI004,Hisar,Sugarcane,3667.59,,3868.95,3500.0
PR007284,2026-04-15,MANDI054,Kurukshetra,Maize,2190.4,2308.0,2249.0,2090.0
PR006814,2026-07-23,MANDI020,Karnal,Ganne,3331.0,4090.4,3710.92,3500.0
PR009760,2026-03-02,MANDI040,Kurukshetra,Wheat,2108.0,2228.12,2168.12,2275.0
PR001740,2026-02-20,MANDI007,Jalandhar,Rice,2268.0,2413.0,2340.71,2183.0
PR002911,2026-08-27,MANDI018,Ferozepur,Ganne,3308.7,4130.94,3719.82,
PR000295,2026-08-29,MANDI012,Ambala,Maize,2139.45,2370.83,2255.14,2090.0
PR001829,2026-07-03,MANDI011,Ambala,Cotton,5734.17,6214.0,5974.09,
PR007264,2026-07-18,MANDI057,Amritsar,Wheat,2224.0,2408.0,2316.0,2275.0
PR001151,2026-04-13,MANDI048,Kurukshetra,Cotton,6661.31,7303.0,6982.38,
PR000804,2026-08-08,MANDI045,Bathinda,Rice,2202.0,2590.03,2395.92,2183.0
PR005523,2026-06-21,,Ludhiana,Sugarcane,3638.52,4414.15,4026.33,3500.0
PR008562,2026-04-11,MANDI010,Fatehabad,Mustard,5109.69,5589.54,5350.0,5650.0
PR004566,2026-03-10,MANDI009,Karnal,Wheat,1942.0,2138.59,2040.0,2275.0
PR004148,2026-06-06,,Patiala,Mustard,5712.99,6419.0,6066.12,5650.0
PR011756,2026-05-09,MANDI054,Ambala,Wheat,2040.0,2252.0,2145.96,
PR006330,2026-01-21,MANDI029,Karnal,Sarso,5501.0,6425.0,5963.0,5650.0
PR009750,2026-05-25,MANDI020,Ludhiana,Rice,1906.25,2309.0,2107.73,2183.0
PR004279,2026-05-17,MANDI038,Sirsa,Mustard,5791.0,6986.92,6389.19,
PR009088,2026-03-19,MANDI044,Jalandhar,Wheat,2173.68,2500.45,2337.07,2275.0
PR007056,2026-07-01,MANDI049,Karnal,Maize,1823.0,2271.97,2047.55,2090.0
PR005563,2026-05-26,MANDI011,Patiala,Rice,2152.54,2480.27,2316.41,2183.0
PR008516,2026-04-28,MANDI018,Jalandhar,Mustard,5930.0,6841.0,6385.0,5650.0
PR010579,2026-01-02,MANDI007,Amritsar,Sugarcane,3274.0,3961.86,3618.0,3500.0
PR009541,2026-02-20,MANDI026,Ferozepur,Cotton,6059.0,6977.68,6518.13,6620.0
PR007144,2026-03-07,MANDI041,Ferozepur,Sugarcane,3607.0,4437.82,4022.59,3500.0
PR011198,2026-06-14,MANDI023,Karnal,Sugarcane,3572.0,4089.0,3830.5,3500.0
PR005603,2026-04-02,MANDI049,Patiala,Sugarcane,3405.2,3632.0,3519.0,3500.0
PR010439,2026-09-08,MANDI042,Sirsa,Mustard,5214.32,5871.0,5542.52,5650.0
PR005195,2026-01-23,MANDI045,Ambala,Maize,2059.72,2319.6,2189.66,2090.0
PR001760,2026-03-15,,Sirsa,Mustard,5156.91,5465.0,5311.0,
PR003826,2026-07-11,MANDI016,Ambala,Sugarcane,3343.42,3723.0,3533.0,3500.0
PR010134,2026-02-26,MANDI041,Ferozepur,Sarso,5700.63,6043.12,5871.87,
PR001642,2026-05-19,MANDI001,Patiala,Mustard,5727.56,6820.9,6274.0,
PR010996,2026-07-26,MANDI020,Jalandhar,Cotton,5636.0,6285.09,5960.3,
PR009461,2026-05-11,MANDI015,Sirsa,Chawal,1885.9,2128.05,2007.0,
PR011559,2026-04-26,MANDI044,Ambala,Maize,2023.94,2323.53,2173.74,2090.0
PR011002,2026-07-10,MANDI027,Bathinda,Wheat,2212.0,2408.43,2310.09,
PR001460,2026-02-12,MANDI026,Ludhiana,Wheat,2286.0,2532.0,2408.87,2275.0
PR011391,2026-02-18,,Kurukshetra,Cotton,6557.53,7229.83,6893.68,6620.0
PR006647,2026-04-23,MANDI023,Karnal,चावल,2185.86,2329.0,2257.23,2183.0
PR007524,2026-04-30,MANDI056,Hisar,Narma,6403.0,6764.0,6583.0,6620.0
PR007519,2026-02-03,MANDI047,Muzaffarnagar,Maize,1786.08,1889.0,1837.7,2090.0
PR003256,2026-08-23,MANDI027,Hisar,चावल,2233.69,2721.0,2477.12,2183.0
PR010536,2026-07-20,MANDI055,Ambala,Sugarcane,3445.75,4051.0,3748.49,3500.0
PR002158,2026-04-04,,Patiala,Chawal,2217.27,2731.39,2474.33,
PR001196,2026-03-08,MANDI031,Kurukshetra,Maize,1943.0,2118.63,2030.98,2090.0
PR010102,2026-04-18,MANDI002,Ferozepur,Maize,2052.71,2435.37,2244.04,2090.0
PR011580,2026-03-20,MANDI052,Fatehabad,Rice,2008.08,2501.0,2254.76,
PR004395,2026-05-01,MANDI002,Jalandhar,Maize,1819.25,2119.19,1969.0,2090.0
PR000372,2026-08-08,MANDI009,Ferozepur,Wheat,2065.0,2242.42,2153.78,2275.0
PR005601,2026-05-15,MANDI037,Kurukshetra,Rice,1941.5,2254.64,2098.0,2183.0
PR006165,2026-06-17,MANDI032,Kurukshetra,Wheat,2049.36,2223.84,2137.0,2275.0
PR000683,2026-10-07,MANDI028,Moga,Sugarcane,3673.22,4385.0,4029.2,3500.0
PR006701,2026-05-24,MANDI035,Ferozepur,Rice,1902.31,2217.03,2059.67,2183.0
PR004549,2026-06-17,,Jalandhar,Rice,2081.22,2462.0,,2183.0
PR010409,2026-04-01,MANDI015,Ludhiana,Cotton,6805.0,8305.24,7555.0,6620.0
PR010537,2026-01-01,MANDI039,Sirsa,Maize,2118.79,2579.0,2348.7,2090.0
PR002661,2026-07-26,MANDI023,Sirsa,Maize,1925.97,2335.0,2131.0,2090.0
PR006147,2026-09-07,MANDI011,Jalandhar,Cotton,6106.22,7427.63,6767.0,6620.0
PR010116,2026-07-06,MANDI025,Karnal,Rice,1965.04,2206.0,2085.36,
PR003298,2026-01-01,MANDI004,Ludhiana,Narma,6673.83,7825.48,7249.66,6620.0
PR000473,2026-04-16,MANDI006,Hisar,Chawal,2041.0,2531.25,2285.95,2183.0
PR006521,2026-07-19,MANDI050,Kurukshetra,Maize,1880.6,2004.0,1942.5,2090.0
PR008399,2026-08-05,MANDI030,Ferozepur,Narma,,7377.68,6905.0,
PR011328,2026-04-08,MANDI025,Ludhiana,Mustard,5668.38,6090.92,5879.65,5650.0
PR000087,2026-03-23,MANDI048,Ludhiana,Cotton,5993.0,6870.79,6432.11,6620.0
PR009504,2026-01-05,MANDI025,Amritsar,Ganne,3643.67,4105.87,3874.77,3500.0
PR002633,2026-04-11,MANDI048,Patiala,Mustard,,6366.36,5749.0,5650.0
PR011155,2026-05-29,MANDI044,Sirsa,Wheat,2091.78,2298.7,2195.0,
PR002977,2026-12-08,MANDI025,Jalandhar,Maize,1856.83,2300.34,2079.0,2090.0
PR003061,2026-04-05,MANDI035,Ambala,Cotton,6615.0,8247.0,7431.0,6620.0
PR010808,2026-02-25,MANDI044,Jalandhar,Cotton,5675.0,6676.39,6176.0,6620.0
PR008148,2026-03-01,MANDI050,Hisar,Wheat,2065.74,2357.97,2211.86,2275.0
PR001112,2026-01-06,MANDI057,Ludhiana,Mustard,4954.35,5285.98,5120.16,
PR000480,2026-05-08,,,Wheat,2339.15,2883.21,2611.18,2275.0
PR003719,2026-04-07,MANDI004,Hisar,Wheat,2000.4,2315.72,2158.06,2275.0
PR005664,2026-04-03,MANDI052,Saharanpur,Wheat,1978.57,2335.34,2156.96,2275.0
PR009185,2026-02-20,,Ambala,Cotton,6471.14,8034.33,7252.74,6620.0
PR011351,2026-06-18,,,Maize,2147.86,2567.0,2357.25,2090.0
PR011437,2026-06-11,MANDI048,Amritsar,Mustard,5730.97,6198.87,5964.92,5650.0
PR000735,2026-06-12,MANDI042,Jalandhar,Wheat,1954.45,2282.0,2118.1,
PR001158,2026-07-10,MANDI012,Jalandhar,Wheat,,2364.65,,2275.0
PR008953,2026-04-13,MANDI055,Kurukshetra,Wheat,1960.0,2375.76,2168.0,
PR003584,2026-02-01,MANDI031,Sirsa,Wheat,2302.97,2842.62,2572.8,2275.0
PR004377,2026-05-06,MANDI042,Sirsa,Cotton,6133.72,6541.37,6338.0,6620.0
PR005393,2026-06-11,,Ferozepur,Narma,6785.0,7586.0,7186.0,6620.0
PR004250,2026-06-02,MANDI050,Jalandhar,Wheat,2045.82,2233.15,2139.48,2275.0
PR006608,2026-04-12,MANDI039,Fatehabad,Sugarcane,3250.79,3889.0,3569.98,
PR000680,2026-08-17,MANDI020,Fatehabad,Ganne,3523.19,3710.14,3616.67,3500.0
PR011602,2026-06-21,MANDI013,Fatehabad,Cotton,5883.6,7165.0,,6620.0
PR003767,2026-06-08,MANDI025,Sirsa,Rice,2222.41,,2305.02,2183.0
PR003326,2026-05-20,MANDI015,Bathinda,Wheat,2257.06,2665.44,2461.25,2275.0
PR011079,2026-05-07,MANDI014,Patiala,Sugarcane,3280.28,3699.22,3489.75,
PR006460,2026-03-21,,,Wheat,2139.24,2658.82,2399.0,2275.0
PR009731,2026-09-04,MANDI033,Ludhiana,Narma,,7146.94,6488.69,6620.0
PR009297,2026-01-17,MANDI015,Hisar,Rice,2014.0,2233.49,2123.89,2183.0
PR005088,2026-04-27,MANDI003,Ludhiana,Makki,1818.65,2007.07,1913.0,2090.0
PR011542,2026-06-03,MANDI043,Amritsar,Rice,2114.0,2606.68,2360.0,2183.0
PR004469,2026-02-09,MANDI043,Agra,Mustard,5151.0,5762.0,5456.58,5650.0
PR003613,2026-08-23,MANDI047,Kurukshetra,Mustard,5261.43,6426.05,5843.74,5650.0
PR005439,2026-04-08,MANDI043,Patiala,Wheat,2195.0,2475.0,2335.0,2275.0
PR001257,2026-01-02,MANDI025,Karnal,Cotton,,6758.55,6448.32,6620.0
PR000571,2026-03-24,MANDI043,Agra,Cotton,6067.0,6590.21,6328.0,6620.0
PR009901,2026-07-10,MANDI017,Karnal,Mustard,5551.0,6272.73,,5650.0
PR010291,2026-03-18,MANDI046,,Wheat,2273.0,2741.0,2507.0,2275.0
PR001331,2026-01-05,MANDI019,Amritsar,Wheat,1938.39,2062.68,2001.0,2275.0
PR007117,2026-07-18,MANDI023,Patiala,Rice,2172.89,2538.0,2355.25,2183.0
PR007026,2026-05-17,MANDI016,Jalandhar,Rice,,2312.0,2169.96,
PR008496,2026-03-25,MANDI005,Ambala,Maize,2153.93,2329.92,2241.93,2090.0
PR000695,2026-07-17,MANDI036,Karnal,Chawal,2199.0,2548.0,2373.0,2183.0
PR000157,2026-07-19,MANDI017,Sirsa,Wheat,2201.18,2343.0,2272.0,2275.0
PR000163,2026-06-03,MANDI036,Sirsa,Wheat,,2434.96,2199.2,2275.0
PR004515,2026-04-11,MANDI016,Ludhiana,Wheat,2235.71,2610.0,2422.69,2275.0
PR006388,2026-09-04,MANDI037,Jalandhar,Wheat,,2473.0,2258.09,2275.0
PR005139,2026-01-16,MANDI027,Fatehabad,Mustard,,5830.01,5343.71,5650.0
PR011452,2026-04-03,MANDI021,Ambala,Mustard,5424.0,6088.37,5756.3,5650.0
PR011054,2026-05-28,MANDI004,Ferozepur,Maize,2133.53,2485.43,2309.0,2090.0
PR009849,2026-06-24,MANDI008,Karnal,Narma,,7383.45,6742.0,6620.0
PR004963,2026-03-04,MANDI017,,Wheat,2253.0,2597.66,,
PR009802,2026-05-07,MANDI037,Kurukshetra,Mustard,5225.78,5900.36,5563.07,5650.0
PR007606,2026-06-27,MANDI035,Kurukshetra,Rice,2204.05,2720.78,2462.0,2183.0
PR009398,2026-02-24,,Hisar,Sugarcane,3630.34,4355.08,3993.0,3500.0
PR007548,2026-02-20,MANDI042,Hisar,Maize,1958.24,2303.0,2130.43,2090.0
PR007682,2026-01-28,MANDI049,Kurukshetra,Rice,1904.83,2013.65,1959.24,2183.0
PR008337,2026-06-23,MANDI022,Moga,Rice,1943.29,2328.45,2136.0,2183.0
PR004137,2026-06-20,MANDI045,Fatehabad,Rice,2111.0,2339.9,,2183.0
PR010040,2026-07-08,MANDI051,Sirsa,Sarso,5811.61,6267.43,6039.52,5650.0
PR006358,2026-03-30,MANDI010,Bathinda,Maize,1836.0,2241.37,2038.92,2090.0
PR004299,2026-07-14,MANDI036,Amritsar,Makki,1792.7,1911.0,1852.0,2090.0
PR007740,2026-02-14,MANDI013,Moga,Sugarcane,3444.86,4249.0,3847.0,3500.0
PR007003,2026-06-26,MANDI010,Fatehabad,Chawal,2138.06,2644.0,2391.0,
PR010533,2026-03-07,MANDI001,Ambala,Makki,1847.41,2215.0,2031.06,2090.0
PR003916,2026-08-06,MANDI012,Jalandhar,Maize,2108.08,2564.41,2336.0,2090.0
PR009721,2026-02-18,MANDI028,Hisar,Wheat,2148.1,2555.0,2351.46,
PR004627,2026-01-27,MANDI017,Sirsa,Mustard,5761.0,6595.0,6177.9,5650.0
PR005184,2026-04-03,MANDI017,Bathinda,Maize,2014.4,2166.0,2090.0,
PR006417,2026-05-14,MANDI025,Fatehabad,Sugarcane,3577.0,4416.31,3996.59,3500.0
PR003805,2026-09-01,MANDI006,Amritsar,Sugarcane,3344.0,3834.0,3588.85,3500.0
PR007253,2026-07-01,MANDI041,Kurukshetra,Cotton,6570.0,8030.47,7300.48,6620.0
PR006617,2026-02-05,MANDI016,Bathinda,Wheat,2379.75,2501.0,2440.35,2275.0
PR000863,2026-07-22,MANDI024,Ludhiana,Rice,2191.0,2568.46,2379.75,2183.0
PR002197,2026-01-10,MANDI028,Patiala,Wheat,2023.0,2277.65,2150.52,2275.0
PR002523,2026-03-29,MANDI007,Ambala,Chawal,2170.16,2341.03,2255.6,
PR002497,2026-08-04,MANDI028,Ferozepur,Cotton,6799.66,8145.46,7472.56,6620.0
PR011690,2026-08-08,MANDI031,Patiala,Sugarcane,3200.09,3700.7,3450.39,
PR006540,2026-04-28,,Kurukshetra,Cotton,6713.67,7584.75,7149.21,6620.0
PR009515,2026-01-29,MANDI033,Ambala,Wheat,2225.96,2611.96,,2275.0
PR002071,2026-03-30,MANDI005,Ferozepur,Cotton,6529.51,7763.06,7146.28,6620.0
PR011102,2026-08-31,,Amritsar,Maize,2034.38,2452.73,2243.55,2090.0
PR005854,2026-03-09,MANDI039,,Makki,1817.45,2244.23,2031.0,2090.0
PR009266,2026-05-17,MANDI040,Karnal,Cotton,5802.0,6900.26,6350.91,6620.0
PR011349,2026-03-16,MANDI038,Ambala,Rice,2240.24,2498.66,2369.45,
PR008401,2026-06-15,MANDI031,Sirsa,Maize,1915.58,2122.25,2018.92,2090.0
PR006206,2026-06-24,MANDI020,Ferozepur,Sugarcane,3050.0,3544.87,3297.63,
PR010153,2026-08-17,MANDI019,Moga,Cotton,6918.0,8092.49,,6620.0
PR011993,2026-12-08,MANDI008,Kurukshetra,Sugarcane,3381.22,3660.0,3520.36,3500.0
PR011667,2026-02-19,MANDI055,Kurukshetra,Sugarcane,3326.01,3986.22,3656.11,3500.0
PR010156,2026-01-24,,,Mustard,4856.0,5271.0,5063.32,5650.0
PR009891,2026-08-02,MANDI007,Jalandhar,Mustard,4926.13,5658.37,,5650.0
PR002784,2026-01-26,MANDI003,Ludhiana,Makki,2169.74,2543.17,2356.0,
PR010031,2026-04-05,MANDI038,Patiala,Sugarcane,3230.36,3556.49,3393.43,3500.0
PR004582,2026-04-28,MANDI022,Karnal,Wheat,2138.7,2592.0,2365.42,
PR011956,2026-07-08,MANDI008,Bathinda,Cotton,5665.38,6052.73,5859.0,6620.0
PR000184,2026-08-27,MANDI053,Ludhiana,Sugarcane,3382.02,4168.78,3775.0,3500.0
PR002819,2026-05-18,,Jalandhar,Rice,,2306.0,2122.0,
PR003721,2026-01-17,MANDI005,Karnal,Maize,1941.33,,2050.62,
PR010598,2026-03-07,MANDI011,Sirsa,Chawal,2233.7,2548.93,2391.31,2183.0
PR000501,2026-05-24,MANDI007,Kurukshetra,Mustard,5887.0,,6164.0,5650.0
PR011483,2026-05-02,MANDI029,Sirsa,Wheat,2071.95,2401.98,2236.96,2275.0
PR004420,2026-07-07,MANDI033,Amritsar,Mustard,5217.0,5849.03,5533.14,5650.0
PR011207,2026-03-12,,Ferozepur,Cotton,5820.12,6247.57,6033.85,6620.0
PR002186,2026-06-15,,Fatehabad,Ganne,3119.0,3609.94,3364.64,3500.0
PR007580,2026-08-25,MANDI040,Ludhiana,Cotton,6214.83,6926.8,6571.0,6620.0
PR011823,2026-05-22,MANDI046,Moga,Mustard,5298.49,,5540.67,
PR009307,2026-01-26,MANDI023,Sirsa,Cotton,6686.0,8159.34,7422.72,6620.0
PR001167,2026-04-22,MANDI057,Ludhiana,Sugarcane,3105.0,3341.02,3222.83,3500.0
PR005015,2026-04-24,MANDI038,Ferozepur,Rice,2096.4,2314.0,2205.23,2183.0
PR010946,2026-01-06,MANDI034,Sirsa,Chawal,2134.0,2374.0,2253.73,2183.0
PR009692,2026-01-14,MANDI002,Kurukshetra,Wheat,2327.0,2577.81,2452.0,2275.0
PR005100,2026-05-25,,Amritsar,Narma,,7487.0,6970.11,6620.0
PR010999,2026-07-28,MANDI042,Amritsar,Makki,1882.0,2262.37,2072.14,2090.0
PR000239,2026-04-26,MANDI022,Moga,Cotton,,7351.0,6663.86,6620.0
PR007391,2026-08-24,MANDI055,Jalandhar,Maize,1953.52,2146.92,2050.22,2090.0
PR011035,2026-04-27,MANDI020,Ludhiana,Cotton,6373.22,6888.64,6631.0,
PR006594,2026-05-30,MANDI011,Kurukshetra,Wheat,,2481.35,2242.0,2275.0
PR005186,2026-07-03,MANDI023,Moga,Maize,2116.79,2366.9,,2090.0
PR011457,2026-01-09,MANDI017,Ludhiana,Mustard,5370.49,5839.29,5605.0,5650.0
PR008917,2026-07-04,MANDI031,Sirsa,Maize,1806.85,1956.64,1881.74,2090.0
PR010181,2026-09-03,MANDI004,Karnal,Wheat,2173.39,2656.77,2415.08,2275.0
PR003206,2026-03-31,MANDI001,Hisar,Mustard,5926.0,6272.0,6099.0,5650.0
PR007121,2026-06-07,MANDI029,Karnal,Maize,1924.99,2378.97,2151.98,
PR005773,2026-09-09,MANDI014,Amritsar,Maize,2112.22,2534.28,2323.0,
PR005197,2026-04-02,MANDI005,Jalandhar,Maize,1838.0,2247.16,2042.44,
PR003240,2026-02-23,MANDI031,Sirsa,Cotton,6277.56,,,
PR011237,2026-01-21,MANDI034,Ambala,Sarso,5796.03,6947.96,6372.0,5650.0
PR006687,2026-02-28,MANDI037,Bathinda,Sugarcane,3390.0,3634.73,3512.29,3500.0
PR001946,2026-05-24,MANDI047,Kurukshetra,Mustard,5731.0,6727.82,6229.0,
PR001587,2026-10-03,MANDI027,Ferozepur,Wheat,2324.65,2613.0,2468.58,2275.0
PR009551,2026-04-06,MANDI042,Fatehabad,Maize,1926.54,2355.24,2140.89,
PR000035,2026-02-05,MANDI046,Sirsa,Rice,2141.15,2410.28,,2183.0
PR004031,2026-01-09,MANDI039,Patiala,Wheat,2034.52,2447.0,2241.0,2275.0
PR011399,2026-02-28,MANDI017,Fatehabad,Wheat,2066.0,2402.0,2234.0,2275.0
PR001656,2026-07-19,MANDI004,Sirsa,Maize,2081.0,,2266.39,2090.0
PR007862,2026-06-06,MANDI049,Sirsa,Wheat,2198.0,2315.99,2256.75,2275.0
PR002733,2026-07-30,MANDI044,Moga,Maize,2183.0,2637.18,,2090.0
PR008319,2026-08-22,MANDI045,Moga,Mustard,5765.15,7151.91,,5650.0
PR007800,2026-05-24,MANDI050,Amritsar,Makki,1965.86,2405.18,2185.52,2090.0
PR002271,2026-05-16,MANDI037,Ambala,Maize,1875.75,1988.46,1932.0,2090.0
PR002173,2026-08-30,MANDI031,Patiala,Mustard,4829.76,5638.2,5233.98,5650.0
PR003083,2026-02-13,,,Sugarcane,3107.42,,3368.98,3500.0
PR004435,2026-01-16,MANDI019,Hisar,Mustard,5799.72,7089.34,6444.53,5650.0
PR006218,2026-05-05,MANDI044,Fatehabad,Rice,2196.44,2591.04,2393.74,2183.0
PR003786,2026-01-06,MANDI047,Ferozepur,चावल,1930.0,2167.96,2048.93,2183.0
PR009908,2026-03-29,MANDI014,Sirsa,Cotton,6793.0,7980.05,7386.65,
PR011417,2026-02-19,MANDI001,Ludhiana,Maize,2071.73,2365.38,2219.0,2090.0
PR004728,2026-06-23,MANDI030,Sirsa,Maize,2043.0,2153.42,2098.04,2090.0
PR007913,2026-09-05,MANDI036,Karnal,Narma,6130.26,7185.0,6658.0,
PR011836,2026-08-18,MANDI005,Bathinda,Mustard,5075.0,5734.0,,5650.0
PR000861,2026-02-26,MANDI049,Muzaffarnagar,Maize,2178.46,2535.23,2357.0,2090.0
PR011713,2026-03-23,MANDI035,Fatehabad,Mustard,5445.49,6699.99,6072.74,5650.0
PR010847,2026-08-13,MANDI016,Hisar,चावल,2286.0,2411.7,2348.6,2183.0
PR004402,2026-09-03,MANDI037,Sirsa,Sugarcane,3451.73,3792.46,3622.0,3500.0
PR006706,2026-02-22,MANDI051,Patiala,Maize,2093.52,2444.0,2268.66,2090.0
PR001733,2026-04-03,MANDI048,Muzaffarnagar,Wheat,2161.12,2658.0,2409.56,2275.0
PR002001,2026-10-04,MANDI033,Karnal,Mustard,5117.61,5746.0,5431.56,5650.0
PR006263,2026-05-24,,Moga,Rice,2153.96,2544.91,2349.44,2183.0
PR007448,2026-08-25,MANDI027,Ludhiana,Wheat,2218.0,2612.72,2415.24,2275.0
PR002159,2026-07-20,MANDI054,Fatehabad,Sarso,5673.85,6233.56,5953.71,5650.0
PR009019,2026-02-22,MANDI036,Kurukshetra,Rice,2022.0,2275.68,2149.0,2183.0
PR004837,2026-07-16,MANDI034,Sirsa,Rice,2161.35,2505.0,2333.0,2183.0
PR000006,2026-06-29,MANDI053,Bathinda,Mustard,5095.43,5360.64,5228.04,
PR002976,2026-06-20,MANDI002,Ferozepur,Maize,1937.73,2150.39,2044.06,2090.0
PR003824,2026-08-20,MANDI023,Karnal,Maize,2070.79,2191.0,,2090.0
PR009984,2026-08-28,MANDI041,Karnal,Rice,2069.95,2334.0,2202.16,2183.0
PR006357,2026-01-18,MANDI030,Kurukshetra,Wheat,1975.13,2174.76,2074.94,
PR005742,2026-03-17,MANDI050,Bathinda,Maize,1849.58,2173.78,2011.68,2090.0
PR008024,2026-04-23,MANDI005,Ludhiana,Cotton,5761.33,,6457.0,6620.0
PR003989,2026-05-20,MANDI015,Bathinda,Wheat,1988.0,2196.73,2092.0,2275.0
PR003199,2026-05-26,MANDI006,Kurukshetra,Maize,1815.0,2189.29,2002.35,2090.0
PR010284,2026-02-17,MANDI047,Bathinda,Cotton,5733.66,6155.0,,6620.0
PR009837,2026-01-22,MANDI029,Sirsa,Cotton,6134.9,7032.0,6583.35,6620.0
PR008580,2026-02-23,,Bathinda,Maize,2149.0,2504.86,2326.79,2090.0
PR001345,2026-06-21,MANDI030,Fatehabad,Wheat,2218.07,2551.62,2385.0,2275.0
PR009814,2026-07-31,MANDI040,Karnal,Maize,2116.14,2592.9,2354.52,2090.0
PR001307,2026-04-04,MANDI018,Moga,Sugarcane,3030.07,3519.0,3275.0,3500.0
PR009813,2026-07-03,MANDI046,Bathinda,Cotton,6208.0,7600.0,6903.95,6620.0
PR002945,2026-02-27,MANDI054,Ludhiana,Cotton,5858.0,7146.92,6502.42,6620.0
PR004568,2026-02-18,MANDI008,Jalandhar,Cotton,6596.0,8188.0,7392.0,6620.0
PR003106,2026-04-27,MANDI035,Ferozepur,Maize,1847.74,2221.0,2034.28,2090.0
PR008123,2026-03-21,MANDI027,Amritsar,Maize,1871.0,2065.33,1968.0,2090.0
PR005537,2026-02-14,MANDI049,Muzaffarnagar,Maize,1819.48,1960.12,1890.0,2090.0
PR009673,2026-04-24,MANDI041,Patiala,Sugarcane,3080.94,3705.0,3393.0,3500.0
PR011778,2026-02-01,MANDI041,Bathinda,Maize,1904.53,2338.13,2121.0,
PR010583,2026-08-24,MANDI020,Ambala,Rice,2281.51,2538.11,2410.0,2183.0
PR004353,2026-02-24,MANDI041,Kurukshetra,Wheat,2244.51,2750.0,,2275.0
PR008754,2026-03-31,MANDI047,Kurukshetra,Wheat,2306.95,2574.64,2440.79,2275.0
PR007718,2026-05-16,MANDI047,Muzaffarnagar,Maize,1849.26,2068.85,1959.06,2090.0
PR007821,2026-05-22,MANDI026,Fatehabad,Ganne,,3779.0,3476.23,3500.0
PR005287,2026-04-16,MANDI035,Amritsar,Makki,2071.56,2438.73,2255.15,
PR009593,2026-01-31,MANDI057,Kurukshetra,Maize,1977.75,2299.3,2138.52,2090.0
PR009992,2026-06-11,MANDI052,Bathinda,Wheat,2061.0,,2201.6,
PR005527,2026-02-10,MANDI002,Ludhiana,Cotton,6649.83,7635.0,7142.42,6620.0
PR011305,2026-07-16,MANDI016,Bathinda,Cotton,6717.0,8279.98,7499.0,
PR001679,2026-04-19,MANDI057,Hisar,Cotton,6110.0,7482.0,6796.0,6620.0
PR010958,2026-05-20,MANDI052,Bathinda,Maize,2037.79,2320.0,2179.06,2090.0
PR010253,2026-06-23,MANDI002,Bathinda,Cotton,6771.6,8047.19,7409.39,6620.0
PR010459,2026-01-18,MANDI028,Jalandhar,Wheat,2262.22,2541.83,2402.0,2275.0
PR004766,2026-08-14,MANDI019,Moga,Wheat,1934.05,,2120.95,2275.0
PR007476,2026-08-29,MANDI051,Saharanpur,Maize,2157.6,2409.0,2283.35,2090.0
PR011073,2026-03-02,MANDI028,Karnal,Mustard,4951.05,5331.88,5141.0,5650.0
PR009523,2026-08-20,MANDI028,Hisar,Maize,2118.88,2461.9,2290.39,2090.0
PR003550,2026-05-30,MANDI002,Jalandhar,Cotton,6943.96,7799.04,7371.5,6620.0
PR001334,2026-10-02,MANDI049,Muzaffarnagar,Rice,2120.57,2482.0,2301.5,2183.0
PR000724,2026-07-05,MANDI030,Moga,Maize,2123.5,2632.56,2378.03,2090.0
PR010460,2026-05-06,MANDI037,Sirsa,Wheat,2127.04,2239.26,2183.15,
PR003731,2026-08-08,MANDI036,Ambala,Cotton,6125.0,6601.26,6363.05,6620.0
PR003720,2026-04-23,MANDI041,Amritsar,Mustard,,,6466.24,5650.0
PR009291,2026-06-02,,Bathinda,Makki,1844.01,2125.31,1984.66,2090.0
PR007999,2026-09-09,MANDI030,Sirsa,Rice,2290.86,2740.1,2515.0,2183.0
PR010716,2026-01-22,MANDI043,Hisar,Sugarcane,3102.03,3648.0,3375.0,3500.0
PR000462,2026-04-02,MANDI032,Ludhiana,Wheat,2075.36,2358.06,2216.71,2275.0
PR004105,2026-03-15,MANDI003,Bathinda,Sugarcane,3463.58,4269.41,3866.49,3500.0
PR008409,2026-02-06,MANDI004,Amritsar,चावल,2093.99,2609.0,2352.0,2183.0
PR004242,2026-01-11,MANDI007,Moga,Maize,1989.0,2415.0,2202.24,2090.0
PR010998,2026-01-15,MANDI023,Patiala,Mustard,5598.63,6957.2,6277.92,5650.0
PR008763,2026-05-06,MANDI046,,Mustard,5191.78,6070.94,5631.36,5650.0
PR006850,2026-04-25,MANDI040,Bathinda,Rice,2136.64,2359.0,2248.0,2183.0
PR004758,2026-01-02,MANDI039,,Maize,2091.22,2470.0,2280.38,2090.0
PR003866,2026-09-04,MANDI023,Ludhiana,Rice,2179.86,2570.33,2375.0,2183.0
PR008149,2026-02-22,MANDI050,Fatehabad,Mustard,5789.84,6818.0,6303.76,
PR006923,2026-09-05,MANDI040,Fatehabad,Maize,1935.0,2323.0,2129.03,2090.0
PR004869,2026-08-22,MANDI020,Kurukshetra,Maize,1862.0,2186.01,2023.94,2090.0
PR000937,2026-01-17,MANDI039,Amritsar,Wheat,2074.84,2458.0,2266.0,2275.0
PR005816,2026-06-18,MANDI002,Ludhiana,Cotton,6574.0,8200.82,7387.0,6620.0
PR008034,2026-11-05,MANDI032,Jalandhar,Cotton,6505.43,7695.14,7100.28,6620.0
PR006636,2026-05-30,MANDI035,Bathinda,Cotton,5948.86,6867.0,6408.1,
PR007525,2026-05-24,MANDI007,Sirsa,Mustard,4988.0,5794.22,5391.0,5650.0
PR011948,2026-04-28,MANDI021,Bathinda,Wheat,2349.0,2494.46,2421.5,
PR009761,2026-05-02,MANDI001,Ludhiana,Rice,2216.37,2444.96,2330.67,2183.0
PR011421,2026-06-23,,Bathinda,Sugarcane,3050.07,3562.0,3306.0,3500.0
PR000923,2026-06-07,MANDI022,Moga,Mustard,5500.0,6105.22,5802.52,5650.0
PR011719,2026-08-12,,Karnal,Wheat,,2414.45,2296.0,2275.0
PR005339,2026-06-19,MANDI002,Ludhiana,Rice,2084.3,2259.69,2171.99,
PR010470,2026-06-22,MANDI050,Ferozepur,Mustard,5582.63,6131.0,5857.0,5650.0
PR007965,2026-09-02,MANDI009,Fatehabad,Sugarcane,3168.05,3828.4,3498.0,3500.0
PR010250,2026-05-06,MANDI010,Ambala,Sugarcane,3160.0,3938.66,3549.27,3500.0
PR006972,2026-06-11,MANDI023,Kurukshetra,Rice,2207.88,,2416.47,2183.0
PR010586,2026-07-17,MANDI012,Bathinda,Cotton,,6469.71,,6620.0
PR001662,2026-01-16,MANDI019,Bathinda,Rice,1992.0,2354.0,2172.66,2183.0
PR008794,2026-08-28,MANDI047,Muzaffarnagar,Wheat,2001.0,2203.0,2102.03,
PR000916,2026-04-12,MANDI019,Ferozepur,Maize,1850.0,2204.47,2027.24,2090.0
PR002474,2026-03-06,MANDI013,Moga,Maize,2014.6,2325.47,2170.03,2090.0
PR005570,2026-05-01,MANDI056,Moga,Cotton,5805.38,6288.07,6046.72,6620.0
PR002714,2026-05-26,MANDI049,Moga,Rice,2127.6,2572.67,2350.13,2183.0
PR006394,2026-05-01,MANDI055,Moga,Cotton,6413.57,8013.9,,6620.0
PR000409,2026-02-03,MANDI039,Amritsar,Wheat,2280.0,2674.17,2477.08,2275.0
PR006775,2026-08-14,MANDI022,Karnal,Wheat,2091.76,2546.26,2319.01,2275.0
PR010410,2026-06-28,MANDI029,Amritsar,Rice,2135.19,2439.96,2288.0,2183.0
PR007404,2026-07-13,,Sirsa,Sarso,5100.0,6282.0,5691.06,5650.0
PR003642,2026-05-22,MANDI013,Ferozepur,Cotton,6780.92,8231.29,7506.1,6620.0
PR010912,2026-06-30,MANDI038,Amritsar,Sugarcane,3124.03,3759.0,3441.29,3500.0
PR010907,2026-02-03,MANDI036,Moga,Rice,2167.0,2631.71,2399.4,2183.0
PR009055,2026-02-02,MANDI015,Jalandhar,Maize,2048.62,2495.69,2272.16,
PR007735,2026-01-07,MANDI048,Moga,Makki,1795.31,2110.7,1953.01,2090.0
PR003772,2026-02-07,MANDI050,Fatehabad,Sarso,4858.28,5504.4,5181.34,5650.0
PR004839,2026-04-10,MANDI031,Jalandhar,Sugarcane,3493.0,4153.72,,3500.0
PR009306,2026-08-26,MANDI029,Kurukshetra,Makki,2010.0,2333.0,2171.46,2090.0
PR007875,2026-08-28,MANDI001,Patiala,Wheat,2028.48,2535.0,2282.0,2275.0
PR006579,2026-07-02,MANDI034,Ferozepur,Chawal,2060.09,2567.29,2313.69,
PR004445,2026-06-06,MANDI011,Ferozepur,Mustard,5197.47,6230.04,,5650.0
PR008088,2026-02-09,,Fatehabad,Wheat,2138.0,2483.17,2310.77,
PR002138,2026-09-02,MANDI007,Jalandhar,Ganne,3437.0,3815.94,,3500.0
PR006585,2026-07-01,MANDI006,Amritsar,Maize,2112.19,2564.34,2338.26,2090.0
PR005582,2026-03-31,MANDI051,Ferozepur,Wheat,1938.75,2364.0,2151.42,2275.0
PR004573,2026-02-27,MANDI007,Ferozepur,Mustard,5304.0,6079.69,5692.0,5650.0
PR011498,2026-06-16,MANDI023,Sirsa,Maize,1853.29,2165.66,2009.47,2090.0
PR003736,2026-07-29,MANDI005,Amritsar,Sugarcane,3287.0,3835.13,3561.0,3500.0
PR000581,2026-02-19,MANDI003,Moga,Cotton,6914.44,8109.05,7511.75,
PR010609,2026-04-17,MANDI032,Karnal,Cotton,6679.0,,7230.09,6620.0
PR001496,2026-02-21,MANDI044,Agra,Wheat,2000.46,2178.0,2089.0,2275.0
PR004016,2026-05-02,MANDI031,Amritsar,Cotton,6292.96,7403.0,6848.0,6620.0
PR008858,2026-08-02,MANDI011,Amritsar,Rice,1909.48,2154.98,2032.0,2183.0
PR005174,2026-06-03,MANDI053,Moga,Rice,1914.11,2310.68,2112.4,2183.0
PR011289,2026-01-05,MANDI035,Ferozepur,Wheat,2266.93,2771.0,2519.2,2275.0
PR000595,2026-04-09,MANDI014,Karnal,Mustard,5306.89,5756.07,5531.48,
PR007447,2026-12-08,,,Cotton,5911.01,6825.89,6368.0,6620.0
PR010177,2026-01-29,MANDI051,Ambala,Sugarcane,3580.92,3766.17,3674.0,3500.0
PR011150,2026-07-21,MANDI047,Ambala,Sugarcane,3583.0,3847.92,3715.35,
PR010673,2026-08-11,MANDI044,Karnal,Sugarcane,3249.0,3684.0,3466.0,3500.0
PR001897,2026-02-17,MANDI028,Moga,Maize,1826.0,2171.0,,2090.0
PR005122,2026-02-10,,Bathinda,Wheat,2343.0,2848.55,2595.86,2275.0
PR006595,2026-03-31,MANDI018,Ludhiana,Sarso,5246.0,5956.0,5600.77,5650.0
PR009798,2026-08-06,MANDI040,Patiala,Wheat,2225.92,2534.59,2380.26,
PR005521,2026-02-15,MANDI016,Jalandhar,Rice,2153.93,,2298.34,2183.0
PR004540,2026-06-08,MANDI042,Ferozepur,Wheat,2020.0,2216.16,2117.9,2275.0
PR011348,2026-04-01,MANDI056,Kurukshetra,Narma,5793.01,6680.55,6237.0,6620.0
PR006597,2026-07-21,MANDI035,Bathinda,Mustard,5605.55,6237.6,5922.0,5650.0
PR001599,2026-01-22,MANDI019,Sirsa,Rice,1901.43,2299.22,2100.32,2183.0
PR002984,2026-04-26,,Kurukshetra,Wheat,2282.0,2599.0,2441.0,2275.0
PR000892,2026-08-29,MANDI030,Ludhiana,Wheat,2175.46,2531.0,2353.0,2275.0
PR004439,2026-04-10,MANDI001,Ferozepur,Cotton,6912.16,8083.0,7497.69,6620.0
PR008355,2026-06-28,MANDI028,Hisar,Wheat,1997.92,,2235.85,2275.0
PR010022,2026-03-13,MANDI028,Jalandhar,Cotton,6182.17,7151.0,6666.41,6620.0
PR000348,2026-04-08,MANDI031,Kurukshetra,Mustard,5063.11,6193.61,5628.36,5650.0
PR003679,2026-01-18,MANDI033,Kurukshetra,Cotton,5750.0,7015.72,,6620.0
PR007499,2026-08-30,MANDI028,Hisar,Mustard,5177.0,6387.0,5781.62,
PR003409,2026-08-17,MANDI028,Sirsa,Mustard,4907.75,5642.0,5275.13,
PR005424,2026-06-07,,Bathinda,Narma,5703.27,6455.38,6079.32,6620.0
PR004848,2026-07-28,,Fatehabad,Wheat,2297.21,2633.91,2465.56,2275.0
PR005909,2026-08-25,MANDI007,Amritsar,Chawal,2191.45,2732.13,2462.0,2183.0
PR009913,2026-05-13,MANDI051,Ludhiana,Maize,1797.62,1975.87,1886.74,2090.0
PR002405,2026-05-03,MANDI016,Karnal,Mustard,5865.0,6633.0,6249.0,5650.0
PR009842,2026-06-01,MANDI021,Kurukshetra,Sugarcane,3594.89,3861.0,3727.84,
PR005593,2026-01-12,MANDI028,Kurukshetra,Ganne,3508.0,3853.0,3680.07,3500.0
PR007004,2026-08-05,MANDI003,Ludhiana,Cotton,6712.2,7943.0,7327.75,6620.0
PR009652,2026-05-13,MANDI032,Fatehabad,Cotton,6474.73,7386.24,6930.48,6620.0
PR009152,2026-03-04,MANDI036,Kurukshetra,Maize,1950.0,2365.0,2157.65,2090.0
PR008483,2026-02-01,MANDI045,Kurukshetra,Mustard,5774.12,6147.0,5960.43,5650.0
PR006716,2026-02-08,MANDI017,,Wheat,2231.43,2622.85,2427.14,
PR004738,2026-05-27,MANDI030,Hisar,Cotton,6924.89,8295.0,7610.02,6620.0
PR000379,2026-02-21,MANDI002,Jalandhar,Rice,2213.68,,2288.05,2183.0
PR002091,2026-06-23,MANDI019,Patiala,Maize,2102.61,2362.0,2232.12,2090.0
PR008987,2026-09-09,MANDI020,Fatehabad,Maize,2130.77,2471.08,2300.93,2090.0
PR006014,2026-05-01,MANDI041,Fatehabad,Cotton,5995.0,6618.0,6306.3,6620.0
PR009068,2026-03-30,MANDI005,Bathinda,Cotton,6550.8,7941.0,7245.79,6620.0
PR006081,2026-05-21,MANDI033,Ferozepur,Mustard,4889.21,5229.89,5059.55,5650.0
PR004890,2026-08-06,MANDI049,Ludhiana,Cotton,6582.03,8219.38,7401.0,6620.0
PR009215,2026-07-11,MANDI041,Ferozepur,Sarso,5265.45,6089.0,5677.23,5650.0
PR007839,2026-04-08,MANDI053,Kurukshetra,Ganne,3530.98,4260.22,3896.0,3500.0
PR002723,2026-08-17,MANDI010,Karnal,Cotton,5859.0,6612.0,,6620.0
PR004740,2026-04-04,MANDI010,Jalandhar,Makki,2187.0,2426.29,2307.0,2090.0
PR006390,2026-01-15,MANDI028,Karnal,Narma,6291.0,7129.84,6710.62,
PR000094,2026-02-14,MANDI018,Ferozepur,Rice,2101.0,2583.98,2342.0,2183.0
PR008454,2026-01-03,MANDI020,Amritsar,Mustard,5176.0,5909.52,5542.64,5650.0
PR005827,2026-06-25,MANDI005,Ludhiana,Mustard,4990.0,6195.0,5592.56,5650.0
PR004133,2026-01-16,MANDI010,Hisar,Sugarcane,3310.44,3791.15,3550.8,
PR003632,2026-06-08,MANDI017,Amritsar,Mustard,5724.03,6420.75,6072.0,5650.0
PR011856,2026-04-30,MANDI032,Ludhiana,Cotton,6424.35,6890.0,6657.38,6620.0
PR005683,2026-08-25,MANDI015,Bathinda,Chawal,2024.36,2374.91,2199.63,2183.0
PR007276,2026-05-16,MANDI033,Hisar,Rice,1906.12,2374.16,2140.14,
PR011733,2026-02-22,MANDI011,Patiala,Sugarcane,3273.88,3510.47,3392.18,
PR007747,2026-01-12,MANDI052,Patiala,Wheat,2354.05,2758.71,2556.38,2275.0
PR004461,2026-05-07,MANDI025,Ambala,Sugarcane,3271.0,3973.0,3622.25,
PR004209,2026-08-09,MANDI021,Moga,Wheat,2054.0,2350.1,2201.94,2275.0
PR004004,2026-04-07,MANDI053,Saharanpur,Wheat,2101.67,2427.43,2264.55,2275.0
PR002358,2026-01-17,MANDI053,Ferozepur,Maize,2175.0,2313.09,2244.0,2090.0
PR009588,2026-07-18,MANDI052,Moga,Sugarcane,3257.0,3825.0,3540.85,3500.0
PR000948,2026-04-28,MANDI048,Kurukshetra,Maize,1812.05,2201.23,2007.0,
PR005482,2026-06-19,MANDI036,Patiala,Maize,2193.3,2469.85,2331.57,2090.0
PR008062,2026-07-24,MANDI026,Jalandhar,Wheat,1953.0,2253.0,2103.39,2275.0
PR004248,2026-05-04,MANDI009,Patiala,Makki,2140.0,2453.0,2296.43,2090.0
PR011865,2026-03-23,MANDI033,Ambala,Maize,2178.0,2695.36,2436.63,2090.0
PR008421,2026-06-15,MANDI051,Ambala,Rice,1916.53,2076.48,1996.5,2183.0
PR011606,2026-03-07,,Ferozepur,Makki,2024.0,2214.84,2120.0,2090.0
PR007852,2026-09-04,MANDI006,Amritsar,Chawal,2226.06,2395.65,2311.0,2183.0
PR004337,2026-05-30,,Karnal,Mustard,,6391.21,,
PR001073,2026-02-03,MANDI029,Fatehabad,Ganne,3584.81,4379.0,3982.0,3500.0
PR009899,2026-08-06,MANDI031,Jalandhar,Cotton,,6235.78,,6620.0
PR004879,2026-06-10,MANDI014,Ferozepur,Sugarcane,3421.11,,3739.7,3500.0
PR000828,2026-05-30,MANDI039,Amritsar,Rice,1863.0,,1936.06,2183.0
PR006106,2026-05-20,MANDI047,Fatehabad,Wheat,2157.44,2526.0,2341.67,2275.0
PR002314,2026-04-27,MANDI054,Ferozepur,Wheat,2024.01,2244.95,2134.48,2275.0
PR004314,2026-07-16,MANDI042,Ludhiana,Sugarcane,3493.0,3957.0,3725.0,
PR010019,2026-06-11,MANDI012,Ferozepur,Cotton,6637.49,7987.54,7312.52,
PR006996,2026-07-09,MANDI039,Ferozepur,Cotton,6373.0,7623.85,6998.33,
PR000249,2026-07-03,,Amritsar,Sugarcane,2980.0,3442.66,3211.44,3500.0
PR010165,2026-06-07,MANDI054,Moga,Wheat,1983.3,2160.0,2071.8,2275.0
PR007348,2026-03-04,MANDI034,Ludhiana,Cotton,5785.21,6347.78,6066.49,6620.0
PR010835,2026-05-29,MANDI036,Kurukshetra,Maize,1789.54,2174.0,,2090.0
PR004065,2026-02-14,MANDI019,Bathinda,Sugarcane,3545.71,4379.0,3962.0,
PR008595,2026-03-08,MANDI049,Sirsa,Sugarcane,3585.0,3984.8,3784.69,
PR001729,2026-07-11,MANDI020,Ambala,Ganne,3639.98,3917.0,3778.55,3500.0
PR006560,2026-01-02,MANDI015,Kurukshetra,Maize,2049.0,2376.19,2212.54,2090.0
PR006170,2026-04-06,MANDI003,Ludhiana,Sugarcane,,,3466.83,3500.0
PR011006,2026-02-02,MANDI030,Sirsa,Maize,1884.0,2140.0,2012.05,2090.0
PR006464,2026-01-28,MANDI020,Ambala,चावल,2148.0,2536.91,2342.42,2183.0
PR011045,2026-07-10,MANDI056,Kurukshetra,Chawal,2251.0,2491.0,2371.0,2183.0
PR006949,2026-08-07,MANDI035,Amritsar,Mustard,5496.0,6380.0,5938.22,
PR007877,2026-03-03,MANDI006,Karnal,Sugarcane,3455.0,4060.73,3757.81,3500.0
PR006973,2026-01-17,MANDI034,Hisar,Mustard,5352.53,5865.0,5609.0,5650.0
PR004792,2026-03-20,MANDI048,Ambala,Rice,2132.0,2328.0,2230.02,
PR001546,2026-02-11,MANDI044,Jalandhar,Ganne,3618.34,3973.17,3795.75,3500.0
PR011173,2026-03-28,MANDI057,Fatehabad,Maize,2027.0,2327.0,2176.73,
PR000213,2026-04-22,,Bathinda,Maize,2025.04,2218.0,2121.67,2090.0
PR009534,2026-01-17,MANDI004,Karnal,Makki,2136.75,2508.0,2322.0,
PR006762,2026-03-01,MANDI052,Fatehabad,Maize,1989.74,2196.0,2092.65,2090.0
PR007317,2026-06-06,MANDI048,Bathinda,Narma,6429.96,8018.37,7224.16,6620.0
PR002384,2026-05-06,MANDI050,Moga,Cotton,6555.58,7857.56,7206.57,6620.0
PR001669,2026-08-30,MANDI004,Karnal,Rice,2230.92,,2490.2,2183.0
PR000742,2026-07-02,,,Mustard,5003.65,5690.0,5346.76,5650.0
PR001163,2026-05-13,MANDI042,Amritsar,Cotton,6332.0,7375.0,6853.29,6620.0
PR009611,2026-03-19,MANDI006,Ferozepur,Rice,2111.0,2591.0,2351.13,2183.0
PR002757,2026-05-08,MANDI048,Ferozepur,Rice,2017.65,2146.19,,2183.0
PR006722,2026-02-27,MANDI007,Moga,Cotton,5967.0,7282.0,,6620.0
PR011693,2026-06-29,MANDI046,Jalandhar,Sugarcane,3374.0,3546.55,3460.0,3500.0
PR010685,2026-07-11,MANDI051,Saharanpur,Narma,6017.81,7325.0,6671.48,6620.0
PR003245,2026-05-31,MANDI038,Kurukshetra,Chawal,2259.0,2486.41,2372.68,2183.0
PR003508,2026-04-29,MANDI029,Karnal,Makki,2054.39,2471.72,2263.06,2090.0
PR011930,2026-04-23,,Jalandhar,Cotton,6083.03,7341.32,6712.0,6620.0
PR010237,2026-06-08,MANDI056,Bareilly,Sugarcane,3467.18,4198.6,,3500.0
PR000482,2026-06-27,MANDI049,Muzaffarnagar,Mustard,5514.14,6288.0,5901.0,
PR000396,2026-01-13,MANDI044,Agra,Cotton,6359.0,7159.56,6759.49,6620.0
PR007792,2026-08-25,MANDI047,Kurukshetra,Mustard,4858.77,6046.0,5452.0,
PR007934,2026-07-06,MANDI008,Jalandhar,Sugarcane,,4467.05,4051.07,3500.0
PR000847,2026-04-17,MANDI023,Moga,Sugarcane,3104.0,3415.57,3259.7,3500.0
PR003799,2026-03-19,MANDI022,Karnal,Narma,6813.77,8303.43,7559.0,6620.0
PR007836,2026-08-04,MANDI042,Sirsa,Sarso,5154.62,6383.1,5769.0,5650.0
PR003834,2026-06-25,MANDI015,Amritsar,Wheat,2059.16,2430.62,2245.0,2275.0
PR000629,2026-03-28,MANDI028,Hisar,Maize,2074.0,2461.0,2267.07,2090.0
PR008861,2026-07-26,,Patiala,Cotton,5664.88,6613.0,6139.0,6620.0
PR006500,2026-05-28,MANDI036,Amritsar,Cotton,5930.83,6458.75,6194.79,6620.0
PR000242,2026-06-23,MANDI005,Patiala,Makki,2129.0,2468.0,2298.36,2090.0
PR010463,2026-04-19,MANDI056,Sirsa,Maize,2185.0,2499.73,2342.52,2090.0
PR004595,2026-09-09,MANDI044,Ludhiana,Rice,2148.54,2425.0,2287.0,2183.0
PR002520,2026-04-05,MANDI027,Kurukshetra,Mustard,5642.0,6937.37,6289.8,5650.0
PR008558,2026-05-24,MANDI054,Ambala,Mustard,5416.0,6062.7,5739.34,5650.0
PR005167,2026-08-22,MANDI048,Fatehabad,Wheat,2108.0,2602.79,2356.0,2275.0
PR004886,2026-01-08,MANDI048,Muzaffarnagar,Sugarcane,3203.9,3912.0,3557.96,
PR009612,2026-08-26,MANDI011,Sirsa,Narma,5825.0,6213.1,6019.03,6620.0
PR008506,2026-01-16,MANDI051,Kurukshetra,Maize,2029.11,2228.0,2129.0,2090.0
PR005965,2026-08-07,MANDI040,Kurukshetra,Maize,1861.0,2007.3,1934.0,
PR010007,2026-06-21,MANDI017,Ludhiana,Cotton,5829.0,6967.66,6398.38,
PR011142,2026-03-27,MANDI009,Ambala,Cotton,6328.0,7640.0,6984.28,6620.0
PR003692,2026-07-09,MANDI055,Kurukshetra,Mustard,4950.0,5531.0,5240.8,5650.0
PR002145,2026-03-29,MANDI052,Ferozepur,Mustard,,6830.45,6185.49,5650.0
PR011478,2026-03-27,MANDI014,Ludhiana,Cotton,6690.69,7531.94,7111.0,
PR007575,2026-03-26,MANDI037,Kurukshetra,Sugarcane,3366.0,3594.24,3479.93,
PR005614,2026-05-03,MANDI031,Sirsa,Rice,2237.33,2552.61,2395.0,2183.0
PR007339,2026-04-23,MANDI014,Ferozepur,Sugarcane,3479.94,3709.82,3594.88,3500.0
PR009822,2026-06-19,MANDI025,Bathinda,Rice,2150.53,2448.93,2299.73,2183.0
PR010421,2026-04-12,MANDI042,Ambala,Ganne,3254.58,3592.0,3423.23,3500.0
PR001958,2026-06-08,,Moga,Mustard,4970.36,5990.0,5480.29,5650.0
PR003230,2026-01-18,MANDI018,Amritsar,Wheat,2238.28,2357.94,2298.11,2275.0
PR005023,2026-01-18,MANDI038,Sirsa,Sarso,5806.8,6790.0,6298.0,5650.0
PR003091,2026-02-07,MANDI030,Amritsar,Mustard,5886.0,6964.0,6425.12,5650.0
PR003318,2026-03-26,MANDI016,Hisar,चावल,2225.53,2544.15,2384.84,2183.0
PR007045,2026-04-09,MANDI044,Kurukshetra,Makki,1968.43,2120.34,2044.38,2090.0
PR005873,2026-02-19,MANDI055,Karnal,Wheat,2126.08,2505.63,2316.0,2275.0
PR003217,2026-07-16,,,Wheat,2122.4,2642.5,2382.45,2275.0
PR008814,2026-05-01,MANDI027,Amritsar,Cotton,5688.12,6171.0,5929.7,
PR008086,2026-04-22,,Kurukshetra,Maize,1822.84,1992.0,1908.0,2090.0
PR004632,2026-03-07,MANDI032,Amritsar,Mustard,5337.0,6602.04,5969.33,5650.0
PR009274,2026-06-10,MANDI057,Moga,Cotton,6790.4,7779.81,7285.0,6620.0
PR003051,2026-06-25,MANDI014,Sirsa,Wheat,1976.7,2094.07,2035.39,2275.0
PR004962,2026-04-07,MANDI020,Karnal,Cotton,5858.0,7255.4,6556.71,6620.0
PR001644,2026-04-23,MANDI037,Ferozepur,Mustard,4995.74,5345.0,5170.27,5650.0
PR000089,2026-06-16,MANDI052,Amritsar,Maize,1796.8,2008.09,1902.44,2090.0
PR008053,2026-03-06,,,Mustard,5511.0,6057.62,5784.12,5650.0
PR001450,2026-01-28,MANDI034,Ambala,Sugarcane,3247.15,3668.96,3458.0,3500.0
PR002230,2026-08-08,MANDI010,Ambala,Sarso,,5363.0,5107.8,5650.0
PR005189,2026-02-20,MANDI017,Moga,Wheat,1994.0,2370.03,,2275.0
PR003506,2026-05-03,MANDI033,Ferozepur,Sarso,5194.89,5976.14,5585.52,
PR009448,2026-07-07,MANDI038,Bathinda,Narma,5726.0,6179.0,5952.26,
PR009462,2026-06-30,MANDI056,Bareilly,Chawal,2286.0,2585.0,2435.27,2183.0
PR005069,2026-01-02,MANDI013,Jalandhar,Rice,1993.11,2097.48,2045.29,
PR002258,2026-08-25,,Sirsa,Rice,2044.22,2540.37,2292.29,2183.0
PR011822,2026-04-02,MANDI019,Patiala,Maize,1799.62,2074.14,1937.0,2090.0
PR010097,2026-06-01,,Sirsa,Maize,2056.0,2450.0,2253.0,
PR003243,2026-06-20,MANDI014,Fatehabad,Mustard,,5970.0,5549.88,5650.0
PR009053,2026-06-23,MANDI053,Moga,Maize,2134.13,2507.93,2321.03,
PR009765,2026-01-22,MANDI002,Hisar,Sugarcane,3545.83,3962.94,3754.0,3500.0
PR005811,2026-03-09,MANDI053,Ludhiana,Sarso,5269.54,6564.45,5917.0,5650.0
PR007538,2026-06-11,MANDI045,Jalandhar,Rice,1937.0,2283.0,2110.18,2183.0
PR000814,2026-01-19,MANDI030,Ambala,Wheat,2073.0,2579.0,2325.68,2275.0
PR007607,2026-05-22,MANDI019,Ambala,Rice,1875.47,2060.09,1967.78,
PR002103,2026-05-18,MANDI032,Sirsa,Rice,2202.0,2380.66,2291.52,2183.0
PR001323,2026-07-28,MANDI032,Ambala,Maize,2061.0,2434.36,2247.61,2090.0
PR005994,2026-03-16,MANDI052,Moga,Mustard,5895.0,6725.83,6310.63,5650.0
PR005034,2026-01-18,MANDI057,Ludhiana,Ganne,3370.65,4173.23,3771.94,
PR003482,2026-05-28,MANDI002,Ludhiana,चावल,2166.63,2451.24,2309.0,2183.0
PR001060,2026-01-10,MANDI033,Ambala,Rice,2098.33,2391.65,2244.99,2183.0
PR000690,2026-04-21,MANDI025,Patiala,Wheat,2018.26,2289.0,2153.63,
PR004747,2026-02-03,MANDI048,Muzaffarnagar,Mustard,4906.0,6121.87,5514.0,5650.0
PR005655,2026-01-29,MANDI055,Ambala,Cotton,6378.71,7343.33,6861.02,6620.0
PR001767,2026-05-13,MANDI048,Fatehabad,Mustard,5511.55,6537.0,6024.06,5650.0
PR001920,2026-09-04,MANDI010,Sirsa,Sarso,5801.96,7187.0,6494.46,5650.0
PR002424,2026-03-03,MANDI029,Sirsa,Maize,1896.3,2102.28,1999.29,2090.0
PR003467,2026-07-10,MANDI022,Bathinda,Rice,1897.37,2010.0,1954.0,2183.0
PR004355,2026-01-29,MANDI022,Patiala,Cotton,6712.26,8180.0,7446.09,6620.0
PR003006,2026-02-03,MANDI030,Jalandhar,Cotton,6145.11,6677.0,6410.88,
PR002857,2026-04-20,MANDI056,Hisar,Mustard,5762.78,6844.0,6303.44,
PR000086,2026-05-04,MANDI040,Hisar,Maize,1814.95,2006.0,1911.0,2090.0
PR002462,2026-01-12,MANDI013,Ludhiana,Wheat,,2362.57,2233.0,2275.0
PR011110,2026-05-19,MANDI024,Karnal,Mustard,5531.2,6842.5,,5650.0
PR002260,2026-05-22,MANDI031,Moga,Mustard,5595.3,5963.23,5779.27,5650.0
PR002116,2026-05-10,MANDI052,Bathinda,Rice,2183.35,2683.05,2433.2,2183.0
PR006194,2026-03-25,MANDI038,Sirsa,Rice,2000.0,2366.49,,
PR007296,2026-03-02,MANDI020,Bathinda,Rice,1951.5,2257.1,2104.0,2183.0
PR009889,2026-04-13,MANDI037,Patiala,Maize,2004.0,2159.57,2081.84,
PR008854,2026-08-23,MANDI021,Ferozepur,Wheat,2310.96,2502.6,2406.78,2275.0
PR006694,2026-03-07,MANDI052,Fatehabad,Sugarcane,3144.54,3373.84,3259.0,3500.0
PR005133,2026-06-02,MANDI020,Hisar,Mustard,5033.82,5846.0,5439.88,5650.0
PR001789,2026-06-18,MANDI008,Amritsar,Narma,6913.23,8519.91,7716.57,6620.0
PR002264,2026-06-01,MANDI042,Kurukshetra,Maize,2041.0,2246.0,2144.0,2090.0
PR003562,2026-12-05,,Jalandhar,Sugarcane,3365.0,4147.08,3756.07,3500.0
PR011168,2026-04-09,MANDI024,Patiala,Rice,1894.02,2135.94,2014.98,2183.0
PR001905,2026-02-17,MANDI027,Patiala,Makki,1939.15,2058.0,1999.0,2090.0
PR005920,2026-03-24,MANDI022,Kurukshetra,Sugarcane,3279.57,4035.15,3657.0,3500.0
PR001024,2026-04-02,,Kurukshetra,Wheat,2306.72,2823.77,2565.24,2275.0
PR002744,2026-07-06,MANDI054,Bathinda,Wheat,2352.0,2572.0,2462.41,2275.0
PR004198,2026-01-19,MANDI019,Moga,Maize,1887.67,1988.78,1938.23,2090.0
PR001571,2026-05-25,MANDI001,Bathinda,Wheat,2311.52,,2485.82,2275.0
PR001242,2026-08-22,MANDI028,Bathinda,Cotton,6240.58,7203.0,6721.92,6620.0
PR009482,2026-04-26,MANDI024,Amritsar,Sugarcane,3053.71,3779.0,3416.0,3500.0
PR011775,2026-05-30,MANDI051,Bathinda,Cotton,6191.0,6602.29,6397.0,6620.0
PR006707,2026-03-30,MANDI019,Moga,Maize,1914.86,2296.75,2106.0,2090.0
PR000686,2026-07-22,MANDI035,Kurukshetra,Sugarcane,3193.0,3520.65,3356.61,
PR005649,2026-09-04,MANDI017,Kurukshetra,Mustard,4822.28,5870.59,5346.43,5650.0
PR007618,2026-03-17,MANDI011,Karnal,Mustard,5170.61,5829.11,5500.0,5650.0
PR006749,2026-01-02,MANDI034,Karnal,Makki,1804.0,1903.0,1853.31,2090.0
PR002052,2026-04-07,MANDI045,Kurukshetra,Maize,2018.0,2178.91,2098.49,
PR000926,2026-04-03,MANDI014,Amritsar,Wheat,2001.45,2479.56,2240.51,2275.0
PR010933,2026-07-11,,,Chawal,2050.93,2240.0,,2183.0
PR009790,2026-05-16,MANDI021,Ludhiana,Rice,1883.0,2089.0,1985.94,2183.0
PR000954,2026-06-27,MANDI051,Hisar,Sugarcane,3465.0,4111.0,3788.16,3500.0
PR010842,2026-08-08,MANDI007,Ferozepur,Wheat,1994.0,2151.36,2072.0,2275.0
PR009576,2026-12-03,MANDI007,Bathinda,Sarso,5894.0,6933.16,6413.54,5650.0
PR011091,2026-01-18,MANDI048,Ludhiana,Mustard,5722.0,6106.95,5914.46,
PR000553,2026-03-28,MANDI057,Patiala,Sugarcane,3554.91,3739.0,3646.82,3500.0
PR010580,2026-08-03,MANDI040,Moga,Mustard,5198.29,6365.97,5782.13,
PR005173,2026-04-29,MANDI033,Patiala,Maize,2132.77,2365.21,2248.99,
PR005432,2026-04-24,MANDI052,Ludhiana,Cotton,6389.04,6843.42,6616.0,6620.0
PR008451,2026-07-31,MANDI055,Bareilly,Sarso,4983.62,5435.0,5209.09,5650.0
PR011807,2026-01-15,MANDI055,Bathinda,Sarso,5025.03,6203.0,5614.08,5650.0
PR009855,2026-04-07,MANDI027,Ferozepur,Mustard,5350.12,5788.35,5569.0,5650.0
PR007785,2026-08-11,MANDI029,Bathinda,Mustard,5259.0,6265.0,,
PR011805,2026-03-16,MANDI020,Ferozepur,Wheat,,2363.86,2211.94,2275.0
PR009732,2026-07-07,MANDI022,Bathinda,Sugarcane,3601.0,3803.13,3702.0,3500.0
PR010814,2026-02-05,,Ludhiana,Maize,1866.89,2050.7,1959.0,2090.0
PR003545,2026-05-05,MANDI037,Jalandhar,Cotton,5958.86,7351.0,6655.0,6620.0
PR005620,2026-06-20,MANDI040,Jalandhar,Wheat,,2300.64,2168.65,2275.0
PR002407,2026-01-24,MANDI014,Ludhiana,Wheat,2075.15,2591.08,2333.12,2275.0
PR001809,2026-02-21,MANDI006,Karnal,Mustard,5370.0,6609.55,5989.98,5650.0
PR003728,2026-08-02,MANDI003,Bathinda,Maize,2110.5,2355.0,2233.0,2090.0
PR006077,2026-06-16,MANDI005,Ludhiana,Sugarcane,,3637.03,3393.95,3500.0
PR005671,2026-02-05,MANDI007,Karnal,Maize,2105.0,2280.87,2192.75,2090.0
PR001539,2026-07-20,MANDI017,,Chawal,2252.0,2593.4,2422.59,
PR005780,2026-03-03,MANDI047,Bathinda,Mustard,5162.0,5585.0,5374.0,5650.0
PR002322,2026-08-26,MANDI028,Bathinda,Sugarcane,3159.31,3937.3,3548.31,3500.0
PR006947,2026-03-02,,Fatehabad,Mustard,4953.97,6038.75,5496.0,5650.0
PR000298,2026-04-15,MANDI044,Ambala,Cotton,6891.0,8438.0,7664.66,6620.0
PR011366,2026-09-02,MANDI011,Fatehabad,Rice,1958.6,2425.3,2192.0,2183.0
PR005021,2026-05-30,MANDI006,Jalandhar,Maize,1957.2,2134.0,2045.56,2090.0
PR009102,2026-07-21,MANDI006,Hisar,Mustard,,6474.05,6012.0,
PR009631,2026-08-03,MANDI053,Jalandhar,Wheat,2091.66,2520.67,2306.0,2275.0
PR003018,2026-02-14,,Bathinda,Maize,1828.0,2212.58,2020.0,
PR008531,2026-01-18,MANDI048,Ferozepur,Rice,2264.74,2663.03,2463.89,2183.0
PR007431,2026-03-20,MANDI008,Hisar,Rice,2057.21,2264.7,2161.0,2183.0
PR005289,2026-06-16,MANDI020,Ferozepur,Cotton,6320.62,7077.7,6699.16,
PR011891,2026-07-05,,Amritsar,Maize,,2447.5,2207.49,2090.0
PR000058,2026-09-06,,Patiala,Wheat,2229.7,2597.85,2414.0,2275.0
PR005713,2026-08-08,MANDI003,Kurukshetra,Wheat,2025.31,,2164.0,2275.0
PR002396,2026-01-17,MANDI054,Ambala,Sugarcane,3169.89,3717.08,3443.49,3500.0
PR009521,2026-05-18,MANDI057,Patiala,Maize,,2284.8,2125.53,2090.0
PR000810,2026-10-07,,Sirsa,Cotton,6597.81,7967.0,7282.0,
PR009255,2026-04-17,MANDI022,Ferozepur,Chawal,1990.0,2303.05,2147.0,2183.0
PR007638,2026-01-04,MANDI047,Kurukshetra,Maize,2065.5,2331.24,,2090.0
PR009229,2026-06-19,MANDI035,Fatehabad,Cotton,6034.56,7050.0,6542.0,6620.0
PR009061,2026-06-20,MANDI040,Hisar,Wheat,2253.72,2675.02,2464.37,2275.0
PR008997,2026-01-31,MANDI015,Moga,Maize,2106.0,2295.2,2201.0,2090.0
PR001051,2026-08-10,MANDI011,Bathinda,Maize,1791.74,2233.0,2012.0,2090.0
PR005740,2026-06-10,MANDI022,Fatehabad,Sugarcane,3037.0,3537.0,3287.0,3500.0
PR011837,2026-08-21,MANDI031,Amritsar,Wheat,2265.11,2674.0,2469.0,
PR002383,2026-01-15,,Hisar,Rice,1899.71,2112.73,2006.22,2183.0
PR010944,2026-03-02,MANDI032,Amritsar,Ganne,3590.49,4035.88,3813.0,3500.0
PR005241,2026-07-26,MANDI021,Ambala,Chawal,2138.53,2595.0,2366.54,
PR005978,2026-01-03,MANDI008,Amritsar,Narma,6766.96,,7130.0,6620.0
PR002922,2026-01-08,MANDI021,Karnal,Narma,5863.0,7321.69,6592.26,6620.0
PR004305,2026-07-24,MANDI025,Bathinda,Mustard,5881.81,6976.0,6428.66,5650.0
PR008621,2026-03-17,MANDI021,Ferozepur,Cotton,5753.0,7090.0,6421.48,6620.0
PR001219,2026-05-12,MANDI002,Kurukshetra,Ganne,3081.95,3490.96,3286.46,3500.0
PR008738,2026-06-17,MANDI045,Amritsar,Rice,2262.69,2797.11,2529.9,2183.0
PR004391,2026-06-26,,Bathinda,Rice,2219.21,2353.57,2286.39,
PR003904,2026-05-04,MANDI042,Kurukshetra,Chawal,1936.0,2345.89,2141.11,2183.0
PR003020,2026-07-08,MANDI006,Sirsa,Rice,1949.51,2249.75,2099.63,2183.0
PR011180,2026-07-21,,Fatehabad,Mustard,5750.59,6135.47,5943.03,5650.0
PR006603,2026-07-22,MANDI034,Sirsa,Rice,2128.87,2614.77,2372.0,
PR004367,2026-03-08,MANDI056,Moga,Maize,1825.16,1977.0,1901.0,2090.0
PR005215,2026-02-24,MANDI039,Moga,Mustard,5327.43,6491.44,5909.44,5650.0
PR009817,2026-05-29,,,Maize,1926.57,2364.08,2145.32,2090.0
PR006733,2026-02-25,MANDI005,Ferozepur,Maize,2004.0,2228.97,2116.67,2090.0
PR000961,2026-02-05,MANDI044,Ludhiana,Rice,1959.59,2235.0,2097.0,2183.0
PR009186,2026-07-25,MANDI023,Ludhiana,Sugarcane,3375.99,3765.0,3570.38,
PR010542,2026-02-24,MANDI047,Ferozepur,Ganne,,3716.23,3557.03,
PR011510,2026-01-15,,Karnal,Mustard,5513.0,5874.0,5694.0,
PR009574,2026-05-06,MANDI029,Kurukshetra,Cotton,6441.0,7011.45,6726.13,6620.0
PR008030,2026-05-17,MANDI027,Patiala,Cotton,6711.0,7151.0,6930.82,6620.0
PR008335,2026-01-17,MANDI015,Sirsa,Sarso,5586.0,6946.87,6266.36,5650.0
PR009625,2026-02-14,MANDI021,Fatehabad,Maize,2082.61,2569.0,2325.63,2090.0
PR006504,2026-01-15,MANDI047,Kurukshetra,Cotton,6716.35,7922.0,7319.07,6620.0
PR004062,2026-05-05,MANDI014,Amritsar,Mustard,4975.0,6161.21,5568.03,5650.0
PR011274,2026-02-07,MANDI021,Jalandhar,Maize,1987.84,2236.0,2111.67,
PR005599,2026-02-24,,,Rice,,2236.0,2121.45,2183.0
PR005367,2026-04-27,MANDI052,Saharanpur,Sugarcane,,3252.0,3158.52,3500.0
PR006841,2026-07-21,MANDI042,Hisar,Maize,2086.16,2583.49,2334.83,2090.0
PR009610,2026-01-17,MANDI051,Amritsar,Cotton,6293.81,6784.48,6539.15,
PR006016,2026-07-05,MANDI037,Ferozepur,Rice,1897.22,2183.0,2039.88,2183.0
PR003049,2026-03-27,MANDI010,Sirsa,Rice,2147.97,2613.95,2380.96,2183.0
PR006881,2026-07-22,MANDI035,Ludhiana,Mustard,5199.08,5813.0,5506.0,5650.0
PR007140,2026-04-17,MANDI044,Amritsar,Cotton,5695.71,6807.51,6251.61,6620.0
PR003758,2026-07-06,MANDI027,Hisar,Sugarcane,3503.0,4360.37,3931.9,3500.0
PR010062,2026-08-30,MANDI026,Karnal,Sugarcane,3499.29,4269.5,3884.0,
PR002484,2026-05-18,MANDI042,Moga,Cotton,6310.19,7542.4,6926.29,6620.0
PR003343,2026-03-22,MANDI012,Patiala,Rice,1989.0,2317.0,2152.88,2183.0
PR000883,2026-02-26,MANDI036,Amritsar,Sarso,5093.27,6245.07,5669.0,
PR000682,2026-02-22,,Karnal,Wheat,1967.43,,,2275.0
PR005171,2026-06-26,MANDI049,Fatehabad,Rice,2001.79,2270.5,2136.0,2183.0
PR004449,2026-08-30,MANDI053,Sirsa,Cotton,5646.13,6191.78,5918.96,6620.0
PR001467,2026-07-29,MANDI040,Sirsa,Wheat,2363.73,2562.0,2462.62,2275.0
PR005428,2026-09-02,MANDI007,Karnal,Maize,2026.22,2446.85,2237.0,2090.0
PR006527,2026-04-05,MANDI057,Ferozepur,Rice,2170.0,2314.79,2242.29,2183.0
PR007426,2026-08-09,MANDI021,Ludhiana,Rice,2190.15,2641.07,2415.61,2183.0
PR005807,2026-08-15,MANDI020,Jalandhar,Mustard,5886.17,7164.32,6525.25,5650.0
PR003255,2026-06-10,MANDI007,Amritsar,Cotton,5662.26,6878.0,6270.0,6620.0
PR002222,2026-08-04,MANDI035,Ambala,Cotton,6296.0,7431.45,6863.68,6620.0
PR011934,2026-07-31,MANDI048,Hisar,Wheat,2248.0,2629.66,2438.64,2275.0
PR009196,2026-08-24,MANDI024,Ferozepur,Ganne,3154.7,3694.02,3424.36,3500.0
PR007078,2026-05-14,MANDI036,Sirsa,Chawal,1968.0,2092.0,2030.0,2183.0
PR009314,2026-08-07,MANDI037,Ludhiana,Mustard,5915.53,6745.31,6330.42,5650.0
PR006073,2026-01-18,MANDI001,Moga,Wheat,2236.0,2704.67,,2275.0
PR009067,2026-09-07,MANDI002,Ferozepur,Chawal,2128.97,2346.06,2238.0,2183.0
PR002093,2026-03-19,MANDI005,Bathinda,Cotton,6112.87,6702.79,6407.83,6620.0
PR011728,2026-03-11,MANDI054,Patiala,Maize,2057.57,2262.24,2160.0,2090.0
PR002587,2026-08-18,MANDI024,Patiala,Sarso,5349.88,5798.0,5574.03,5650.0
PR011999,2026-05-07,MANDI010,Hisar,Rice,2078.0,2392.0,2235.26,2183.0
PR008221,2026-04-26,MANDI051,Saharanpur,Makki,1833.5,2221.14,2027.0,2090.0
PR004498,2026-07-09,MANDI003,Ambala,Sugarcane,3509.59,4050.39,3780.0,3500.0
PR007196,2026-06-07,MANDI010,Moga,Wheat,2368.03,2649.7,2508.87,2275.0
PR006171,2026-08-24,MANDI039,Karnal,Maize,2034.72,2312.0,2173.14,2090.0
PR011649,2026-06-29,MANDI037,Moga,Narma,5686.32,6201.18,5943.75,
PR001952,2026-06-23,MANDI038,Ludhiana,Maize,2015.0,2368.0,2191.56,2090.0
PR009833,2026-01-14,MANDI011,Sirsa,Rice,1978.52,2136.87,2058.0,2183.0
PR011928,2026-08-30,MANDI016,Ambala,Wheat,2102.99,2460.0,2281.66,2275.0
PR004504,2026-08-27,MANDI007,Amritsar,Maize,1900.0,2359.0,2129.66,2090.0
PR006045,2026-09-07,MANDI022,Kurukshetra,Cotton,5673.36,6143.53,5908.45,6620.0
PR005156,2026-07-03,MANDI009,Ferozepur,Wheat,2250.0,2797.94,2524.0,2275.0
PR003944,2026-09-07,MANDI001,Fatehabad,Wheat,2157.8,2362.0,2260.0,2275.0
PR001012,2026-04-28,MANDI056,Kurukshetra,Cotton,6500.0,7261.59,6881.0,6620.0
PR002089,2026-03-28,MANDI057,Hisar,Mustard,5908.0,6453.25,6180.0,5650.0
PR003830,2026-06-01,MANDI044,Fatehabad,Wheat,1986.0,2445.87,2216.0,2275.0
PR003551,2026-08-08,MANDI035,Ludhiana,Rice,2007.36,2370.0,2188.78,
PR004057,2026-03-10,MANDI034,Bathinda,Maize,1881.93,2140.69,2011.31,
PR001685,2026-06-25,MANDI008,Kurukshetra,Narma,6387.04,7151.74,6769.0,6620.0
PR010464,2026-01-13,MANDI047,Jalandhar,Makki,1813.0,2134.0,1973.57,2090.0
PR002476,2026-06-04,MANDI020,Ambala,Sugarcane,3478.48,3953.0,,3500.0
PR007010,2026-06-13,MANDI015,Moga,Rice,2006.36,2481.0,2244.0,
PR002246,2026-03-02,MANDI039,Amritsar,Rice,2129.0,2652.0,2390.0,2183.0
PR004532,2026-07-03,MANDI026,Karnal,Sugarcane,3602.0,4343.71,3972.76,3500.0
PR000917,2026-04-19,MANDI050,Moga,Narma,5703.96,7076.81,6390.38,6620.0
PR011025,2026-07-23,MANDI001,Ludhiana,Sugarcane,3526.0,3926.23,3726.1,3500.0
PR001325,2026-09-02,MANDI008,Ludhiana,Wheat,2113.71,,2362.86,2275.0
PR001994,2026-06-11,MANDI017,Patiala,Maize,2102.17,2550.61,2326.39,2090.0
PR011206,2026-02-26,MANDI008,Kurukshetra,Mustard,5917.93,6780.0,6349.0,5650.0
PR003427,2026-05-24,MANDI016,Sirsa,Chawal,2031.0,2330.59,2181.0,
PR007660,2026-03-15,MANDI008,Amritsar,Narma,6002.0,7352.19,6677.0,6620.0
PR004324,2026-01-18,MANDI022,Hisar,Maize,2132.0,2525.63,2329.02,2090.0
PR003315,2026-01-16,MANDI037,Jalandhar,Mustard,5419.57,6059.0,5739.0,
PR007588,2026-01-23,MANDI023,Fatehabad,Narma,5693.26,6315.0,6003.91,6620.0
PR010757,2026-01-22,MANDI041,Jalandhar,Cotton,6407.0,7554.0,6980.0,6620.0
PR006271,2026-09-09,MANDI030,Moga,Maize,2107.76,2221.0,2164.42,
PR006192,2026-04-19,MANDI006,Bathinda,Mustard,5479.0,6313.26,5896.09,5650.0
PR007166,2026-08-18,MANDI007,Hisar,Rice,2158.0,2273.92,2216.0,2183.0
PR011695,2026-05-16,MANDI001,Ludhiana,Wheat,2035.0,2305.73,2170.32,
PR003429,2026-09-02,,Patiala,Mustard,5781.0,6279.57,6030.47,5650.0
PR001111,2026-07-16,MANDI057,Moga,Wheat,2172.84,2490.28,,
PR005718,2026-01-21,MANDI046,Bathinda,Makki,2153.51,2616.0,2384.52,2090.0
PR007953,2026-02-11,MANDI054,Amritsar,Cotton,6563.0,8049.32,7305.99,6620.0
PR010622,2026-02-18,,Bathinda,चावल,1869.0,2110.28,1989.59,2183.0
PR005382,2026-07-17,MANDI040,Jalandhar,Cotton,6682.08,7750.88,7216.0,6620.0
PR007619,2026-02-26,MANDI041,Kurukshetra,Maize,2160.0,2348.0,2253.77,2090.0
PR003466,2026-01-13,MANDI023,Bathinda,Rice,2199.29,2559.37,2379.0,2183.0
PR002590,2026-04-17,MANDI034,Ambala,Rice,2186.73,2357.0,2271.99,2183.0
PR000973,2026-02-08,MANDI031,Sirsa,Sugarcane,3130.8,3744.72,3438.0,3500.0
PR001493,2026-02-15,MANDI026,Kurukshetra,Sugarcane,3137.0,,3515.0,3500.0
PR011329,2026-02-19,MANDI022,Kurukshetra,Wheat,2183.89,2400.0,2291.75,2275.0
PR011794,2026-03-25,MANDI011,Moga,Wheat,2170.28,,2384.0,2275.0
PR008107,2026-02-03,MANDI012,Hisar,Wheat,2267.39,2786.7,2527.05,2275.0
PR003090,2026-08-01,MANDI037,Amritsar,Mustard,5741.0,6230.13,5986.0,5650.0
PR010509,2026-01-23,MANDI003,Ludhiana,Ganne,3546.18,4138.0,3842.0,3500.0
PR003052,2026-04-26,MANDI014,Patiala,Wheat,2067.68,2192.77,2130.22,2275.0
PR005228,2026-03-22,MANDI037,Patiala,Rice,,2270.76,2071.6,2183.0
PR009173,2026-04-23,,Bathinda,Maize,2153.0,2322.38,2237.6,
PR007622,2026-09-09,MANDI039,Hisar,Narma,6493.17,7377.81,6935.49,6620.0
PR003975,2026-08-13,MANDI003,Jalandhar,Narma,6266.03,6764.18,6515.0,6620.0
PR007316,2026-06-11,MANDI015,Ludhiana,Maize,2143.0,2431.62,2287.0,2090.0
PR003994,2026-05-25,MANDI014,Kurukshetra,Chawal,1917.6,2142.07,2029.84,2183.0
PR001086,2026-08-24,MANDI055,Karnal,Makki,1883.0,2101.0,1991.97,2090.0
PR009079,2026-07-01,MANDI012,Hisar,Wheat,2107.07,2275.0,2190.99,2275.0
PR007608,2026-09-08,MANDI031,Patiala,Wheat,2069.37,2493.87,2281.62,
PR003405,2026-09-04,MANDI012,Bathinda,Mustard,5392.0,5901.96,5646.98,
PR005889,2026-05-23,MANDI018,Jalandhar,Wheat,2314.0,2845.18,2579.0,2275.0
PR007483,2026-04-13,MANDI030,Sirsa,Wheat,2264.46,2774.68,2519.57,2275.0
PR001974,2026-05-18,,Ludhiana,Wheat,2154.89,2523.23,2339.0,2275.0
PR010461,2026-04-01,,Karnal,Rice,2040.0,,2211.59,2183.0
PR005290,2026-06-25,MANDI052,Amritsar,Sugarcane,3004.0,3326.51,3165.04,
PR002276,2026-01-23,MANDI003,Hisar,Wheat,2053.0,,2290.0,2275.0
PR004218,2026-06-22,MANDI004,Ludhiana,Sugarcane,3238.15,3443.26,3340.71,3500.0
PR004274,2026-03-22,MANDI029,Moga,Ganne,3253.0,3936.0,3594.22,
PR003524,2026-03-06,MANDI054,Sirsa,Sarso,5776.0,6173.74,,5650.0
PR001764,2026-08-04,MANDI049,Fatehabad,Cotton,6496.01,,6680.79,
PR010496,2026-02-16,MANDI037,Jalandhar,Wheat,2210.77,2396.0,2303.46,
PR007487,2026-08-19,MANDI037,Jalandhar,Cotton,6329.47,7260.25,6794.86,6620.0
PR009383,2026-04-08,MANDI021,Sirsa,Wheat,2275.46,2766.0,2520.9,2275.0
PR001400,2026-01-26,MANDI036,Patiala,Cotton,6462.42,,7259.69,
PR008348,2026-08-16,MANDI048,Amritsar,Mustard,5311.8,6327.23,5819.52,5650.0
PR004696,2026-03-11,MANDI020,Patiala,Makki,1964.0,2149.7,2057.0,2090.0
PR005206,2026-07-03,,Hisar,Cotton,6670.45,7146.0,6908.43,6620.0
PR004038,2026-09-02,MANDI001,Bathinda,Rice,1877.0,2312.53,2094.75,2183.0
PR007072,2026-03-06,MANDI033,Sirsa,Makki,1810.96,2164.62,1987.79,
PR003770,2026-06-26,MANDI043,Ferozepur,Sugarcane,3505.0,3695.09,3600.14,3500.0
PR007482,2026-01-02,MANDI037,Kurukshetra,Makki,2171.14,2329.07,2250.0,2090.0
PR001584,2026-04-02,MANDI057,Kurukshetra,Rice,2092.45,2282.19,2187.32,2183.0
PR011919,2026-02-28,MANDI024,Kurukshetra,Rice,2061.42,2199.0,2130.0,2183.0
PR000521,2026-01-04,MANDI053,Amritsar,Wheat,1957.28,2097.0,2027.0,2275.0
PR005763,2026-01-16,MANDI032,Patiala,Sugarcane,3498.0,3954.92,3726.33,3500.0
PR003781,2026-01-31,,,Sugarcane,3524.0,3903.81,3713.72,3500.0
PR001635,2026-08-17,MANDI027,Jalandhar,Ganne,3111.0,3371.22,3241.0,3500.0
PR010820,2026-01-29,MANDI053,Moga,Sugarcane,3647.2,4022.68,3834.94,3500.0
PR004197,2026-03-22,MANDI039,Fatehabad,Mustard,5436.0,5834.98,5636.0,5650.0
PR005951,2026-05-04,MANDI003,Moga,Maize,1851.0,1943.74,1897.27,2090.0
PR002941,2026-08-04,MANDI034,Amritsar,Wheat,2278.84,2821.36,2550.0,
PR001982,2026-04-30,MANDI057,Kurukshetra,Cotton,6799.0,8184.27,7491.7,6620.0
PR000829,2026-10-08,MANDI018,Kurukshetra,Maize,1832.03,,1990.0,2090.0
PR000981,2026-06-24,MANDI012,Bathinda,Mustard,,,5975.04,
PR009538,2026-02-11,MANDI028,Moga,Mustard,5546.87,6423.39,,5650.0
PR002795,2026-04-02,MANDI010,Amritsar,चावल,2202.03,2320.21,2261.12,2183.0
PR006304,2026-02-17,MANDI013,Sirsa,Maize,1851.0,2061.0,1956.38,2090.0
PR004947,2026-05-17,MANDI054,Jalandhar,Maize,,1948.45,1867.08,2090.0
PR000280,2026-08-27,MANDI042,Fatehabad,Makki,2160.0,2681.77,2421.0,2090.0
PR003141,2026-01-22,MANDI034,Ferozepur,Maize,1791.72,2111.04,1951.38,2090.0
PR002136,2026-07-27,MANDI016,Sirsa,Narma,5945.24,6753.74,6349.49,6620.0
PR001039,2026-02-09,MANDI056,Hisar,Narma,,6862.1,6442.65,
PR006063,2026-06-18,MANDI008,Moga,Wheat,2287.0,2641.0,2464.25,
PR000801,2026-02-08,MANDI033,Fatehabad,Sarso,5565.88,6098.87,5832.37,5650.0
PR002291,2026-04-23,MANDI030,Moga,Narma,6941.89,8433.0,7687.58,6620.0
PR004669,2026-08-11,MANDI045,Moga,Ganne,3133.0,3916.0,3524.0,3500.0
PR000472,2026-08-28,MANDI053,Sirsa,Cotton,6254.0,7548.0,6901.27,6620.0
PR003364,2026-04-23,MANDI013,Bathinda,Maize,1861.0,2003.0,1932.0,2090.0
PR001435,2026-01-20,MANDI046,Jalandhar,Cotton,6231.68,7602.18,6917.0,
PR003555,2026-03-16,MANDI012,Amritsar,Sarso,4908.7,5537.91,5223.0,
PR000575,2026-02-02,MANDI003,Amritsar,Mustard,4881.0,5734.0,5307.63,5650.0
PR000029,2026-07-09,MANDI002,Karnal,Rice,2031.65,2363.99,2197.82,2183.0
PR010493,2026-01-26,MANDI019,Ludhiana,Sugarcane,3667.41,4420.56,4043.99,3500.0
PR010281,2026-08-08,MANDI027,Moga,चावल,2168.0,2520.0,2344.14,2183.0
PR001533,2026-08-31,MANDI013,Kurukshetra,Chawal,2270.81,2672.28,2471.54,2183.0
PR000516,2026-02-06,MANDI001,Moga,Rice,2013.86,2409.01,2211.43,2183.0
PR009408,2026-03-17,MANDI030,Moga,Maize,2031.0,2417.14,2224.0,2090.0
PR011547,2026-04-30,MANDI037,Kurukshetra,Wheat,2317.87,2533.0,2425.51,
PR001515,2026-08-17,MANDI015,Ludhiana,Maize,1835.04,1976.0,1905.35,2090.0
PR000096,2026-04-27,MANDI003,Ferozepur,Sugarcane,,3836.0,,3500.0
PR006676,2026-08-25,MANDI014,Patiala,Rice,1915.26,2344.11,2129.69,2183.0
PR009924,2026-08-12,MANDI028,Fatehabad,Sugarcane,3351.0,3543.36,3447.3,3500.0
PR006945,2026-08-29,MANDI034,Ambala,Rice,2011.34,2428.04,2220.0,
PR011362,2026-07-12,MANDI020,Bathinda,Sugarcane,3091.0,3298.34,3194.49,
PR004981,2026-02-11,MANDI017,,Cotton,6365.88,,6652.57,6620.0
PR005855,2026-01-29,MANDI054,Sirsa,Maize,2044.0,2475.68,2260.0,2090.0
PR008770,2026-06-25,MANDI047,Bathinda,Sugarcane,3303.0,4072.9,3688.06,3500.0
PR009604,2026-01-30,MANDI032,Karnal,Wheat,1990.95,2463.87,2227.41,
PR004828,2026-04-10,MANDI038,Hisar,Ganne,3055.38,3392.9,3224.0,3500.0
PR006483,2026-08-16,MANDI044,Ludhiana,Sugarcane,3160.17,3461.55,3311.0,3500.0
PR006197,2026-07-19,MANDI037,Kurukshetra,Sugarcane,,,3293.0,
PR010268,2026-02-23,,Moga,Wheat,1949.0,2267.08,2108.0,2275.0
PR003489,2026-08-22,MANDI006,Sirsa,Sugarcane,3052.24,3423.85,3238.0,3500.0
PR006463,2026-04-21,MANDI013,Amritsar,Sarso,5561.0,6799.33,6180.3,5650.0
PR002049,2026-02-25,MANDI026,Hisar,Maize,1853.0,1998.65,1925.7,2090.0
PR006373,2026-02-06,MANDI001,Moga,Mustard,,6438.0,5835.1,5650.0
PR009371,2026-06-11,MANDI052,Jalandhar,Rice,2016.0,2449.3,2232.6,2183.0
PR010300,2026-04-21,MANDI027,Amritsar,Cotton,,7025.27,6695.01,6620.0
PR007882,2026-02-03,MANDI035,Sirsa,Mustard,5531.16,5983.21,5757.0,5650.0
PR002792,2026-07-17,MANDI026,Patiala,Narma,6735.52,,7416.0,6620.0
PR003172,2026-05-06,MANDI031,Ludhiana,Wheat,2039.99,2149.34,2094.67,2275.0
PR008860,2026-06-19,MANDI017,Bathinda,Maize,1976.0,2229.45,,2090.0
PR001699,2026-07-26,MANDI041,Karnal,Sugarcane,3177.0,3584.67,3381.0,3500.0
PR002726,2026-04-08,,Karnal,Sugarcane,3245.0,3437.0,3341.04,3500.0
PR001152,2026-09-06,MANDI012,Patiala,Cotton,6279.1,6613.81,,6620.0
PR004900,2026-07-13,MANDI054,Sirsa,Sarso,5337.0,6628.56,5983.0,5650.0
PR001376,2026-09-09,MANDI054,Saharanpur,Wheat,,2289.85,2198.0,2275.0
PR004104,2026-03-20,MANDI036,Jalandhar,Rice,1874.49,2137.62,2006.06,2183.0
PR010076,2026-02-10,MANDI008,Ludhiana,Cotton,6650.0,7017.7,6834.0,6620.0
PR005984,2026-03-11,MANDI025,Fatehabad,Ganne,3189.66,3803.95,3496.8,
PR003127,2026-08-29,,Patiala,Maize,1942.0,2363.0,,2090.0
PR010983,2026-01-04,MANDI046,Ludhiana,Cotton,5889.6,6645.0,6267.32,6620.0
PR011671,2026-03-09,MANDI043,Moga,Maize,2131.91,2622.8,2377.0,2090.0
PR002151,2026-05-29,MANDI025,Ambala,चावल,2043.34,,2259.74,2183.0
PR010010,2026-04-24,MANDI036,Hisar,Maize,2075.75,2192.66,2134.21,2090.0
PR011298,2026-04-29,MANDI027,Ludhiana,Maize,2067.99,2191.0,2129.69,2090.0
PR008836,2026-05-29,MANDI028,Jalandhar,Maize,1985.0,2416.35,2200.0,2090.0
PR001275,2026-01-13,,Fatehabad,Mustard,,6501.43,5903.72,5650.0
PR006584,2026-01-09,MANDI032,Fatehabad,Rice,2236.97,2733.68,2485.32,
PR005554,2026-02-19,MANDI056,Bathinda,चावल,2060.57,2388.43,2224.0,2183.0
PR002327,2026-08-17,MANDI010,Hisar,Wheat,2242.0,2496.13,2369.13,2275.0
PR011997,2026-03-31,MANDI025,Patiala,Cotton,6536.0,7219.34,6877.45,6620.0
PR007016,2026-03-16,MANDI028,Ludhiana,Rice,1920.48,2073.0,1997.0,2183.0
PR009698,2026-05-26,MANDI029,Sirsa,Cotton,5847.58,6403.0,6125.38,6620.0
PR003352,2026-05-16,MANDI049,Ambala,Maize,1872.98,2319.88,2096.0,
PR009023,2026-06-02,MANDI050,Jalandhar,Sarso,5915.57,6572.49,6244.03,5650.0
PR008544,2026-04-11,MANDI024,Sirsa,Maize,2163.46,2661.0,2412.36,2090.0
PR001392,2026-01-12,MANDI027,Amritsar,Rice,2144.84,2446.51,2295.67,2183.0
PR004802,2026-05-21,MANDI055,Amritsar,Sugarcane,3208.0,3933.14,3570.65,3500.0
PR007150,2026-01-12,MANDI024,Ambala,चावल,2108.53,2624.73,2366.63,2183.0
PR006993,2026-05-17,MANDI021,Jalandhar,Wheat,2242.0,2794.65,2518.0,2275.0
PR007573,2026-02-13,MANDI007,Patiala,Makki,2052.72,2207.57,2130.14,2090.0
PR011191,2026-08-04,MANDI041,Fatehabad,Cotton,6116.81,6468.0,,6620.0
PR005408,2026-02-28,MANDI026,Fatehabad,Ganne,3580.0,3899.7,3740.06,3500.0
PR004143,2026-06-25,MANDI057,Sirsa,Rice,1915.0,2109.37,2012.2,2183.0
PR008812,2026-05-19,MANDI034,Ferozepur,Maize,2103.0,2356.69,2230.0,
PR011582,2026-06-23,,Ferozepur,Maize,2192.0,2579.98,2386.03,2090.0
PR004761,2026-04-18,MANDI017,,Makki,1879.0,2016.4,1948.0,2090.0
PR006160,2026-04-18,MANDI007,Bathinda,Cotton,6894.95,7541.0,7218.0,6620.0
PR003265,2026-06-01,MANDI056,Sirsa,Rice,1987.6,2447.13,2217.37,2183.0
PR002406,2026-02-27,MANDI032,Bathinda,Ganne,3041.31,3632.96,3337.14,
PR008366,2026-07-07,MANDI030,Moga,Wheat,2078.0,2480.98,2279.56,2275.0
PR003347,2026-03-19,MANDI057,Karnal,Rice,2183.09,2295.0,2239.0,2183.0
PR007698,2026-03-21,MANDI022,Kurukshetra,Sugarcane,3496.85,3793.0,3645.0,3500.0
PR004607,2026-04-08,MANDI039,Bathinda,Mustard,4884.87,5517.3,,5650.0
PR011060,2026-04-26,MANDI029,Sirsa,Rice,2180.95,2545.99,2363.0,2183.0
PR005481,2026-06-04,MANDI015,Karnal,Rice,,2645.28,2466.77,2183.0
PR009245,2026-01-26,MANDI017,Fatehabad,Sarso,5246.58,6486.51,5866.55,5650.0
PR007231,2026-03-09,MANDI049,Fatehabad,Mustard,5103.33,5388.32,,5650.0
PR006784,2026-05-20,MANDI007,Jalandhar,Wheat,2174.26,2625.56,2400.0,2275.0
PR000498,2026-07-21,MANDI009,Sirsa,Ganne,3266.32,3463.77,3365.04,3500.0
PR000540,2026-08-10,MANDI030,Sirsa,Sarso,5711.99,6330.49,,5650.0
PR008302,2026-06-05,,Sirsa,Rice,2112.56,2556.4,2334.48,2183.0
PR003886,2026-03-05,MANDI015,Ferozepur,Sugarcane,3107.83,3727.53,3417.68,3500.0
PR003578,2026-04-16,MANDI033,Sirsa,Sugarcane,3514.0,3945.0,3729.31,3500.0
PR004318,2026-03-02,MANDI021,Sirsa,Maize,2072.98,2207.13,2140.05,2090.0
PR002657,2026-05-01,MANDI056,Bathinda,Sugarcane,3498.2,4023.0,3761.0,3500.0
PR004724,2026-04-06,,Kurukshetra,Wheat,2109.12,2348.6,2228.86,
PR007145,2026-09-09,MANDI018,Hisar,Rice,,2355.23,2145.12,2183.0
PR000055,2026-03-28,MANDI039,Fatehabad,Wheat,1948.11,2382.31,2165.21,2275.0
PR006488,2026-05-16,MANDI038,Hisar,Rice,2064.43,2208.62,2136.53,2183.0
PR011882,2026-07-16,MANDI046,Ludhiana,Sugarcane,3020.37,3643.76,3332.07,3500.0
PR007005,2026-06-05,MANDI051,Saharanpur,Rice,2186.71,2530.0,2358.58,2183.0
PR005903,2026-08-30,MANDI040,Ludhiana,Sugarcane,3315.63,4115.66,3716.0,3500.0
PR007436,2026-03-12,MANDI003,Patiala,Rice,2193.04,2445.34,2319.19,2183.0
PR011242,2026-04-18,MANDI040,Fatehabad,Maize,2113.0,2388.0,2250.52,2090.0
PR006360,2026-06-02,MANDI009,Karnal,Maize,,2152.2,1977.96,2090.0
PR005656,2026-05-21,MANDI025,Karnal,Wheat,2131.92,2380.08,2256.0,
PR005834,2026-05-16,MANDI026,Jalandhar,Cotton,5980.0,7445.44,6712.87,6620.0
PR004321,2026-02-01,MANDI041,Moga,Wheat,2131.54,2644.49,2388.0,2275.0
PR009395,2026-08-25,MANDI012,Moga,Wheat,2372.64,2706.0,2539.0,2275.0
PR003490,2026-02-14,,Amritsar,Wheat,2381.0,2623.77,,2275.0
PR010297,2026-03-19,MANDI045,Jalandhar,Rice,1959.38,2292.74,2126.06,
PR003205,2026-04-10,MANDI043,Fatehabad,Maize,1917.71,2232.0,2075.0,2090.0
PR006120,2026-12-03,MANDI025,Karnal,Rice,2028.28,2454.2,2241.0,2183.0
PR006138,2026-06-21,MANDI008,Amritsar,Rice,1936.0,2102.84,2019.5,2183.0
PR005989,2026-06-26,MANDI005,Amritsar,Ganne,,3525.0,3274.7,3500.0
PR003653,2026-02-08,MANDI017,,Sugarcane,3430.0,3718.49,3574.06,3500.0
PR007594,2026-07-17,MANDI052,Hisar,Mustard,5616.11,5915.0,5766.0,5650.0
PR002450,2026-03-01,MANDI003,Moga,Mustard,5205.62,,5717.33,5650.0
PR002967,2026-02-26,MANDI025,Karnal,चावल,2258.35,2465.93,2362.0,
PR002244,2026-04-18,MANDI024,Karnal,Maize,2114.0,2580.95,2347.0,2090.0
PR002996,2026-06-01,MANDI008,Amritsar,Mustard,4937.0,5746.0,5341.26,5650.0
PR004139,2026-02-25,,Sirsa,Mustard,5157.01,6436.0,5796.41,5650.0
PR011201,2026-08-14,MANDI043,Agra,Wheat,2058.0,2386.14,2222.17,2275.0
PR005553,2026-02-04,MANDI001,Ludhiana,Wheat,2183.32,2698.89,2441.1,2275.0
PR009517,2026-02-11,MANDI033,Patiala,Mustard,5591.3,6037.0,5813.95,5650.0
PR008577,2026-05-25,MANDI018,Sirsa,Cotton,6323.33,6765.05,6544.19,6620.0
PR000922,2026-04-10,MANDI025,Fatehabad,Maize,1936.48,2324.87,2131.0,2090.0
PR006891,2026-07-02,MANDI010,Jalandhar,Sugarcane,3606.63,4345.81,3976.22,3500.0
PR006634,2026-05-24,,,Wheat,1941.72,2337.68,,2275.0
PR006830,2026-08-23,MANDI051,Saharanpur,Sugarcane,3029.78,3384.0,3207.01,
PR008400,2026-07-18,MANDI018,Hisar,Mustard,5624.02,6710.4,6167.21,5650.0
PR003561,2026-04-07,MANDI051,Ludhiana,Rice,2171.24,2437.46,2304.0,2183.0
PR004434,2026-01-25,MANDI007,Bathinda,Cotton,5699.88,7099.0,6399.0,6620.0
PR000543,2026-07-11,MANDI010,Karnal,Wheat,1987.0,2323.77,2155.35,2275.0
PR005885,2026-05-01,MANDI035,Karnal,Wheat,2270.0,2572.29,2421.3,2275.0
PR007134,2026-06-08,MANDI042,Fatehabad,Cotton,6843.53,7428.23,7135.88,6620.0
PR000941,2026-04-25,MANDI055,Bareilly,Maize,1821.62,2046.92,1934.0,2090.0
PR001188,2026-09-06,,Ludhiana,Maize,1865.46,,2062.15,
PR007975,2026-02-22,MANDI040,Ambala,Maize,1897.0,2334.93,2115.82,2090.0
PR007725,2026-07-19,MANDI057,Fatehabad,Narma,6169.9,7524.0,6846.88,6620.0
PR007130,2026-03-14,MANDI021,Kurukshetra,Cotton,6544.37,,7066.98,6620.0
PR000792,2026-05-08,MANDI042,Moga,Rice,1953.54,2327.46,2140.5,2183.0
PR008600,2026-07-11,,Ferozepur,Cotton,,7146.47,6709.58,6620.0
PR004561,2026-03-24,MANDI046,Bathinda,Rice,2229.72,2343.35,2286.54,2183.0
PR006027,2026-08-22,MANDI007,Ludhiana,Mustard,5896.49,6489.77,6193.0,
PR001289,2026-08-21,MANDI013,Ambala,Wheat,2353.25,2642.95,2498.0,2275.0
PR007863,2026-03-14,MANDI003,Bathinda,Mustard,5487.0,6567.74,6027.31,5650.0
PR004715,2026-02-07,MANDI006,Amritsar,Wheat,1975.0,2205.64,2090.46,2275.0
PR001820,2026-08-30,MANDI022,Amritsar,Rice,2075.87,2223.0,2149.37,2183.0
PR008225,2026-01-08,MANDI045,Amritsar,Maize,1781.05,2145.0,1963.0,2090.0
PR005201,2026-02-15,,Ludhiana,Wheat,2157.0,2397.92,2277.4,
PR001478,2026-02-05,MANDI052,Kurukshetra,Sugarcane,3241.95,3849.55,3545.75,3500.0
PR001540,2026-07-12,,Ferozepur,Ganne,3193.0,3516.01,3354.0,3500.0
PR004281,2026-04-24,MANDI012,Ambala,Sarso,5457.0,5733.19,5595.25,5650.0
PR001452,2026-05-23,MANDI053,Patiala,Rice,1908.46,2284.0,2096.12,2183.0
PR005390,2026-08-09,MANDI021,Bathinda,Maize,2144.53,2355.37,2250.0,
PR003370,2026-02-05,MANDI001,Ferozepur,Cotton,6309.25,7314.49,6811.87,6620.0
PR001803,2026-02-24,,Ambala,Sugarcane,3397.68,3932.11,3664.89,3500.0
PR010749,2026-08-06,,Patiala,Maize,2174.42,2598.6,2386.51,
PR003639,2026-05-01,MANDI027,Hisar,Cotton,,6313.18,6077.39,6620.0
PR011042,2026-03-29,MANDI010,Kurukshetra,Narma,6202.55,6588.66,6396.0,6620.0
PR005579,2026-03-03,MANDI036,Karnal,Narma,6470.42,6869.0,6669.77,6620.0
PR005456,2026-02-13,MANDI032,Jalandhar,Mustard,5718.81,7130.56,6425.0,5650.0
PR000658,2026-04-01,MANDI030,Amritsar,Rice,2011.26,2257.45,2134.36,2183.0
PR006040,2026-06-29,MANDI017,Bathinda,Rice,2063.46,2242.0,2153.0,
PR003825,2026-06-20,MANDI023,Fatehabad,Wheat,2224.29,2361.0,2292.87,2275.0
PR006565,2026-02-09,MANDI031,Fatehabad,Cotton,6792.0,8175.0,7483.0,6620.0
PR006612,2026-02-20,,Patiala,Wheat,2263.74,2448.63,2356.18,2275.0
PR010109,2026-04-03,MANDI054,Amritsar,Maize,2119.23,2340.46,2229.85,2090.0
PR011255,2026-05-06,MANDI027,Hisar,Cotton,6237.15,6718.9,6478.02,6620.0
PR008339,2026-06-19,MANDI027,Amritsar,Rice,,2190.0,2048.52,2183.0
PR003382,2026-04-21,MANDI053,Moga,Cotton,5713.15,6824.42,6268.79,6620.0
PR006490,2026-02-05,MANDI048,Muzaffarnagar,Ganne,,4290.53,3963.68,
PR000454,2026-04-22,MANDI044,Patiala,Sugarcane,3659.7,4071.13,3865.41,3500.0
PR000263,2026-02-16,,Amritsar,Cotton,5959.07,6426.07,6192.57,6620.0
PR005840,2026-02-11,MANDI011,Kurukshetra,Chawal,1931.6,2314.0,2122.59,2183.0
PR006124,2026-03-15,MANDI013,Patiala,Sugarcane,3016.35,3613.32,3314.84,3500.0
PR005776,2026-05-28,MANDI001,Karnal,Rice,2011.11,2451.32,2231.21,2183.0
PR007833,2026-08-04,MANDI017,Patiala,Makki,2051.6,2433.69,2242.64,2090.0
PR010443,2026-06-13,MANDI028,Hisar,Cotton,6313.7,6878.0,6595.65,6620.0
PR003151,2026-07-04,,Ferozepur,Mustard,5361.0,5837.1,5599.04,5650.0
PR011476,2026-07-03,MANDI054,Karnal,Maize,2162.87,2625.94,2394.0,2090.0
PR008329,2026-05-09,MANDI019,Bathinda,Mustard,5243.03,6129.0,5686.17,5650.0
PR004760,2026-08-20,MANDI031,Patiala,Cotton,,6483.0,6273.0,6620.0
PR005992,2026-02-09,MANDI018,Fatehabad,Narma,6686.42,7315.0,7000.8,
PR010147,2026-03-08,MANDI029,Amritsar,Cotton,6265.19,6808.07,6537.0,
PR004078,2026-03-03,MANDI056,Patiala,Cotton,6220.0,7532.34,,6620.0
PR003707,2026-01-30,MANDI029,Sirsa,Ganne,3602.0,4053.34,3827.57,3500.0
PR005666,2026-07-31,MANDI057,Ferozepur,Cotton,6100.78,7311.47,6706.0,6620.0
PR002128,2026-03-05,MANDI042,Kurukshetra,Cotton,5673.19,6497.23,6085.21,6620.0
PR011264,2026-01-12,MANDI002,Kurukshetra,Cotton,6293.81,7717.4,7006.0,6620.0
PR001223,2026-06-13,MANDI035,Ambala,Wheat,,2688.0,2435.85,
PR008969,2026-04-08,MANDI048,Jalandhar,Maize,2101.78,,2337.0,
PR000979,2026-04-25,MANDI033,Jalandhar,Sarso,5625.68,6196.33,5911.0,5650.0
PR007393,2026-08-12,MANDI031,Ferozepur,Wheat,2365.0,2897.87,2631.34,2275.0
PR006896,2026-01-24,MANDI034,Ferozepur,चावल,1918.34,,2067.22,2183.0
PR003385,2026-06-06,MANDI007,Jalandhar,Cotton,5809.41,6989.0,6399.02,6620.0
PR001090,2026-07-30,MANDI021,Patiala,Cotton,5988.0,7432.45,6710.0,6620.0
PR006137,2026-07-13,MANDI049,Karnal,Mustard,5592.4,6248.57,5920.0,5650.0
PR002126,2026-01-03,MANDI019,Patiala,Rice,1950.06,2311.34,2130.7,2183.0
PR010475,2026-05-27,,,Narma,6325.44,,7024.31,
PR007310,2026-01-19,,Amritsar,Wheat,2154.0,2314.53,2234.06,2275.0
PR008045,2026-08-04,MANDI016,Bathinda,Cotton,6891.83,7920.25,7406.0,6620.0
PR010072,2026-06-12,MANDI004,Amritsar,Rice,1877.72,2284.84,2081.0,2183.0
PR005233,2026-01-22,MANDI012,Jalandhar,Maize,2163.34,2523.39,2343.36,
PR008674,2026-08-29,MANDI047,Ferozepur,Wheat,,2698.11,2471.8,2275.0
PR010467,2026-09-04,MANDI055,Jalandhar,Maize,1911.71,2169.0,2040.0,2090.0
PR006100,2026-07-07,MANDI007,Bathinda,Sugarcane,3311.0,3726.69,3518.88,
PR010911,2026-03-22,MANDI037,Ludhiana,Cotton,6843.0,7215.77,7029.55,6620.0
PR011400,2026-06-14,MANDI018,Moga,Wheat,,2249.0,2107.0,2275.0
PR008693,2026-03-10,,Karnal,Sugarcane,3117.06,3380.48,3248.77,3500.0
PR008549,2026-06-25,MANDI051,Karnal,Ganne,3279.91,3994.9,3637.4,3500.0
PR000268,2026-07-04,MANDI041,Karnal,Sugarcane,3065.0,3830.0,3447.0,3500.0
PR005414,2026-06-16,MANDI006,Karnal,Cotton,6552.0,8050.0,7301.0,6620.0
PR001356,2026-01-29,MANDI022,Amritsar,Rice,2143.11,2261.0,2202.0,
PR000668,2026-04-22,MANDI045,Ferozepur,Rice,2122.0,2435.61,2278.9,2183.0
PR004126,2026-05-08,MANDI052,Fatehabad,Mustard,5063.75,5938.0,5501.05,5650.0
PR011250,2026-05-29,MANDI051,Fatehabad,Narma,6458.37,6880.19,6669.28,6620.0
PR003129,2026-01-06,,Patiala,Mustard,5845.73,7134.97,6490.35,5650.0
PR009934,2026-05-25,MANDI010,Jalandhar,Maize,1782.0,2219.99,2000.95,2090.0
PR000237,2026-06-25,MANDI005,Amritsar,Sugarcane,3363.65,3890.0,3626.62,3500.0
PR010132,2026-07-01,MANDI050,Jalandhar,Wheat,2192.57,2345.9,2269.24,2275.0
PR008052,2026-02-12,MANDI054,Ferozepur,Mustard,5301.17,6548.18,5925.0,5650.0
PR011552,2026-06-15,MANDI040,Bathinda,Sugarcane,3458.06,3709.4,3583.73,3500.0
PR006632,2026-06-04,MANDI013,Karnal,Sugarcane,3624.0,4000.93,3812.54,3500.0
PR005598,2026-05-05,,Ludhiana,Rice,2177.98,2369.0,2274.0,
PR008788,2026-06-26,MANDI011,Patiala,Maize,,2560.2,2365.0,2090.0
PR006459,2026-06-12,MANDI050,Karnal,Maize,1779.0,2079.0,1929.0,2090.0
PR002528,2026-07-25,MANDI005,Sirsa,Makki,1805.0,2192.0,1998.69,
PR007152,2026-01-26,MANDI020,Moga,Mustard,5816.14,6588.39,6202.27,5650.0
PR005871,2026-06-17,MANDI013,Ambala,Narma,5889.38,7133.0,6511.27,
PR000771,2026-05-21,MANDI018,Karnal,Rice,1867.0,2167.71,2017.33,2183.0
PR007485,2026-08-30,MANDI003,Sirsa,Mustard,4837.11,5966.88,5402.0,5650.0
PR000936,2026-06-04,MANDI038,Kurukshetra,Wheat,2081.45,2258.0,2170.0,2275.0
PR003617,2026-04-01,MANDI001,Ludhiana,Makki,2047.37,2477.0,2262.39,
PR000731,2026-01-15,MANDI054,Bathinda,Wheat,2197.0,2389.75,2293.15,
PR004611,2026-08-28,MANDI047,Muzaffarnagar,Mustard,,6256.29,5691.2,5650.0
PR002298,2026-08-11,MANDI032,Fatehabad,Sugarcane,3303.71,3659.88,3482.0,3500.0
PR010504,2026-07-25,MANDI023,Jalandhar,Sarso,5418.15,5742.51,5580.0,5650.0
PR002928,2026-09-06,MANDI036,Hisar,Makki,1843.92,2127.87,1985.9,2090.0
PR007174,2026-04-20,MANDI051,Kurukshetra,Mustard,,5952.0,5716.96,5650.0
PR001583,2026-08-27,MANDI013,Jalandhar,Rice,2198.47,2367.0,2282.71,2183.0
PR001652,2026-01-20,MANDI012,Patiala,Maize,1788.22,2041.0,1914.83,
PR008300,2026-02-05,,Ferozepur,Rice,2249.33,2521.76,2385.55,
PR006572,2026-05-01,MANDI049,Muzaffarnagar,Mustard,5932.0,6853.72,6393.0,5650.0
PR003893,2026-05-01,MANDI027,Amritsar,Mustard,4813.0,5407.48,5110.0,5650.0
PR007225,2026-02-21,MANDI023,Ferozepur,चावल,2082.8,2342.79,2213.0,2183.0
PR011952,2026-03-29,MANDI025,Karnal,Narma,6100.0,6713.0,6406.77,6620.0
PR004778,2026-03-04,MANDI049,Kurukshetra,Rice,2146.46,2467.0,2306.49,2183.0
PR006702,2026-02-17,MANDI002,Sirsa,Rice,2225.32,2634.46,2429.89,2183.0
PR011444,2026-03-14,MANDI037,Kurukshetra,Wheat,2322.48,2530.15,2426.31,2275.0
PR010530,2026-01-05,MANDI050,Moga,Wheat,1958.0,2100.0,2029.0,2275.0
PR011137,2026-01-31,MANDI037,Sirsa,Mustard,5683.0,6342.59,6012.92,5650.0
PR008398,2026-03-23,MANDI048,Bathinda,Maize,1899.0,2125.65,2012.44,2090.0
PR006420,2026-08-29,MANDI012,Amritsar,Makki,2118.09,2541.73,2330.0,
PR011820,2026-04-12,MANDI038,Fatehabad,Wheat,1946.83,2431.35,2189.0,2275.0
PR001425,2026-05-14,MANDI040,Fatehabad,Cotton,5724.24,7068.59,6396.0,
PR004221,2026-07-30,MANDI026,Amritsar,Wheat,,2405.0,2292.39,
PR002357,2026-06-29,MANDI024,Ludhiana,Sugarcane,3521.88,4237.0,3879.49,3500.0
PR009264,2026-04-24,MANDI051,Bathinda,Cotton,6046.67,7134.61,6590.64,
PR005964,2026-07-24,MANDI009,Jalandhar,Makki,2048.0,2289.0,2168.42,2090.0
PR001232,2026-01-23,MANDI039,Fatehabad,Sugarcane,3651.34,,3899.76,
PR001314,2026-03-04,,Patiala,Sarso,5601.31,6677.7,6139.51,5650.0
PR007079,2026-06-21,MANDI011,Kurukshetra,Sarso,5507.0,6469.56,5988.0,
PR003035,2026-04-12,MANDI046,,Sugarcane,3653.0,3961.32,3807.0,3500.0
PR010942,2026-06-27,MANDI034,Patiala,Wheat,1999.39,2449.93,2224.66,
PR006048,2026-01-31,MANDI045,Karnal,Wheat,2276.0,2630.0,2453.0,
PR010764,2026-03-24,MANDI040,Hisar,Wheat,2330.41,2625.25,2477.83,2275.0
PR007946,2026-03-10,MANDI002,Amritsar,Cotton,5970.0,6312.09,6141.12,6620.0
PR007749,2026-04-04,MANDI014,Jalandhar,Rice,2254.91,2497.1,2376.01,2183.0
PR000069,2026-08-31,MANDI020,Karnal,Sugarcane,3638.68,4385.23,4012.0,3500.0
PR007550,2026-05-15,MANDI002,Patiala,Mustard,,5469.16,5270.0,5650.0
PR004502,2026-01-20,,Ludhiana,Cotton,6370.0,7947.0,7158.52,6620.0
PR002371,2026-02-18,MANDI035,Kurukshetra,Sugarcane,3488.0,4210.86,3849.55,3500.0
PR002548,2026-04-28,MANDI040,Ferozepur,Wheat,1964.92,2232.96,2098.94,2275.0
PR010228,2026-03-29,MANDI040,Fatehabad,Maize,1981.93,2214.2,2098.07,2090.0
PR005130,2026-04-26,,Sirsa,Cotton,6024.74,6583.0,6304.0,6620.0
PR001463,2026-07-31,MANDI022,Ambala,Wheat,2119.73,2372.0,2245.69,2275.0
PR002791,2026-05-08,MANDI047,Patiala,Maize,1874.26,2264.09,2069.18,
PR011715,2026-04-02,MANDI008,Patiala,Wheat,1996.98,2135.52,2066.0,
PR000136,2026-08-18,MANDI024,Ambala,Sarso,4879.8,5883.6,5382.0,5650.0
PR005847,2026-06-26,MANDI029,Sirsa,Sugarcane,3309.83,3909.13,3609.48,3500.0
PR005332,2026-03-04,MANDI008,Bathinda,Mustard,5271.23,5707.0,5489.0,5650.0
PR009247,2026-04-29,MANDI003,Sirsa,Wheat,,2763.53,2544.65,2275.0
PR008920,2026-04-21,MANDI016,Hisar,Mustard,5198.62,5605.79,5402.0,
PR007398,2026-01-16,MANDI021,Moga,Mustard,4927.88,,5094.34,5650.0
PR004456,2026-07-22,MANDI022,Hisar,Mustard,5387.0,,5948.01,5650.0
PR001773,2026-06-22,MANDI022,Amritsar,Sugarcane,3171.92,3448.83,3310.38,3500.0
PR011359,2026-03-26,,Moga,Maize,2156.4,2360.0,2258.05,2090.0
PR002574,2026-07-21,MANDI037,Jalandhar,Sugarcane,3451.0,3717.41,3584.0,3500.0
PR007604,2026-05-22,MANDI037,Karnal,Mustard,5734.15,6841.0,6287.8,
PR003060,2026-05-13,MANDI055,Moga,Sugarcane,3096.0,3262.63,3179.07,3500.0
PR000770,2026-04-30,MANDI003,Jalandhar,Rice,1960.63,2421.0,2190.7,2183.0
PR005025,2026-06-04,MANDI027,Moga,Cotton,6935.69,7549.69,,
PR009335,2026-01-21,MANDI053,Saharanpur,Sarso,5911.22,6450.87,6181.05,5650.0
PR004453,2026-05-06,MANDI026,Ludhiana,Sugarcane,3025.48,3536.0,3281.0,3500.0
PR005721,2026-06-09,MANDI016,Amritsar,Wheat,2090.0,2217.5,2154.0,
PR008844,2026-03-15,MANDI016,Sirsa,Rice,2038.0,2183.02,2110.0,2183.0
PR007807,2026-05-20,,Patiala,Maize,1892.17,2010.45,1951.0,2090.0
PR007969,2026-08-31,MANDI052,Ferozepur,Sugarcane,3340.41,3999.07,3670.0,3500.0
PR000965,2026-06-09,MANDI041,Jalandhar,Wheat,2329.58,,2562.0,2275.0
PR004231,2026-09-06,,,Ganne,3408.31,4143.0,3775.58,
PR008228,2026-06-09,MANDI035,Fatehabad,Rice,1979.85,2446.0,2213.0,2183.0
PR006291,2026-07-17,MANDI014,Kurukshetra,Sugarcane,3340.0,3529.11,3435.0,
PR009366,2026-01-24,MANDI005,Karnal,Cotton,5772.0,7159.1,6465.79,
PR002667,2026-06-01,MANDI015,Moga,Mustard,5918.43,,6542.58,5650.0
PR005905,2026-01-15,MANDI026,Hisar,Cotton,6710.75,7337.69,7024.0,6620.0
PR010241,2026-05-02,MANDI036,Fatehabad,Maize,1957.0,2384.73,2171.0,2090.0
PR001287,2026-07-26,MANDI027,Sirsa,Sugarcane,3453.0,3898.0,3675.43,3500.0
PR004012,2026-07-30,MANDI007,Amritsar,Rice,1905.49,,2123.51,2183.0
PR009494,2026-04-12,MANDI010,Jalandhar,Rice,2180.0,2413.14,2296.46,2183.0
PR011165,2026-01-08,MANDI034,Bathinda,Wheat,2029.71,2483.0,2256.23,2275.0
PR010209,2026-03-24,MANDI047,Ferozepur,Mustard,5488.31,6366.86,5927.58,5650.0
PR009624,2026-02-08,MANDI032,Sirsa,Rice,2019.99,2178.13,2099.06,2183.0
PR001429,2026-06-12,MANDI004,Moga,Wheat,,2253.47,2110.77,
PR010900,2026-06-16,MANDI024,Kurukshetra,Ganne,3321.67,3809.31,3565.0,3500.0
PR010887,2026-01-30,MANDI023,Karnal,Rice,2158.0,2586.3,2372.39,2183.0
PR007944,2026-08-09,MANDI028,Hisar,Cotton,6538.09,7009.93,6774.01,6620.0
PR007405,2026-09-02,MANDI008,Jalandhar,Sugarcane,3327.18,3827.0,,3500.0
PR003656,2026-01-25,MANDI039,Moga,Maize,1923.72,2271.0,,2090.0
PR011869,2026-03-01,,Moga,Cotton,6040.0,,6526.35,6620.0
PR002873,2026-06-06,MANDI042,Fatehabad,Wheat,2009.79,,2171.35,
PR000339,2026-07-10,MANDI004,Ludhiana,Cotton,6189.48,7080.42,6635.0,6620.0
PR006470,2026-07-20,MANDI028,Ludhiana,Sarso,4900.54,5393.47,5147.0,
PR007895,2026-05-24,MANDI028,Hisar,Mustard,5597.52,6629.0,6113.2,5650.0
PR000043,2026-05-28,MANDI045,Ludhiana,Cotton,6506.0,7250.84,6878.18,
PR008406,2026-01-18,MANDI041,Jalandhar,Cotton,6294.0,7099.36,6696.86,6620.0
PR000099,2026-08-10,,Ambala,Mustard,,6353.05,5988.0,5650.0
PR011041,2026-03-06,,Fatehabad,Sarso,5159.0,6078.17,5618.75,5650.0
PR004421,2026-03-28,MANDI001,Patiala,Cotton,5786.67,,5991.35,6620.0
PR009001,2026-06-23,MANDI049,Karnal,Sugarcane,2991.07,3588.3,3289.69,3500.0
PR008599,2026-05-29,MANDI042,Fatehabad,Maize,2171.38,2561.04,2366.0,2090.0
PR010330,2026-08-21,,Ambala,Wheat,2341.17,2717.73,2529.0,2275.0
PR009117,2026-08-27,MANDI001,Ludhiana,चावल,,2409.0,2182.6,2183.0
PR005802,2026-04-25,MANDI015,Bathinda,Wheat,1992.19,2255.42,2124.0,2275.0
PR009337,2026-04-20,MANDI020,Ambala,Cotton,5697.28,6553.0,6125.0,6620.0
PR000530,2026-08-15,MANDI045,Fatehabad,Wheat,2084.0,2490.64,2287.44,2275.0
PR000593,2026-02-18,MANDI020,Karnal,Narma,6644.0,7845.0,7245.0,6620.0
PR009717,2026-04-20,MANDI036,Bathinda,Maize,1987.0,2245.83,2116.59,
PR003439,2026-04-14,MANDI043,Jalandhar,Mustard,5664.2,6759.75,6211.98,
PR003236,2026-08-17,MANDI056,Moga,Mustard,4836.59,5198.03,5017.31,5650.0
PR005270,2026-02-13,MANDI057,Hisar,Sugarcane,3295.78,3797.24,,
PR007526,2026-06-21,MANDI031,Sirsa,Wheat,2243.03,,2470.89,2275.0
PR009177,2026-06-24,MANDI015,Bathinda,Narma,5972.96,6852.0,6412.35,
PR004205,2026-05-25,,Jalandhar,Ganne,3036.67,3582.68,3309.67,3500.0
PR008743,2026-05-16,MANDI010,Karnal,Sugarcane,3608.0,3802.0,3705.07,3500.0
PR000531,2026-08-01,,Karnal,Sugarcane,3406.4,,3498.0,3500.0
PR007981,2026-04-07,MANDI033,Ferozepur,Mustard,5782.14,6850.0,,5650.0
PR005272,2026-02-15,MANDI015,Bathinda,चावल,1856.1,2180.98,2018.54,2183.0
PR000483,2026-04-02,MANDI029,Bathinda,Mustard,5223.27,6484.73,5854.0,5650.0
PR004212,2026-08-17,MANDI041,Ludhiana,Mustard,5689.0,6031.16,5860.18,
PR009545,2026-03-27,MANDI024,Karnal,Sugarcane,3306.05,3835.43,3570.74,3500.0
PR006858,2026-06-28,MANDI057,Jalandhar,Ganne,3670.02,,3767.0,3500.0
PR011051,2026-08-27,MANDI023,Karnal,Cotton,5869.37,6926.97,6398.0,6620.0
PR004336,2026-08-23,,Ferozepur,Maize,2138.55,2309.29,2224.0,2090.0
PR006210,2026-01-16,MANDI047,Hisar,Cotton,6270.34,6673.0,6471.55,6620.0
PR005628,2026-07-20,,Hisar,Rice,1991.98,2406.52,2199.25,2183.0
PR000942,2026-03-22,MANDI011,Kurukshetra,Mustard,5884.54,6641.0,6263.0,5650.0
PR002106,2026-08-14,MANDI034,Amritsar,Mustard,5660.22,6086.16,5873.19,
PR008695,2026-05-14,MANDI013,Patiala,Mustard,5655.0,6130.0,5892.67,
PR011537,2026-08-08,MANDI020,Amritsar,Rice,2134.48,2625.82,2380.0,2183.0
PR003820,2026-03-30,MANDI010,Hisar,Cotton,6789.04,7774.46,7282.0,6620.0
PR008428,2026-04-10,,Ferozepur,Cotton,6776.28,7791.0,7283.59,6620.0
PR004563,2026-03-01,MANDI008,Moga,Chawal,2014.0,2256.73,2135.34,2183.0
PR001328,2026-07-27,MANDI032,Ambala,Rice,2209.0,2522.64,2366.0,2183.0
PR011442,2026-08-17,MANDI003,Moga,Chawal,2249.26,2418.26,2333.76,2183.0
PR004432,2026-10-05,MANDI010,Patiala,Sugarcane,3084.45,3507.0,3295.84,3500.0
PR001251,2026-05-15,MANDI020,Ferozepur,Ganne,3350.19,4179.45,3765.0,3500.0
PR010232,2026-02-02,MANDI023,Karnal,Rice,2065.89,2180.52,2123.21,2183.0
PR010194,2026-06-21,MANDI041,Ludhiana,Rice,1925.0,2027.52,1976.32,2183.0
PR004009,2026-08-20,,Hisar,Maize,2138.33,2418.72,2278.53,2090.0
PR005959,2026-02-19,MANDI015,Amritsar,Mustard,5152.32,5790.0,5471.0,5650.0
PR010713,2026-08-21,MANDI009,Amritsar,Rice,1898.0,2288.0,2092.73,2183.0
PR009884,2026-05-09,MANDI043,Agra,Maize,2034.0,2196.36,2115.2,2090.0
PR005222,2026-02-10,MANDI034,Sirsa,Sugarcane,3161.38,3713.0,3437.22,3500.0
PR000405,2026-08-03,MANDI055,Moga,Rice,2141.0,2479.6,2310.0,2183.0
PR008059,2026-04-22,,,Sarso,5882.05,6272.91,6077.48,5650.0
PR002973,2026-01-06,MANDI033,Ambala,Wheat,2387.0,2801.0,2593.9,
PR010257,2026-03-10,MANDI018,Jalandhar,Cotton,6157.0,,,6620.0
PR006294,2026-05-10,MANDI043,Hisar,Cotton,6921.0,7514.07,7218.0,6620.0
PR010162,2026-01-27,MANDI002,Bathinda,Cotton,6700.65,7115.53,,6620.0
PR002279,2026-09-09,MANDI013,Patiala,Mustard,5036.6,6013.63,5525.0,5650.0
PR005291,2026-07-05,MANDI003,Ludhiana,Sugarcane,3137.05,3875.92,3506.49,3500.0
PR002207,2026-08-12,MANDI027,Ludhiana,Sugarcane,3475.91,3693.0,3584.0,
PR006826,2026-01-06,MANDI003,Jalandhar,Rice,,2535.32,2296.99,2183.0
PR001444,2026-09-07,MANDI056,Patiala,Rice,2275.22,2550.88,2413.05,2183.0
PR009469,2026-04-16,MANDI007,Fatehabad,Mustard,5810.77,6665.28,6238.0,5650.0
PR006479,2026-07-08,MANDI033,Bathinda,Maize,1936.0,2220.96,2078.0,2090.0
PR004448,2026-01-29,MANDI020,Ferozepur,Sugarcane,3408.89,4023.0,3716.0,3500.0
PR003204,2026-08-21,MANDI017,Kurukshetra,Mustard,5413.0,6715.0,6064.02,5650.0
PR008316,2026-06-29,MANDI023,Fatehabad,Maize,1983.0,,2094.5,2090.0
PR003841,2026-01-17,MANDI007,Patiala,Wheat,2029.0,2176.48,2102.52,2275.0
PR002971,2026-07-15,MANDI007,Amritsar,Maize,1955.86,2066.6,2011.23,2090.0
PR007192,2026-07-26,MANDI021,Karnal,Cotton,5916.86,6244.38,6081.0,6620.0
PR009350,2026-02-26,MANDI015,Amritsar,Maize,,2343.92,2196.0,2090.0
PR000241,2026-05-31,MANDI030,Ambala,Cotton,5641.76,6597.0,,6620.0
PR008771,2026-02-05,MANDI014,Fatehabad,Sugarcane,2980.82,3719.12,3350.0,
PR002454,2026-04-30,MANDI013,Bathinda,Makki,1910.0,2216.17,2062.84,2090.0
PR011208,2026-04-25,MANDI044,Sirsa,Cotton,6744.67,7120.01,6932.0,6620.0
PR002681,2026-06-25,,Karnal,Cotton,6176.32,6546.19,6361.26,6620.0
PR007089,2026-06-17,MANDI028,Amritsar,Wheat,2136.0,2592.0,2364.11,2275.0
PR005508,2026-02-08,MANDI012,Hisar,Maize,1893.99,2205.85,2049.92,2090.0
PR003139,2026-08-24,MANDI052,Hisar,Sugarcane,3020.37,3487.72,3254.05,3500.0
PR010889,2026-05-11,MANDI033,Hisar,Mustard,5501.5,6000.0,5751.0,5650.0
PR002854,2026-07-30,,Sirsa,Maize,2061.7,2379.0,2220.0,2090.0
PR001913,2026-08-11,MANDI041,Bathinda,Cotton,,6641.14,6318.0,6620.0
PR010708,2026-08-22,MANDI001,Jalandhar,Mustard,5363.69,6541.0,5952.56,5650.0
PR009938,2026-03-29,MANDI038,Fatehabad,Rice,2109.75,2281.67,2195.71,2183.0
PR003751,2026-07-09,MANDI051,Hisar,Makki,1834.7,2265.36,2050.0,2090.0
PR009898,2026-08-16,MANDI029,Sirsa,Mustard,4988.0,5909.2,5448.0,
PR000587,2026-10-02,MANDI033,Patiala,Sugarcane,,3786.55,3436.92,3500.0
PR002043,2026-03-30,MANDI042,Ludhiana,Cotton,6764.9,,7065.0,6620.0
PR007936,2026-05-03,,Patiala,Mustard,5921.64,7350.51,6636.0,5650.0
PR003941,2026-07-13,MANDI002,Hisar,Maize,2057.01,2472.0,2264.0,2090.0
PR010553,2026-05-22,MANDI015,Amritsar,Cotton,6474.1,6888.0,6680.82,6620.0
PR010202,2026-02-03,MANDI014,Patiala,Mustard,5516.09,6043.17,5780.0,5650.0
PR007477,2026-02-04,MANDI028,Karnal,Rice,2262.83,2507.31,2385.0,2183.0
PR002088,2026-12-08,MANDI030,Ludhiana,Sugarcane,3150.47,3318.0,3234.23,3500.0
PR007216,2026-03-24,MANDI055,Ludhiana,Mustard,5687.0,6663.03,6175.0,5650.0
PR001881,2026-04-12,MANDI037,Ferozepur,Makki,2011.02,2380.18,2195.6,2090.0
PR004714,2026-08-13,MANDI052,Bathinda,Rice,2147.72,2342.66,2245.19,2183.0
PR003406,2026-02-27,MANDI033,Ferozepur,Maize,2047.25,2524.32,2285.78,
PR002118,2026-07-10,MANDI041,Ferozepur,Cotton,5981.09,6921.11,6451.0,6620.0
PR002123,2026-12-07,MANDI027,Ferozepur,Mustard,5654.53,6804.0,6229.0,
PR008207,2026-02-16,MANDI003,Ambala,Rice,1972.0,2133.22,2053.0,2183.0
PR006903,2026-05-05,MANDI047,Muzaffarnagar,Mustard,5595.0,5945.89,5770.0,5650.0
PR001775,2026-06-22,MANDI010,Kurukshetra,Maize,1825.19,1964.85,1895.02,2090.0
PR008933,2026-01-09,MANDI010,Bathinda,Cotton,6126.49,7273.2,6699.84,6620.0
PR010083,2026-07-18,MANDI044,Sirsa,Wheat,2386.84,2672.09,2529.47,2275.0
PR008433,2026-03-17,MANDI055,Kurukshetra,Wheat,2347.85,2832.04,,2275.0
PR006241,2026-05-11,MANDI027,Karnal,Rice,2054.0,2177.0,2115.0,2183.0
PR006865,2026-05-24,MANDI041,Amritsar,Mustard,5373.0,6157.07,5765.02,5650.0
PR003201,2026-02-11,MANDI001,Moga,Sugarcane,3636.69,4360.24,3998.0,3500.0
PR004781,2026-05-27,MANDI028,Sirsa,Rice,2028.12,2309.11,2169.0,2183.0
PR003012,2026-02-03,,Kurukshetra,Wheat,2163.48,2478.75,,2275.0
PR003115,2026-03-15,MANDI054,Moga,Sugarcane,2995.41,3398.53,3196.97,3500.0
PR005454,2026-03-23,MANDI054,Amritsar,Cotton,,7405.0,6712.54,6620.0
PR000255,2026-06-24,MANDI036,Ludhiana,Wheat,2310.96,2492.61,2401.79,
PR008181,2026-06-27,MANDI011,Ludhiana,Mustard,4912.95,5827.44,5370.0,5650.0
PR001406,2026-04-17,MANDI057,Jalandhar,Wheat,2155.0,2455.64,2305.0,2275.0
PR004018,2026-02-24,MANDI039,Moga,Cotton,5642.29,6338.61,5990.0,6620.0
PR008962,2026-03-17,MANDI006,Karnal,Sugarcane,3594.7,3889.42,3742.0,3500.0
PR010495,2026-03-17,MANDI042,Moga,Maize,1983.78,2356.32,2170.0,2090.0
PR002296,2026-05-22,,Sirsa,Rice,2066.26,2466.88,2267.0,
PR009865,2026-05-24,MANDI014,Kurukshetra,Wheat,2262.84,2543.0,2403.0,2275.0
PR006857,2026-04-13,MANDI010,Ludhiana,Cotton,6787.05,7730.0,7258.62,6620.0
PR003939,2026-05-02,MANDI012,Sirsa,Cotton,6338.0,6819.0,6578.34,6620.0
PR010836,2026-06-25,MANDI008,Patiala,Maize,1986.96,2316.48,2152.0,2090.0
PR008829,2026-03-17,MANDI020,Ambala,Sugarcane,3222.93,3833.95,3528.44,3500.0
PR007799,2026-02-03,MANDI054,Amritsar,Cotton,6609.33,8130.32,7369.83,
PR002641,2026-04-08,MANDI055,Jalandhar,Wheat,2165.91,2497.0,2331.21,2275.0
PR005429,2026-04-24,MANDI032,Amritsar,Rice,2120.99,2611.73,2366.36,
PR004207,2026-02-16,MANDI034,Patiala,Cotton,6350.9,7000.0,6675.22,
PR007162,2026-05-02,MANDI026,Ludhiana,Mustard,5003.0,5500.0,5251.0,
PR004936,2026-05-23,MANDI032,Kurukshetra,Cotton,6310.89,7353.28,6832.0,
PR007816,2026-04-25,MANDI024,Karnal,Cotton,5734.0,6354.47,6044.45,6620.0
PR004063,2026-05-08,MANDI043,Hisar,Cotton,5783.12,6499.16,6141.0,6620.0
PR006872,2026-06-23,MANDI033,Ambala,Ganne,3535.53,4147.0,,
PR003514,2026-08-20,MANDI048,Ambala,Sugarcane,3658.0,4496.0,4077.03,3500.0
PR008450,2026-04-24,MANDI014,Ambala,Cotton,5643.32,6826.84,6235.08,6620.0
PR004846,2026-08-08,MANDI029,Moga,Rice,2228.0,2474.46,2351.38,
PR011492,2026-04-27,MANDI015,Bathinda,Maize,1893.21,2200.33,2046.77,2090.0
PR002252,2026-02-18,MANDI013,Jalandhar,Ganne,3621.88,3946.02,3783.95,
PR006778,2026-01-16,,Sirsa,Mustard,5113.0,5995.0,5554.12,5650.0
PR009702,2026-08-21,,Fatehabad,Wheat,2134.0,2524.33,2328.99,2275.0
PR007252,2026-07-25,MANDI051,Ambala,Cotton,6056.63,7471.0,6763.87,6620.0
PR009587,2026-02-16,MANDI045,Meerut,Mustard,5714.4,6151.0,5932.57,5650.0
PR009841,2026-03-08,MANDI003,Ambala,Cotton,6308.82,7753.0,7031.09,6620.0
PR010017,2026-01-27,MANDI029,Karnal,Maize,1938.76,2170.03,2054.4,2090.0
PR006387,2026-02-15,MANDI024,Bathinda,Rice,2214.29,2631.0,2422.74,2183.0
PR009189,2026-04-09,,Jalandhar,Cotton,6576.0,7016.0,6795.81,6620.0
PR004447,2026-03-10,MANDI050,Moga,Maize,1815.26,2181.53,1998.0,
PR000224,2026-06-19,MANDI028,Ambala,Wheat,2165.17,2370.77,2267.97,2275.0
PR009015,2026-01-13,MANDI031,Ferozepur,Cotton,6355.0,7061.0,,6620.0
PR008761,2026-01-04,MANDI014,Amritsar,Makki,2033.4,2273.0,2153.0,2090.0
PR008966,2026-09-04,MANDI035,Ambala,Wheat,2074.64,2409.51,2242.07,2275.0
PR008449,2026-09-07,MANDI019,Moga,Mustard,5247.0,5628.28,5438.0,5650.0
PR001978,2026-04-08,MANDI011,Patiala,Sarso,5112.1,5700.59,5406.35,
PR010573,2026-08-28,MANDI031,Amritsar,Sarso,4993.0,5807.21,5399.88,
PR006455,2026-11-05,MANDI029,Fatehabad,Rice,1870.0,2235.65,2053.0,
PR003921,2026-05-28,MANDI057,Bareilly,चावल,2231.11,2436.0,2333.68,
PR006116,2026-01-06,MANDI009,Patiala,Cotton,5793.0,6996.41,6394.56,
PR000297,2026-04-03,MANDI026,Fatehabad,Sugarcane,3466.64,4019.55,3743.1,
PR003192,2026-01-01,MANDI047,Kurukshetra,Sugarcane,3056.64,3611.39,3334.0,3500.0
PR004036,2026-01-21,MANDI050,Muzaffarnagar,Cotton,6649.57,,7101.32,6620.0
PR007522,2026-05-05,MANDI029,Bathinda,Cotton,5837.4,6291.38,6064.39,
PR010088,2026-02-18,MANDI040,Kurukshetra,Maize,2182.0,2674.0,2428.0,
PR006259,2026-06-26,MANDI038,Fatehabad,Cotton,6831.67,,7216.03,6620.0
PR002540,2026-05-07,,Patiala,Wheat,2319.87,2597.07,2458.47,2275.0
PR004920,2026-02-17,MANDI054,Ambala,Sugarcane,3089.62,3484.6,3287.11,
PR005489,2026-05-25,,Patiala,Mustard,5200.77,5653.0,5426.8,5650.0
PR007597,2026-03-22,MANDI016,Sirsa,Mustard,5837.0,6843.9,6340.42,5650.0
PR011430,2026-04-21,,Hisar,Cotton,6716.96,8265.11,7491.03,
PR001216,2026-02-11,MANDI014,Patiala,Makki,2043.0,2407.93,,2090.0
PR003505,2026-06-28,MANDI040,Fatehabad,Maize,1901.19,2375.0,2137.95,2090.0
PR004956,2026-01-29,MANDI037,Jalandhar,Ganne,3140.1,3386.0,3263.0,3500.0
PR009958,2026-02-20,MANDI018,Ferozepur,Maize,1865.0,2040.77,1952.68,2090.0
PR003068,2026-06-07,MANDI011,Jalandhar,Ganne,3595.0,4451.0,4022.78,3500.0
PR009300,2026-03-22,MANDI049,Fatehabad,Wheat,2347.53,2692.16,2520.0,2275.0
PR003633,2026-06-22,MANDI014,Ludhiana,Mustard,5374.81,6636.94,6005.88,
PR004755,2026-01-07,MANDI033,Ambala,Wheat,2324.17,2475.0,2399.59,2275.0
PR002058,2026-07-15,MANDI041,Jalandhar,Narma,6356.59,6714.43,6535.51,6620.0
PR010306,2026-01-05,MANDI045,Bathinda,Sarso,5119.0,6226.0,5673.0,5650.0
PR011176,2026-08-02,MANDI044,Hisar,Rice,1977.0,2314.95,2145.86,2183.0
PR011818,2026-02-09,MANDI030,Sirsa,Mustard,5930.84,7000.88,6465.86,
PR001414,2026-07-25,MANDI016,Fatehabad,Wheat,2200.0,2615.83,2407.94,2275.0
PR011346,2026-06-02,MANDI040,Bathinda,Wheat,2092.0,2325.97,2208.88,2275.0
PR010602,2026-04-10,MANDI039,Hisar,Maize,1961.07,2223.34,2092.0,2090.0
PR000628,2026-05-28,,,Rice,2030.0,,2250.26,2183.0
PR000059,2026-04-21,MANDI014,Patiala,Narma,6369.4,7302.17,6835.78,
PR000934,2026-08-07,,Bathinda,Wheat,2292.25,2679.0,2486.0,2275.0
PR004708,2026-02-27,,Patiala,Narma,5762.0,6631.0,6196.16,6620.0
PR005437,2026-01-21,MANDI029,Bathinda,Wheat,2240.0,2403.95,2322.04,2275.0
PR007959,2026-05-17,MANDI042,Ambala,Cotton,6576.0,7589.2,7082.82,6620.0
PR005181,2026-06-30,MANDI013,Ludhiana,Sugarcane,3637.22,4048.63,3842.93,3500.0
PR006661,2026-05-02,MANDI053,Hisar,Maize,1841.52,2006.88,1924.2,2090.0
PR007754,2026-05-30,,Jalandhar,Ganne,3091.0,3578.43,3335.0,
PR009093,2026-06-28,MANDI027,Jalandhar,Sugarcane,3184.0,3464.0,3323.62,3500.0
PR001899,2026-02-13,MANDI020,Fatehabad,Cotton,5929.48,7077.0,6503.0,6620.0
PR008982,2026-04-29,MANDI054,Ludhiana,Mustard,5871.0,7044.0,6457.64,5650.0
PR004147,2026-08-18,MANDI042,Hisar,Wheat,2271.83,2697.79,2485.0,2275.0
PR007385,2026-05-13,MANDI003,Ludhiana,Sugarcane,3449.0,3885.77,3667.33,3500.0
PR008157,2026-03-05,MANDI050,Muzaffarnagar,Sugarcane,3591.03,3880.5,3736.0,
PR002122,2026-04-10,MANDI040,Ferozepur,Wheat,1958.57,2193.0,2075.96,2275.0
PR006795,2026-08-09,,Sirsa,Sugarcane,3638.22,3983.74,3810.98,
PR003940,2026-08-01,MANDI026,Hisar,Maize,2111.0,2558.51,2335.0,
PR010987,2026-03-27,MANDI007,Amritsar,Wheat,2360.0,2871.8,2615.91,2275.0
PR008684,2026-08-29,MANDI049,Moga,Narma,6115.11,7494.92,6805.02,6620.0
PR003625,2026-01-31,,Amritsar,Wheat,2344.6,2669.49,,2275.0
PR011252,2026-08-16,MANDI031,Sirsa,Chawal,1932.0,2163.0,2047.7,
PR004690,2026-01-11,MANDI033,Bathinda,Wheat,2264.0,2540.66,2402.0,2275.0
PR006921,2026-03-11,MANDI052,Ferozepur,Wheat,2065.0,2316.0,2191.0,2275.0
PR000720,2026-07-13,,Kurukshetra,Cotton,6142.0,6524.0,6332.83,6620.0
PR010947,2026-05-27,MANDI019,Ferozepur,Maize,,2096.87,1958.08,2090.0
PR003391,2026-04-17,MANDI053,Jalandhar,Rice,2037.0,2375.45,2206.0,2183.0
PR000113,2026-03-30,MANDI043,Sirsa,Rice,2132.22,2333.19,2233.0,2183.0
PR003488,2026-09-08,MANDI014,Kurukshetra,Cotton,5723.58,7094.0,6408.8,6620.0
PR001879,2026-05-12,MANDI032,,Rice,2057.68,,,
PR010743,2026-07-20,MANDI014,Patiala,Mustard,5692.0,6816.0,,5650.0
PR007612,2026-05-19,MANDI056,Kurukshetra,Cotton,5974.0,6788.0,6381.0,6620.0
PR001549,2026-07-20,MANDI002,Ludhiana,Narma,6804.14,8151.89,7478.01,6620.0
PR010564,2026-04-25,MANDI008,Bathinda,Sugarcane,3326.65,4017.65,3672.15,3500.0
PR008129,2026-07-10,MANDI050,Muzaffarnagar,Cotton,6288.0,7071.55,6679.97,6620.0
PR005723,2026-02-16,,Karnal,Maize,1993.0,2304.94,,2090.0
PR001700,2026-03-04,MANDI026,Karnal,Wheat,2198.0,2347.49,2272.89,2275.0
PR007218,2026-08-25,MANDI018,Jalandhar,Mustard,5325.0,5627.0,5476.0,
PR004039,2026-06-05,,Hisar,Maize,2156.2,2289.06,2222.63,2090.0
PR009026,2026-08-02,,Moga,Maize,2069.96,2257.02,2163.49,2090.0
PR003372,2026-10-02,MANDI022,Moga,Maize,2187.26,2423.69,2305.0,
PR008818,2026-02-18,MANDI047,Ambala,Mustard,5875.28,6632.0,6253.73,5650.0
PR007834,2026-02-04,MANDI041,Ludhiana,Makki,,2371.0,2237.0,2090.0
PR007820,2026-02-25,MANDI024,Moga,Ganne,3372.61,3768.7,3571.0,3500.0
PR009725,2026-07-17,MANDI010,Sirsa,Rice,1963.0,2155.85,2059.0,2183.0
PR000608,2026-05-23,MANDI043,Sirsa,Narma,6797.53,7389.46,7093.0,6620.0
PR008801,2026-04-14,MANDI047,Fatehabad,Wheat,2241.0,2485.0,2363.2,
PR001403,2026-06-21,MANDI024,Ferozepur,Narma,6798.76,,7567.29,6620.0
PR008659,2026-07-04,MANDI019,Karnal,Chawal,1909.0,2083.0,1996.0,2183.0
PR007272,2026-03-29,MANDI052,Hisar,Sugarcane,3399.65,3655.68,3527.67,3500.0
PR000838,2026-07-07,MANDI049,Karnal,Wheat,2164.0,2662.0,2412.99,2275.0
PR003810,2026-02-03,MANDI041,Ambala,Cotton,6045.0,6963.7,6504.52,6620.0
PR004204,2026-02-12,MANDI037,Kurukshetra,Mustard,5832.61,6645.0,6238.74,5650.0
PR009827,2026-06-26,MANDI002,Hisar,Sugarcane,,3785.0,,3500.0
PR007666,2026-04-03,MANDI048,Kurukshetra,Cotton,6591.0,7197.05,6894.07,6620.0
PR009384,2026-06-02,MANDI009,Ludhiana,Wheat,2036.98,2497.07,2267.0,2275.0
PR007717,2026-01-15,MANDI038,Bathinda,Wheat,2263.38,2741.31,2502.35,
PR001370,2026-08-27,MANDI039,Moga,Sarso,5923.11,7285.91,6605.0,5650.0
PR011594,2026-01-01,MANDI015,Fatehabad,Sarso,5808.0,6520.0,6163.8,
PR004357,2026-01-20,MANDI002,Ambala,Cotton,6890.0,7925.0,7407.64,6620.0
PR008130,2026-03-21,MANDI043,Patiala,Sugarcane,3002.22,3729.0,3366.0,3500.0
PR007778,2026-08-02,MANDI005,Moga,Sugarcane,3391.0,4143.0,3767.0,3500.0
PR002887,2026-03-30,MANDI025,Jalandhar,Narma,6582.0,7179.18,6880.63,6620.0
PR011569,2026-05-09,MANDI051,Sirsa,Wheat,1995.0,2325.0,2160.31,2275.0
PR002634,2026-06-22,MANDI022,Bathinda,Cotton,5669.0,6823.82,6246.0,6620.0
PR001106,2026-07-15,,Fatehabad,Rice,1872.0,2020.0,1946.0,2183.0
PR007596,2026-08-23,MANDI005,Bathinda,Narma,6299.0,7185.68,6742.34,
PR004308,2026-01-12,MANDI012,Karnal,Mustard,4810.71,5372.18,5091.44,
PR000785,2026-02-26,MANDI057,Ludhiana,Maize,1981.0,,2212.0,2090.0
PR008177,2026-02-15,MANDI028,Karnal,Chawal,2206.0,2658.32,,2183.0
PR007712,2026-08-26,MANDI044,Patiala,Mustard,5472.65,6354.0,5913.53,5650.0
PR010650,2026-01-14,MANDI011,Sirsa,Cotton,5999.35,6726.0,6362.77,6620.0
PR006640,2026-08-10,MANDI040,Fatehabad,Rice,1944.46,2280.0,,
PR003582,2026-08-16,MANDI047,Patiala,चावल,2193.53,,,2183.0
PR004889,2026-02-19,MANDI043,Ferozepur,Wheat,2260.0,,2374.0,2275.0
PR003598,2026-01-09,MANDI001,Ludhiana,Ganne,3634.47,4331.32,3982.9,3500.0
PR004615,2026-08-02,MANDI041,Bathinda,Sarso,4957.5,,5381.0,5650.0
PR003983,2026-01-17,MANDI033,Bathinda,Cotton,5988.7,6515.44,6252.07,6620.0
PR010057,2026-04-25,MANDI020,Fatehabad,Cotton,6363.0,7426.13,6894.43,
PR010486,2026-01-29,MANDI003,Ludhiana,Narma,6057.0,6878.18,6467.62,6620.0
PR006199,2026-05-27,MANDI026,Ludhiana,Rice,2277.67,2643.22,2460.0,2183.0
PR003254,2026-07-23,MANDI045,Meerut,Sugarcane,3439.47,4041.0,3740.04,
PR003203,2026-04-02,,Ferozepur,Wheat,2021.33,2381.4,2201.37,2275.0
PR000460,2026-03-06,,Kurukshetra,Sugarcane,3548.07,3760.13,3654.1,3500.0
PR006979,2026-04-07,MANDI038,Karnal,Sugarcane,3003.72,3274.17,3138.95,
PR011184,2026-05-08,MANDI020,Karnal,Mustard,5485.25,,5902.42,5650.0
PR004161,2026-05-13,MANDI047,Moga,Rice,2292.0,2550.84,2421.0,2183.0
PR003164,2026-01-12,,Jalandhar,Rice,2068.66,2561.28,2314.97,2183.0
PR009965,2026-09-08,MANDI015,Amritsar,Makki,1838.29,2061.0,1950.0,
PR005950,2026-02-06,MANDI001,Fatehabad,Chawal,1876.0,2335.0,,2183.0
PR009987,2026-02-25,MANDI035,Ambala,चावल,,2666.06,2471.0,2183.0
PR005311,2026-06-26,,Bathinda,Rice,2267.58,2476.0,2372.0,2183.0
PR011200,2026-02-15,MANDI031,Sirsa,Ganne,3157.0,3463.2,3310.0,3500.0
PR001686,2026-07-26,MANDI021,Hisar,Maize,1839.0,2035.71,1937.27,2090.0
PR010148,2026-06-25,MANDI054,Karnal,Wheat,2121.0,2305.77,2213.0,2275.0
PR002238,2026-08-07,MANDI028,Moga,Sugarcane,3011.86,3426.0,3218.72,3500.0
PR007038,2026-08-14,MANDI057,Hisar,Maize,2110.47,2515.0,2312.5,2090.0
PR011880,2026-08-31,MANDI005,Ludhiana,Wheat,2000.0,2102.0,2051.04,
PR007371,2026-06-14,MANDI015,Karnal,Rice,2021.4,2439.0,2230.0,2183.0
PR008217,2026-04-02,MANDI016,Bathinda,Sugarcane,3258.95,3643.0,3451.0,3500.0
PR005152,2026-09-01,MANDI042,Sirsa,Wheat,2027.58,2209.3,2118.44,2275.0
PR011072,2026-03-25,MANDI045,Meerut,Cotton,6153.0,6491.23,6322.24,6620.0
PR009641,2026-03-21,,Moga,Cotton,6856.0,8341.0,7598.46,6620.0
PR001535,2026-02-21,MANDI016,Patiala,Cotton,6755.0,7973.08,7363.79,6620.0
PR002812,2026-04-12,MANDI016,Ambala,Wheat,2333.6,2639.75,2486.68,2275.0
PR009680,2026-07-23,MANDI036,Kurukshetra,Cotton,5646.05,,5871.03,6620.0
PR005552,2026-02-10,MANDI030,Ambala,Sugarcane,3582.98,3766.12,3674.55,3500.0
PR010502,2026-02-07,MANDI042,Moga,Sugarcane,3301.0,,3645.56,3500.0
PR002918,2026-03-17,MANDI029,Karnal,Ganne,3211.93,4004.75,3608.0,3500.0
PR007656,2026-05-27,MANDI056,Moga,Mustard,5812.0,6975.9,6393.84,5650.0
PR005928,2026-02-10,MANDI015,Ludhiana,Rice,1864.39,2061.25,1962.82,2183.0
PR006555,2026-02-11,MANDI011,Hisar,Sugarcane,3392.49,3795.05,3593.77,3500.0
PR001437,2026-07-02,MANDI036,Kurukshetra,Sugarcane,3494.0,4201.0,3847.0,3500.0
PR011486,2026-09-05,,Jalandhar,Rice,2156.0,2624.22,2390.01,
PR001324,2026-02-12,MANDI050,Ambala,Wheat,2229.04,2747.0,2488.13,2275.0
PR000438,2026-06-12,MANDI057,Ferozepur,Sarso,5870.23,7243.4,6556.81,
PR006253,2026-04-11,MANDI027,Ludhiana,Mustard,4884.43,5212.08,5048.0,5650.0
PR007372,2026-08-04,,Jalandhar,Cotton,6767.72,7482.0,7124.98,6620.0
PR004285,2026-03-21,MANDI018,Ferozepur,Rice,1974.0,2130.0,2052.0,2183.0
PR011099,2026-04-26,MANDI030,Sirsa,Makki,1782.0,2199.82,1990.69,2090.0
PR001150,2026-06-20,MANDI038,Amritsar,Wheat,2277.24,2840.51,2558.87,2275.0
PR010389,2026-02-06,MANDI013,Amritsar,Sarso,5386.0,6148.73,5767.54,5650.0
PR005254,2026-03-20,MANDI024,Fatehabad,Cotton,6757.81,7461.02,7109.42,6620.0
PR001776,2026-01-13,MANDI034,Bathinda,Sugarcane,3056.0,3700.0,3377.8,3500.0
PR003667,2026-04-25,MANDI030,Ferozepur,Mustard,4862.0,5261.52,5061.81,5650.0
PR001160,2026-01-16,MANDI056,Ferozepur,Mustard,5602.02,6645.57,6123.79,5650.0
PR008452,2026-06-04,MANDI041,Ambala,Mustard,5527.28,,5916.77,5650.0
PR004704,2026-01-16,MANDI039,Ambala,चावल,2173.3,2480.87,2327.09,2183.0
PR006965,2026-06-27,MANDI039,Kurukshetra,Wheat,1981.0,2115.16,2048.08,2275.0
PR011954,2026-06-10,MANDI057,Ludhiana,Mustard,5544.0,5876.81,5710.33,5650.0
PR010144,2026-03-10,,,Cotton,6393.52,7899.83,7146.68,6620.0
PR001110,2026-04-23,MANDI006,Ambala,चावल,2176.61,2610.96,2394.0,
PR010276,2026-07-10,,Hisar,Chawal,2051.91,2563.0,2307.0,2183.0
PR010735,2026-08-08,MANDI007,Amritsar,Rice,2112.0,2594.0,2352.89,
PR001876,2026-03-28,MANDI026,Ludhiana,Cotton,6016.55,6821.3,6418.92,6620.0
PR002297,2026-02-23,MANDI008,Bathinda,Mustard,4847.35,5884.0,5365.89,5650.0
PR000556,2026-09-02,MANDI005,Ferozepur,Sarso,5760.99,6389.0,6075.0,5650.0
PR011215,2026-03-09,MANDI015,Ferozepur,Mustard,5218.33,6440.0,5829.04,
PR003843,2026-07-15,MANDI006,Amritsar,Maize,1779.05,2016.83,1898.0,2090.0
PR003162,2026-08-23,MANDI024,Patiala,Maize,2045.0,2432.9,2239.0,2090.0
PR001294,2026-02-12,MANDI053,Patiala,Rice,2218.95,2587.95,2403.0,2183.0
PR001445,2026-06-12,MANDI038,Karnal,Cotton,5748.0,6230.45,5989.43,
PR004641,2026-04-30,MANDI056,Hisar,Rice,2154.38,2284.82,2219.6,2183.0
PR010967,2026-06-08,MANDI027,Ambala,Rice,2033.07,2145.62,2089.0,2183.0
PR004311,2026-07-26,MANDI024,Kurukshetra,Cotton,5721.0,6018.32,5870.0,6620.0
PR007002,2026-05-03,MANDI003,Moga,Cotton,5759.1,7093.0,6426.0,
PR001466,2026-08-31,MANDI020,Fatehabad,Rice,1962.51,2365.07,2163.79,2183.0
PR004182,2026-04-17,,,Sugarcane,3007.0,3719.0,3363.0,3500.0
PR007490,2026-04-11,MANDI056,Amritsar,Mustard,5735.0,,5955.0,5650.0
PR010505,2026-06-14,MANDI051,Ludhiana,Sugarcane,3606.82,3838.93,3722.87,3500.0
PR001678,2026-08-26,MANDI033,Ferozepur,Sarso,5264.43,5537.64,5401.0,5650.0
PR009340,2026-04-04,MANDI003,Jalandhar,Sugarcane,3353.7,3789.0,3571.28,3500.0
PR001925,2026-04-05,MANDI011,Patiala,Makki,1874.75,2054.17,1964.46,2090.0
PR010312,2026-03-29,MANDI055,Jalandhar,Rice,2245.26,2542.12,2393.69,2183.0
PR009278,2026-09-03,MANDI042,Fatehabad,Mustard,5823.19,6920.17,6371.68,5650.0
PR010465,2026-07-01,MANDI043,Karnal,Maize,1835.19,1954.94,,
PR001966,2026-04-18,MANDI050,Kurukshetra,Mustard,4899.01,5669.51,5284.0,5650.0
PR008596,2026-04-09,MANDI056,Ambala,Rice,2251.04,2788.32,2519.68,2183.0
PR006456,2026-03-31,MANDI029,Amritsar,Maize,2066.38,2523.92,2295.15,2090.0
PR009281,2026-09-04,MANDI030,Patiala,Mustard,4857.0,5158.0,5007.37,
PR008289,2026-02-21,MANDI034,Karnal,Rice,1898.11,2359.35,,2183.0
PR007773,2026-01-21,MANDI036,Patiala,Narma,6565.39,7988.0,,6620.0
PR006290,2026-06-25,,Sirsa,Wheat,2323.0,2478.0,,2275.0
PR006477,2026-07-26,MANDI053,Saharanpur,Mustard,4987.53,6149.05,5568.29,
PR004860,2026-01-02,,Ambala,Chawal,2070.0,2471.0,2271.0,2183.0
PR007915,2026-09-01,MANDI002,Ferozepur,Rice,2147.0,2653.62,2400.07,
PR005081,2026-01-01,MANDI013,Sirsa,Rice,2143.43,2647.41,2395.42,2183.0
PR001973,2026-06-15,MANDI035,Ambala,Maize,1870.82,2084.24,1978.0,2090.0
PR003374,2026-07-07,MANDI033,Ambala,Maize,2140.69,2522.16,2331.43,2090.0
PR005140,2026-06-08,MANDI047,Fatehabad,चावल,2212.75,2740.0,2476.0,2183.0
PR002875,2026-02-20,MANDI024,Patiala,Wheat,2002.76,2367.09,2184.92,2275.0
PR004418,2026-01-11,MANDI057,Kurukshetra,Cotton,,7592.38,7153.64,6620.0
PR002813,2026-06-19,,Ferozepur,Rice,1988.75,2342.0,2165.6,2183.0
PR007075,2026-02-10,,Bathinda,Wheat,2127.35,2342.0,2234.73,2275.0
PR002677,2026-08-13,MANDI053,Jalandhar,Mustard,5018.0,5691.3,5354.59,5650.0
PR005916,2026-02-24,,Kurukshetra,Chawal,1946.0,2135.9,2041.02,2183.0
PR007347,2026-08-05,MANDI020,Sirsa,Rice,2043.0,2368.97,2206.0,2183.0
PR005727,2026-05-11,MANDI054,Saharanpur,Cotton,5955.96,7323.0,6639.66,
PR004327,2026-05-27,MANDI050,Muzaffarnagar,Sarso,5245.09,6393.8,5819.45,
PR006997,2026-02-13,MANDI031,Hisar,Sarso,5445.93,6443.0,5945.0,5650.0
PR004864,2026-03-06,MANDI014,Ambala,Wheat,2140.0,2645.0,2392.35,
PR003867,2026-02-05,MANDI030,Ferozepur,Wheat,1965.0,2374.85,2170.12,2275.0
PR002754,2026-01-13,MANDI009,Ambala,Narma,6339.0,7458.54,6898.75,6620.0
PR008727,2026-07-19,MANDI055,Patiala,Rice,,2150.55,2045.47,
PR005330,2026-08-26,MANDI025,Hisar,Wheat,2197.93,2309.58,2254.0,2275.0
PR001813,2026-08-31,MANDI001,Ludhiana,Sugarcane,3674.92,4220.7,3947.81,3500.0
PR010665,2026-08-25,MANDI031,Fatehabad,Wheat,2343.0,2837.87,2590.42,2275.0
PR006258,2026-09-09,MANDI010,Ambala,Rice,2277.65,2576.18,2426.91,2183.0
PR001209,2026-01-19,MANDI040,Sirsa,Wheat,1991.0,2150.14,2070.43,2275.0
PR004325,2026-03-26,MANDI055,Bathinda,Maize,2017.0,2211.0,2114.0,2090.0
PR003357,2026-05-03,MANDI054,Saharanpur,Sarso,5659.93,6160.86,5910.0,5650.0
PR005447,2026-10-06,MANDI047,Karnal,Sugarcane,3264.93,3949.0,3606.86,3500.0
PR005945,2026-01-02,MANDI015,Ambala,Maize,1866.0,2171.74,2018.87,2090.0
PR005301,2026-05-01,MANDI018,Hisar,Mustard,5068.78,5977.38,5523.08,
PR006325,2026-01-15,MANDI044,Ferozepur,Wheat,2011.29,2328.48,2170.0,2275.0
PR007107,2026-06-10,MANDI053,Ferozepur,Cotton,6119.07,6772.25,6445.66,
PR009279,2026-04-09,MANDI021,Karnal,Cotton,6798.0,8253.56,7525.56,6620.0
PR011336,2026-02-08,MANDI046,,Maize,1805.0,1964.0,1884.0,2090.0
PR008701,2026-06-09,MANDI006,Jalandhar,Maize,1982.22,2386.3,,2090.0
PR007175,2026-02-11,MANDI030,Sirsa,Rice,2160.84,2635.34,2398.09,2183.0
PR008110,2026-03-19,MANDI014,Ferozepur,Rice,2166.94,2522.0,2344.69,2183.0
PR002532,2026-04-19,MANDI033,Hisar,Mustard,5621.57,6480.55,6051.06,5650.0
PR011238,2026-02-14,MANDI031,Ludhiana,Wheat,2323.02,2482.0,2402.71,2275.0
PR011967,2026-03-22,MANDI040,Fatehabad,Rice,2164.86,2602.65,2384.0,2183.0
PR002663,2026-05-04,MANDI005,Ambala,Cotton,6679.0,7653.46,7166.37,6620.0
PR007087,2026-01-08,MANDI019,Moga,Wheat,2266.0,2437.48,2351.68,2275.0
PR003107,2026-04-30,MANDI025,Karnal,Mustard,5687.0,6615.54,6151.28,5650.0
PR001217,2026-01-23,MANDI053,Karnal,Maize,1977.0,2462.74,2219.82,2090.0
PR007204,2026-07-28,MANDI046,Bathinda,Wheat,2385.08,2635.0,2510.07,2275.0
PR005706,2026-06-15,MANDI027,Kurukshetra,Wheat,2012.0,2344.0,2178.0,2275.0
PR007845,2026-01-13,,Kurukshetra,Chawal,2138.0,2506.9,2322.3,
PR003708,2026-06-21,MANDI020,Sirsa,Sugarcane,3343.87,3627.94,3486.0,3500.0
PR000677,2026-03-27,MANDI025,Fatehabad,Wheat,2367.0,2740.08,2553.48,2275.0
PR003430,2026-09-06,MANDI022,Sirsa,Wheat,2016.3,2175.88,2096.0,
PR010843,2026-07-17,MANDI045,Meerut,Sugarcane,3502.0,3704.51,3603.0,3500.0
PR002953,2026-08-28,MANDI026,Kurukshetra,Wheat,2188.17,2502.0,,2275.0
PR008850,2026-06-02,MANDI029,Patiala,Mustard,4960.0,5964.3,5462.0,5650.0
PR000691,2026-06-09,MANDI027,Ludhiana,Wheat,2199.14,2711.99,2455.56,
PR000347,2026-06-28,MANDI029,Sirsa,Cotton,6144.37,7554.34,6849.36,6620.0
PR001758,2026-04-10,MANDI021,Ferozepur,Cotton,5685.83,6239.0,5962.0,6620.0
PR001045,2026-05-18,,Ambala,Cotton,6544.0,7349.98,6947.0,6620.0
PR008513,2026-05-07,MANDI020,Ferozepur,Sugarcane,3454.0,3995.9,3724.77,3500.0
PR010171,2026-01-05,MANDI026,Hisar,Rice,2085.97,2586.97,2336.47,2183.0
PR000156,2026-05-14,,Amritsar,Rice,1908.0,2087.0,1997.82,2183.0
PR008891,2026-08-28,MANDI005,Kurukshetra,Rice,2241.41,2438.73,2340.07,2183.0
PR009559,2026-01-15,MANDI044,Agra,Maize,2047.89,2256.5,2152.0,2090.0
PR008074,2026-01-08,MANDI024,Karnal,Mustard,5535.0,6389.34,5962.0,5650.0
PR007237,2026-08-04,MANDI022,Bathinda,Narma,,8351.0,7562.0,6620.0
PR001439,2026-07-31,MANDI028,Patiala,Maize,2104.2,2373.15,2238.68,2090.0
PR008422,2026-07-21,MANDI020,Kurukshetra,Wheat,2143.0,2342.62,2243.0,2275.0
PR006928,2026-06-20,MANDI030,Moga,Ganne,,4043.17,3827.24,
PR002060,2026-07-22,MANDI051,Ludhiana,Sarso,5341.66,5880.5,5611.0,5650.0
PR006556,2026-05-10,MANDI011,Sirsa,Cotton,6509.6,7922.0,7215.88,6620.0
PR011590,2026-07-04,MANDI044,Kurukshetra,Rice,1960.23,2273.64,2116.93,2183.0
PR009362,2026-04-24,,Kurukshetra,Maize,1803.97,1969.0,1886.34,2090.0
PR009907,2026-06-17,MANDI038,Patiala,Makki,1979.0,2206.14,2092.36,2090.0
PR007277,2026-07-02,MANDI008,Ferozepur,Ganne,3019.82,3503.0,3261.0,3500.0
PR000243,2026-04-07,MANDI020,Moga,Mustard,5363.0,6459.0,5911.12,
PR011376,2026-08-08,MANDI012,Ambala,Cotton,5657.5,6053.0,5855.0,
PR003566,2026-03-02,MANDI028,Jalandhar,Maize,1864.0,2146.0,2004.95,2090.0
PR005458,2026-02-20,MANDI002,Kurukshetra,Ganne,3073.31,3783.37,3428.0,3500.0
PR007979,2026-07-18,MANDI041,Karnal,Mustard,5057.22,5744.34,5400.78,5650.0
PR010024,2026-01-16,MANDI016,Fatehabad,Rice,2202.0,2585.88,2394.0,2183.0
PR007765,2026-01-24,MANDI046,Fatehabad,Cotton,6729.35,7830.0,7280.0,
PR010479,2026-02-27,MANDI022,Sirsa,Maize,1838.21,1931.0,1885.0,2090.0
PR007337,2026-01-12,MANDI017,Jalandhar,Wheat,2321.79,2649.68,2485.74,
PR001351,2026-08-06,MANDI032,Amritsar,Mustard,5399.95,6624.93,6012.0,5650.0
PR008315,2026-04-18,MANDI008,Bathinda,Sarso,5385.71,6696.91,6041.31,5650.0
PR007281,2026-02-18,MANDI033,Bathinda,Sugarcane,,3591.16,,3500.0
PR007323,2026-03-19,MANDI046,Ambala,Maize,2012.7,2329.25,2170.97,2090.0
PR010198,2026-06-22,MANDI025,Ludhiana,Mustard,5301.4,5919.43,5610.0,5650.0
PR000713,2026-05-10,MANDI008,Ambala,Cotton,5810.39,6886.0,6348.28,6620.0
PR006222,2026-07-16,MANDI011,Moga,Wheat,2364.32,2793.44,2578.88,2275.0
PR003872,2026-02-18,MANDI032,Ambala,Maize,2028.0,2174.0,2101.02,2090.0
PR007609,2026-04-16,MANDI043,Ambala,Sugarcane,3070.0,3291.52,3180.59,3500.0
PR001333,2026-07-01,,Jalandhar,Maize,1939.5,2368.58,2154.04,2090.0
PR003185,2026-01-28,MANDI044,Ambala,Rice,2171.92,2317.44,2244.68,2183.0
PR005476,2026-01-08,MANDI056,Bareilly,Wheat,2190.91,2352.25,2271.58,
PR007358,2026-09-05,MANDI050,Hisar,Narma,5968.21,6314.89,6141.55,
PR005684,2026-02-25,,,Cotton,5802.0,6960.2,6381.13,6620.0
PR004699,2026-05-07,MANDI055,Karnal,Sugarcane,3286.35,3838.0,3562.0,3500.0
PR002231,2026-06-05,MANDI050,Ferozepur,Maize,1920.63,2049.11,1984.87,
PR010561,2026-02-20,MANDI024,Fatehabad,Wheat,2305.0,2568.83,2436.83,
PR000447,2026-08-30,MANDI054,Hisar,Mustard,4859.38,5826.0,5342.87,5650.0
PR003794,2026-07-21,MANDI053,Saharanpur,Sugarcane,3328.97,3764.98,3547.0,3500.0
PR005179,2026-08-26,MANDI006,Moga,Wheat,1954.0,2086.97,2020.26,2275.0
PR000604,2026-07-16,MANDI039,Ferozepur,Cotton,6771.9,7800.49,7286.19,
PR010913,2026-06-16,MANDI024,Karnal,Maize,1824.0,1948.87,1886.67,2090.0
PR001887,2026-03-21,MANDI001,Moga,Mustard,5432.63,6155.84,5794.23,
PR001557,2026-06-26,MANDI032,Amritsar,Mustard,5486.47,6596.0,6041.1,5650.0
PR002204,2026-03-10,MANDI051,Ludhiana,Maize,1892.07,2239.12,2065.6,
PR011905,2026-03-30,MANDI047,Kurukshetra,Wheat,2320.83,2613.61,,2275.0
PR004322,2026-07-13,MANDI016,Ludhiana,Sugarcane,3347.19,4176.0,3762.0,3500.0
PR006580,2026-03-11,MANDI056,Ferozepur,Rice,2161.5,2681.43,2421.47,2183.0
PR009897,2026-05-12,MANDI037,Jalandhar,Wheat,2087.58,2353.61,2220.59,2275.0
PR000193,2026-02-21,MANDI021,Ferozepur,Maize,2105.0,2552.28,2328.51,2090.0
PR004282,2026-03-29,MANDI019,Bathinda,Maize,1956.2,2164.17,2060.0,2090.0
PR011367,2026-02-20,MANDI027,Hisar,Wheat,2287.76,2430.24,2359.0,2275.0
PR002367,2026-05-22,MANDI029,Ferozepur,Cotton,,6871.78,6261.0,6620.0
PR009565,2026-01-17,,Kurukshetra,चावल,2098.3,2435.0,2266.69,
PR006231,2026-04-19,MANDI020,Sirsa,Chawal,2148.0,2332.0,,2183.0
PR008155,2026-08-24,MANDI008,Amritsar,Sugarcane,3470.0,4323.0,3896.68,3500.0
PR009616,2026-08-16,MANDI026,Hisar,Rice,1869.0,2001.14,1935.25,2183.0
PR008374,2026-05-21,MANDI053,Moga,Maize,1970.0,2320.0,2145.33,2090.0
PR010052,2026-03-10,MANDI010,Jalandhar,Rice,2221.97,2584.53,2403.0,
PR003251,2026-03-09,MANDI028,Amritsar,Sarso,4827.12,5668.03,,5650.0
PR006798,2026-05-15,MANDI007,Bathinda,Cotton,6001.0,7499.97,6750.0,6620.0
PR011097,2026-02-20,MANDI011,Patiala,Sugarcane,3514.0,4370.0,3942.12,3500.0
PR005375,2026-01-14,MANDI028,Ferozepur,Ganne,3175.0,3817.56,3496.31,3500.0
PR006492,2026-07-16,MANDI029,Patiala,Rice,2013.0,2238.07,2125.65,2183.0
PR005486,2026-04-03,MANDI022,Jalandhar,Wheat,2336.18,2649.0,2492.59,2275.0
PR010941,2026-06-16,MANDI009,Patiala,Sarso,5649.69,6464.81,6057.25,
PR006839,2026-11-04,MANDI021,Patiala,Cotton,6029.03,6802.0,6415.73,6620.0
PR005923,2026-04-06,MANDI006,Kurukshetra,Cotton,6278.0,7564.63,,6620.0
PR007591,2026-09-06,MANDI012,Patiala,Makki,,2374.78,2210.0,2090.0
PR007346,2026-06-20,MANDI025,Jalandhar,Sugarcane,3222.0,3993.59,3608.0,3500.0
PR004574,2026-09-01,MANDI022,Bathinda,Cotton,,7220.0,6982.0,6620.0
PR011711,2026-07-18,MANDI001,Ludhiana,Rice,2288.0,2812.0,2549.89,
PR005322,2026-07-17,,Patiala,Chawal,2056.0,2211.0,2133.0,2183.0
PR000183,2026-09-05,MANDI057,Bareilly,Sarso,5901.65,6988.07,6444.86,5650.0
PR007127,2026-07-20,,Jalandhar,Maize,2113.0,2422.72,2267.79,
PR009872,2026-03-24,MANDI015,Sirsa,Sugarcane,2983.2,3607.92,3295.56,3500.0
PR006468,2026-04-27,MANDI021,Ambala,Ganne,3605.1,3985.89,3795.5,
PR000554,2026-05-04,MANDI026,Kurukshetra,Sugarcane,3406.68,3964.6,3685.64,3500.0
PR008188,2026-03-25,MANDI055,Bareilly,Wheat,2101.0,2306.66,2203.9,2275.0
PR000283,2026-02-14,MANDI034,Ferozepur,चावल,1887.89,2123.49,2005.69,
PR006717,2026-06-19,MANDI025,Fatehabad,Rice,1983.0,2324.82,2153.93,
PR003638,2026-02-18,,Ambala,Maize,2140.0,2672.0,2406.12,2090.0
PR009701,2026-02-20,MANDI044,Sirsa,Sugarcane,3442.0,4009.0,3725.61,3500.0
PR001556,2026-05-10,MANDI037,Amritsar,Sugarcane,3295.29,3823.0,3558.93,3500.0
PR004206,2026-06-12,MANDI027,Patiala,Wheat,1945.0,2206.53,2076.01,2275.0
PR010824,2026-02-12,MANDI032,,Maize,2142.0,2399.92,2270.76,
PR000135,2026-04-15,MANDI030,Jalandhar,Rice,2273.81,2690.43,2482.12,2183.0
PR005597,2026-01-06,,Amritsar,Sugarcane,3122.42,3499.14,3310.78,3500.0
PR011397,2026-05-17,,Amritsar,Rice,1977.87,2232.43,2105.0,2183.0
PR005845,2026-05-04,MANDI023,Ferozepur,Cotton,6906.39,7314.4,7110.0,6620.0
PR005729,2026-03-24,MANDI049,Ferozepur,Sarso,5015.0,5850.0,5432.47,5650.0
PR002826,2026-06-06,MANDI021,Jalandhar,Sarso,4948.0,6177.0,5562.77,5650.0
PR011912,2026-02-21,MANDI039,Ludhiana,Rice,2160.0,2678.85,2419.62,2183.0
PR000551,2026-02-15,MANDI005,Kurukshetra,Sugarcane,3591.0,4098.14,3844.46,3500.0
PR000925,2026-02-17,MANDI043,Kurukshetra,Cotton,5781.62,6200.53,5991.0,6620.0
PR006611,2026-03-21,MANDI057,Kurukshetra,Sugarcane,3288.57,3823.42,3555.99,3500.0
PR002570,2026-02-16,MANDI009,Bathinda,Cotton,6069.0,6734.0,6401.0,6620.0
PR004458,2026-05-05,MANDI055,Bathinda,Narma,6308.0,7485.57,6896.63,
PR009357,2026-07-09,,Karnal,Sugarcane,3176.0,3819.34,3498.0,3500.0
PR003742,2026-02-14,,Moga,Rice,2015.95,2130.28,2073.11,2183.0
PR004600,2026-04-19,MANDI008,Patiala,Rice,2084.78,2364.0,2224.22,2183.0
PR010450,2026-03-05,MANDI028,Sirsa,Sugarcane,3144.35,3518.47,3331.0,
PR010917,2026-08-01,MANDI017,Ferozepur,Wheat,2173.85,2714.45,2444.15,2275.0
PR003211,2026-04-09,MANDI013,Patiala,Sugarcane,,,3687.0,3500.0
PR000381,2026-04-18,MANDI018,Moga,Rice,2049.73,2359.97,2204.85,2183.0
PR011424,2026-01-27,MANDI024,Hisar,Maize,1942.54,2085.14,2013.84,2090.0
PR003275,2026-05-16,MANDI012,Amritsar,Mustard,5547.15,6298.0,5923.0,
PR011769,2026-07-22,MANDI006,Ludhiana,Maize,1839.98,2279.81,2059.9,2090.0
PR003839,2026-08-14,,Ambala,Maize,2135.42,2616.64,2376.03,2090.0
PR006318,2026-08-20,MANDI005,Karnal,Makki,1835.0,2231.02,2033.12,2090.0
PR001874,2026-04-01,MANDI007,Ambala,Sugarcane,3205.05,3664.12,3434.59,3500.0
PR008884,2026-07-08,MANDI029,Sirsa,Rice,2180.46,2594.0,2387.17,2183.0
PR011357,2026-01-28,,Ambala,Rice,2237.6,2438.74,2338.17,2183.0
PR004074,2026-02-22,MANDI011,Sirsa,Makki,2069.0,2544.35,2306.83,2090.0
PR008066,2026-04-26,MANDI014,Ludhiana,Mustard,5246.0,5915.82,5580.84,5650.0
PR008168,2026-05-05,,Bathinda,Sugarcane,3497.61,4355.0,,
PR000648,2026-08-04,MANDI037,Ludhiana,Ganne,3029.0,3354.0,3191.07,3500.0
PR009238,2026-05-26,,,Mustard,5465.61,5788.8,5627.2,5650.0
PR006405,2026-06-17,MANDI033,Karnal,Sarso,5411.09,6696.22,6053.66,
PR004349,2026-02-25,MANDI031,Bathinda,Cotton,,7546.0,7213.0,6620.0
PR000905,2026-06-20,MANDI042,Patiala,Wheat,2217.35,,,2275.0
PR006349,2026-08-11,MANDI047,Hisar,Sugarcane,3429.36,4080.03,3754.7,3500.0
PR000190,2026-02-02,MANDI050,Patiala,चावल,2013.92,2128.0,2070.8,2183.0
PR010431,2026-09-01,MANDI033,Ambala,Cotton,6853.6,8230.08,7541.84,6620.0
PR004006,2026-07-25,MANDI006,Sirsa,Rice,2230.27,2564.0,2397.36,2183.0
PR003993,2026-09-02,MANDI025,Karnal,Sugarcane,3239.0,3447.98,3343.37,
PR011614,2026-07-13,MANDI042,Hisar,Rice,2096.0,2226.7,2161.0,2183.0
PR004145,2026-02-22,MANDI015,Ferozepur,Sarso,5629.2,5922.06,5776.0,
PR003311,2026-01-15,MANDI035,Ludhiana,Mustard,5297.09,5780.24,,5650.0
PR003924,2026-01-09,MANDI024,Amritsar,Maize,1956.0,2289.24,2122.58,2090.0
PR004483,2026-06-16,MANDI041,Moga,Sarso,5121.0,6376.0,5748.0,5650.0
PR009603,2026-07-11,MANDI057,Amritsar,Mustard,5161.0,6446.78,5804.08,
PR011862,2026-01-25,MANDI046,,Sugarcane,3039.03,3582.0,3310.57,3500.0
PR006693,2026-02-04,MANDI015,Kurukshetra,Sugarcane,3648.97,3981.0,,3500.0
PR007261,2026-02-06,MANDI021,Ludhiana,Mustard,,5596.0,5333.29,5650.0
PR006467,2026-10-01,,Kurukshetra,Mustard,5528.39,5994.67,5762.0,5650.0
PR000662,2026-08-10,MANDI053,Saharanpur,Maize,2075.0,2269.82,2172.0,2090.0
PR000304,2026-01-29,MANDI042,Hisar,Wheat,2378.81,2677.05,2527.93,
PR006347,2026-05-31,MANDI021,Ambala,Cotton,5917.0,6404.57,6160.81,6620.0
PR010429,2026-04-16,MANDI015,Karnal,Wheat,2386.89,2592.0,2489.32,2275.0
PR002458,2026-03-02,MANDI028,Bathinda,Rice,,2743.11,2488.87,2183.0
PR004470,2026-02-05,MANDI001,Karnal,Cotton,5992.0,7118.59,6555.07,6620.0
PR000851,2026-03-07,MANDI040,Ferozepur,Wheat,1950.82,2328.55,2139.69,2275.0
PR002387,2026-04-10,MANDI045,Ferozepur,Sugarcane,3467.0,4191.61,3829.49,3500.0
PR011192,2026-06-11,MANDI026,Fatehabad,Wheat,1969.12,2258.71,2114.0,
PR010001,2026-04-27,MANDI024,Hisar,Maize,2074.18,2568.87,2322.0,2090.0
PR001744,2026-07-23,MANDI034,Sirsa,Wheat,,,2176.8,2275.0
PR001052,2026-02-07,MANDI008,Amritsar,Maize,2109.76,,2263.6,2090.0
PR007090,2026-07-29,MANDI055,Fatehabad,Wheat,2384.0,2926.04,2654.96,2275.0
PR005615,2026-08-08,MANDI014,Ferozepur,Maize,2183.36,2292.98,2238.0,
PR005938,2026-01-01,MANDI017,Bathinda,Mustard,5912.47,6254.71,6083.59,5650.0
PR001749,2026-01-05,MANDI036,Bathinda,Cotton,,6775.0,6415.17,6620.0
PR001865,2026-03-09,MANDI038,Moga,Wheat,2300.85,2637.0,2469.0,2275.0
PR000337,2026-02-15,MANDI044,Kurukshetra,Rice,2041.12,2440.0,2240.56,2183.0
PR008077,2026-03-06,MANDI015,Kurukshetra,Rice,2004.92,2117.05,2060.98,2183.0
PR008615,2026-01-25,MANDI022,Fatehabad,Wheat,2201.93,,2271.95,2275.0
PR003857,2026-07-30,MANDI034,Ambala,Cotton,6738.42,8378.0,7558.1,6620.0
PR000433,2026-08-04,MANDI027,Ferozepur,Maize,2032.63,2253.0,2142.57,2090.0
PR008191,2026-06-28,MANDI045,Meerut,Cotton,6130.86,7165.0,6647.93,6620.0
PR006828,2026-07-08,MANDI004,Ludhiana,Mustard,5583.25,6766.05,6174.65,5650.0
PR000822,2026-01-03,MANDI007,Ferozepur,Mustard,5576.0,6735.94,6156.0,5650.0
PR009106,2026-06-29,MANDI032,Kurukshetra,Sugarcane,3175.0,3404.63,3290.0,3500.0
PR005913,2026-09-02,MANDI016,Patiala,Cotton,6697.0,7279.29,6988.0,6620.0
PR011111,2026-01-01,MANDI043,Ferozepur,Wheat,2207.69,,2287.0,
PR011740,2026-03-13,MANDI042,Amritsar,Makki,1875.22,2293.88,2084.55,2090.0
PR006505,2026-01-01,MANDI013,Ferozepur,Sarso,4929.0,5885.86,,5650.0
PR010302,2026-01-04,MANDI037,Ambala,Cotton,5704.81,7014.45,6360.0,6620.0
PR005022,2026-08-20,MANDI028,Sirsa,Wheat,2372.49,2908.88,2640.68,2275.0
PR004518,2026-02-18,MANDI042,Ambala,Wheat,2000.4,2424.11,2212.25,2275.0
PR003543,2026-04-13,MANDI051,Karnal,Cotton,6612.0,7423.0,7018.0,6620.0
PR003711,2026-05-23,MANDI048,Ferozepur,Rice,1906.1,2272.91,2090.0,2183.0
PR000121,2026-07-25,MANDI003,Bathinda,Cotton,5960.0,6360.4,6160.42,6620.0
PR011461,2026-07-08,MANDI026,Bathinda,Rice,1911.74,2154.95,2033.0,2183.0
PR009705,2026-05-25,,Jalandhar,Maize,1965.87,2452.0,2209.07,2090.0
PR003181,2026-12-01,MANDI015,Hisar,Cotton,6936.0,7998.08,,6620.0
PR011460,2026-07-13,,Jalandhar,Mustard,4850.36,5990.18,5420.0,
PR008570,2026-03-05,MANDI045,Amritsar,Chawal,2032.7,,2236.7,
PR006202,2026-08-09,MANDI036,Jalandhar,Sugarcane,3309.0,3647.35,3478.08,3500.0
PR010256,2026-07-26,MANDI057,Patiala,Rice,2132.0,2450.11,2291.0,2183.0
PR005483,2026-03-26,MANDI014,Patiala,Mustard,5859.0,6256.08,6058.0,
PR003063,2026-03-24,MANDI056,Amritsar,Chawal,2256.04,2416.0,2336.01,
PR008532,2026-03-06,,Fatehabad,Mustard,5584.26,6893.0,6238.83,
PR000776,2026-08-23,MANDI037,Amritsar,Maize,1882.91,2061.0,1972.12,
PR011565,2026-03-10,MANDI016,Ludhiana,Wheat,2092.25,2522.25,2307.25,2275.0
PR000963,2026-02-21,MANDI038,Moga,Sugarcane,3479.4,3735.12,3607.26,3500.0
PR000572,2026-08-02,MANDI041,Karnal,Narma,6305.0,7265.0,6785.0,6620.0
PR009531,2026-02-08,MANDI024,Fatehabad,चावल,1921.11,2086.68,2003.89,2183.0
PR011655,2026-03-19,MANDI015,Ludhiana,चावल,2026.88,2366.76,2196.82,
PR010166,2026-03-13,MANDI024,Moga,Sugarcane,,3798.0,3590.57,3500.0
PR005256,2026-04-05,MANDI045,Meerut,Sugarcane,3572.61,4236.0,3904.13,
PR003231,2026-01-03,MANDI042,Amritsar,Wheat,2055.89,2220.3,2138.1,2275.0
PR010660,2026-09-06,MANDI040,Sirsa,Wheat,2192.14,2729.14,2460.64,2275.0
PR001199,2026-09-01,MANDI049,Patiala,Makki,2118.75,2316.65,2217.7,2090.0
PR008822,2026-05-26,MANDI046,Ambala,Mustard,5627.62,6787.0,6207.42,
PR007511,2026-12-01,,Ambala,Mustard,5852.59,7242.05,,5650.0
PR003870,2026-03-25,MANDI032,Bathinda,Wheat,2338.13,2572.8,2455.47,2275.0
PR007421,2026-03-07,MANDI018,Moga,Maize,1970.0,2368.0,2169.0,
PR004640,2026-05-15,MANDI053,Hisar,Maize,1996.18,2319.72,2158.0,2090.0
PR005797,2026-05-06,MANDI024,Kurukshetra,Sugarcane,3485.84,4291.87,3888.85,3500.0
PR002152,2026-04-18,MANDI045,Karnal,Wheat,2216.0,2348.75,2282.2,2275.0
PR008931,2026-09-04,MANDI046,Fatehabad,Narma,6605.04,7943.0,7274.09,6620.0
PR009439,2026-04-18,MANDI050,Sirsa,Makki,2175.03,2346.9,2260.97,2090.0
PR009024,2026-01-24,MANDI006,Fatehabad,Rice,2096.0,2307.0,2201.91,2183.0
PR005808,2026-01-03,MANDI021,Karnal,Wheat,2140.0,2595.95,2367.99,2275.0
PR004623,2026-01-28,MANDI053,Fatehabad,Wheat,1983.85,2390.0,2187.15,2275.0
PR010200,2026-07-29,MANDI003,Ferozepur,Sugarcane,3411.48,3857.71,3634.59,3500.0
PR005864,2026-04-14,MANDI033,Ambala,Wheat,2030.0,2530.0,2279.81,2275.0
PR007933,2026-06-29,MANDI037,Ambala,Sugarcane,3111.69,3549.0,,3500.0
PR008069,2026-04-23,,Hisar,Maize,1784.0,2042.07,1912.96,
PR006214,2026-08-21,MANDI048,Ambala,Cotton,6191.0,6594.67,6392.59,
PR006087,2026-01-20,MANDI001,Fatehabad,Mustard,5150.0,5669.0,5409.85,
PR006674,2026-06-06,MANDI041,Fatehabad,Sugarcane,3213.42,3859.46,3536.0,3500.0
PR008993,2026-04-18,MANDI047,Kurukshetra,Sugarcane,3081.1,3330.0,3205.75,3500.0
PR009994,2026-08-27,MANDI048,Muzaffarnagar,Rice,2105.0,2457.41,2280.99,2183.0
PR008749,2026-05-30,MANDI046,Karnal,Cotton,,7982.87,,
PR004608,2026-08-12,MANDI047,Fatehabad,Chawal,,2549.0,2338.09,
PR001577,2026-01-09,MANDI041,Fatehabad,Ganne,3538.9,3781.0,3660.13,
PR003693,2026-02-05,,Ferozepur,Narma,6195.0,7689.03,6942.03,6620.0
PR011881,2026-01-11,MANDI028,Sirsa,Cotton,5874.0,6853.43,6364.0,6620.0
PR001951,2026-07-25,,Moga,Mustard,5796.85,6984.09,6390.47,5650.0
PR006013,2026-04-09,MANDI031,Sirsa,Mustard,5337.0,6468.28,5902.59,5650.0
PR005318,2026-06-23,MANDI023,Amritsar,Maize,2011.74,2231.58,2121.66,
PR002149,2026-04-28,MANDI044,Kurukshetra,Narma,5670.0,6120.0,5895.17,6620.0
PR009311,2026-10-03,MANDI045,Moga,Mustard,5417.0,5996.79,5707.09,5650.0
PR001057,2026-12-08,MANDI049,Kurukshetra,Maize,1798.0,1974.01,1886.24,
PR003324,2026-05-13,MANDI046,Ambala,Wheat,2331.51,2807.73,2569.62,
PR003057,2026-01-21,MANDI026,Kurukshetra,Mustard,5853.35,7216.94,6535.15,
PR007314,2026-02-17,MANDI009,Hisar,Cotton,6564.89,7532.0,7048.67,6620.0
PR006229,2026-06-23,MANDI045,Bathinda,Makki,2032.0,2295.17,2163.67,2090.0
PR004306,2026-02-11,MANDI044,Ludhiana,Wheat,2356.98,,2626.76,2275.0
PR008955,2026-06-02,MANDI037,Moga,Rice,1893.98,2032.0,1963.0,2183.0
PR001821,2026-05-15,MANDI032,Karnal,चावल,,2234.0,2057.22,2183.0
PR000998,2026-06-07,MANDI054,Ferozepur,Narma,6187.0,6949.37,6568.03,6620.0
PR000586,2026-06-10,MANDI052,Hisar,Rice,2136.0,2402.62,2269.23,2183.0
PR011683,2026-07-20,MANDI040,Fatehabad,Wheat,2350.0,2486.0,2418.0,2275.0
PR010303,2026-08-16,MANDI002,Hisar,Maize,2036.03,2176.35,2106.19,2090.0
PR011234,2026-02-16,MANDI005,Moga,Mustard,,5420.0,5137.0,5650.0
PR003182,2026-01-18,MANDI054,Patiala,Cotton,5724.0,7033.68,6378.78,6620.0
PR010254,2026-05-11,MANDI010,Moga,Sugarcane,3112.35,,3329.0,3500.0
PR005279,2026-07-14,MANDI004,Fatehabad,Sarso,4940.0,5837.87,,5650.0
PR011959,2026-03-14,MANDI051,Moga,Sarso,5477.28,5931.0,5704.36,
PR003003,2026-07-15,MANDI042,Ferozepur,Sugarcane,2999.0,3293.46,3146.1,3500.0
PR000351,2026-05-03,MANDI057,Kurukshetra,Rice,1968.2,2215.0,2092.0,2183.0
PR006369,2026-03-05,MANDI023,Karnal,Sugarcane,3279.27,3914.34,3597.0,3500.0
PR001085,2026-08-23,MANDI043,Ludhiana,Mustard,5793.72,,6216.0,5650.0
PR000817,2026-08-17,MANDI019,Ludhiana,Mustard,5925.0,6606.0,6265.23,
PR004719,2026-07-15,MANDI013,Ferozepur,Sugarcane,,,3657.45,
PR002337,2026-01-17,MANDI034,Ferozepur,Wheat,2249.34,2732.24,2491.0,
PR005838,2026-06-20,MANDI032,Bathinda,Cotton,6886.0,7722.99,7304.63,
PR005271,2026-01-27,MANDI045,Moga,Wheat,,2510.0,2417.0,2275.0
PR000914,2026-03-19,MANDI014,Patiala,Sarso,5734.65,6041.0,5887.7,5650.0
PR002845,2026-06-04,MANDI057,Kurukshetra,Sarso,5914.71,6683.0,6298.83,5650.0
PR006430,2026-08-13,MANDI042,Sirsa,Wheat,2223.16,2365.0,2294.31,
PR000607,2026-01-17,MANDI016,Moga,Wheat,2151.58,2616.0,2384.0,2275.0
PR005010,2026-07-07,MANDI026,Bathinda,Wheat,2358.0,2745.2,2551.38,2275.0
PR002931,2026-03-15,,Patiala,Mustard,5481.65,5865.54,5674.0,5650.0
PR007423,2026-06-18,MANDI041,Karnal,Mustard,5204.77,5766.27,5485.52,5650.0
PR002670,2026-12-04,MANDI047,Ferozepur,Sarso,5624.78,5959.84,5792.0,5650.0
PR003190,2026-04-16,MANDI034,Amritsar,Wheat,2063.03,2398.09,2230.56,2275.0
PR002987,2026-07-14,MANDI024,Ambala,Wheat,2179.65,2722.0,2450.91,2275.0
PR007307,2026-01-02,MANDI052,Hisar,Mustard,5746.0,7164.0,6455.36,5650.0
PR009670,2026-05-03,,Sirsa,Mustard,5631.31,6363.07,5997.0,5650.0
PR002644,2026-01-20,MANDI038,Kurukshetra,Narma,6614.0,7977.6,7296.0,6620.0
PR009100,2026-04-23,MANDI002,Ferozepur,Rice,2124.54,2494.16,2309.35,2183.0
PR011624,2026-03-20,MANDI035,Hisar,Wheat,2077.65,2264.42,2171.03,2275.0
PR010850,2026-06-13,MANDI021,Fatehabad,Sugarcane,2980.73,3603.3,,3500.0
PR005648,2026-05-03,MANDI017,Moga,Sugarcane,3082.29,3490.0,3286.19,3500.0
PR004244,2026-05-14,MANDI021,Amritsar,Wheat,2190.77,2566.0,2378.48,
PR010051,2026-01-10,MANDI005,Amritsar,Rice,2203.86,2324.0,2264.15,2183.0
PR006080,2026-06-26,MANDI042,Sirsa,Mustard,5333.02,6615.37,5974.19,
PR006453,2026-04-26,MANDI027,Ludhiana,Rice,2275.12,2534.0,2404.0,
PR001262,2026-09-07,MANDI009,Ferozepur,Sugarcane,3016.38,3730.05,3373.22,
PR001891,2026-02-25,MANDI001,Ludhiana,Maize,1939.0,2239.0,2088.91,2090.0
PR007105,2026-02-11,MANDI005,Ambala,Wheat,2335.34,2860.12,2598.0,2275.0
PR002785,2026-09-07,MANDI035,Kurukshetra,Wheat,,2571.89,2454.73,2275.0
PR005757,2026-03-23,MANDI004,Ludhiana,Wheat,2000.98,2362.0,2181.28,2275.0
PR002268,2026-05-23,MANDI026,Amritsar,Rice,2248.0,2642.49,2445.08,2183.0
PR003004,2026-05-09,MANDI048,Moga,Narma,6580.77,7060.0,6820.33,6620.0
PR002793,2026-01-03,MANDI050,Ludhiana,Maize,,2283.86,2146.52,2090.0
PR010574,2026-05-29,MANDI047,Ferozepur,Sugarcane,3013.0,3414.02,3213.0,3500.0
PR011044,2026-08-06,MANDI049,Karnal,Wheat,2298.0,2497.38,2398.0,2275.0
PR000957,2026-07-25,,Jalandhar,Maize,2057.93,2289.63,2174.0,2090.0
PR007715,2026-02-27,MANDI045,Jalandhar,Rice,2237.84,2626.94,2432.39,2183.0
PR010548,2026-03-02,MANDI040,Moga,Wheat,2363.1,2684.5,2523.8,2275.0
PR003606,2026-05-23,MANDI051,Sirsa,Mustard,5709.0,6925.0,6317.08,
PR005030,2026-06-24,MANDI052,Amritsar,Wheat,2281.72,2458.13,2369.92,2275.0
PR009592,2026-02-13,MANDI034,Ambala,Cotton,6912.5,8196.55,7554.53,6620.0
PR000959,2026-06-29,MANDI055,Bareilly,Mustard,5645.04,6241.46,5943.25,5650.0
PR005561,2026-08-01,MANDI045,Karnal,Maize,2120.64,2591.16,2355.9,2090.0
PR011921,2026-03-07,MANDI039,Ambala,Cotton,5764.89,6361.97,6063.43,
PR010272,2026-06-25,MANDI017,Moga,Wheat,2168.0,2596.0,2382.16,2275.0
PR011761,2026-04-24,MANDI009,Karnal,Cotton,5865.57,,6582.0,6620.0
PR005519,2026-09-09,MANDI004,Sirsa,Rice,1888.0,2269.02,2079.0,2183.0
PR002285,2026-06-19,,Ambala,Wheat,2233.48,2607.99,2420.73,2275.0
PR004618,2026-08-17,MANDI034,Kurukshetra,Sugarcane,3545.91,3886.83,3716.37,3500.0
PR009107,2026-01-18,,,Wheat,2105.0,2442.21,2273.62,2275.0
PR010139,2026-02-17,MANDI052,Saharanpur,Wheat,2143.25,2265.32,2204.29,2275.0
PR002095,2026-04-20,MANDI021,Kurukshetra,Chawal,2184.03,2670.8,2427.41,2183.0
PR006038,2026-01-25,MANDI019,Ludhiana,Wheat,2379.77,2573.47,2476.62,2275.0
PR002562,2026-07-10,,Fatehabad,Makki,1833.0,2147.73,1990.19,2090.0
PR003017,2026-08-02,MANDI011,Ludhiana,Wheat,1970.37,2295.0,2132.47,2275.0
PR005453,2026-06-18,MANDI028,Jalandhar,Wheat,2242.38,,2503.02,2275.0
PR004980,2026-06-20,MANDI025,Ludhiana,Mustard,5695.0,7053.41,6374.0,5650.0
PR007677,2026-04-23,MANDI051,Fatehabad,Rice,2115.33,2573.12,2344.0,2183.0
PR004994,2026-03-07,MANDI033,Bathinda,Rice,2227.0,,2361.0,
PR010445,2026-07-01,MANDI050,Karnal,Cotton,6025.52,7048.34,6537.0,6620.0
PR003381,2026-04-19,MANDI011,Patiala,Sugarcane,3062.0,3524.95,3293.32,3500.0
PR002946,2026-07-09,MANDI017,Amritsar,Maize,1843.73,2293.0,2068.0,2090.0
PR000037,2026-09-09,,Fatehabad,Sugarcane,3252.0,3441.0,3346.77,
PR001359,2026-05-01,MANDI015,Moga,Sugarcane,3300.78,3844.0,3573.0,3500.0
PR003130,2026-03-20,MANDI005,Amritsar,Wheat,2173.27,2613.14,2393.2,2275.0
PR001989,2026-06-22,MANDI042,Amritsar,Rice,1870.22,2333.0,2101.54,2183.0
PR009682,2026-06-29,,Jalandhar,Maize,1840.95,2150.59,1995.77,
PR003879,2026-01-17,MANDI033,Amritsar,Sugarcane,3416.33,4170.22,3793.0,3500.0
PR005283,2026-04-10,MANDI013,Karnal,Makki,1982.48,2250.03,2116.0,2090.0
PR002114,2026-04-25,MANDI053,Patiala,Cotton,5764.0,,,6620.0
PR011702,2026-07-09,MANDI009,Jalandhar,Mustard,5468.0,6650.0,6059.46,5650.0
PR008378,2026-06-12,MANDI029,Ambala,Maize,2037.65,2301.41,2170.0,2090.0
PR006236,2026-03-04,MANDI056,Ferozepur,Wheat,1986.23,2459.84,2223.0,2275.0
PR004553,2026-03-03,,Jalandhar,Wheat,2191.0,2505.62,2348.37,
PR010215,2026-05-07,MANDI023,Ferozepur,Maize,2150.0,2276.75,2214.0,
PR000723,2026-04-19,MANDI018,Moga,Mustard,5434.0,6134.0,5783.93,5650.0
PR005839,2026-08-27,MANDI019,Fatehabad,Wheat,2064.0,2281.05,2172.69,2275.0
PR009605,2026-08-24,MANDI040,Amritsar,Maize,2133.33,2626.26,2380.0,
PR004522,2026-05-30,MANDI041,Ferozepur,Maize,2067.37,2299.69,2184.0,
PR003396,2026-01-19,MANDI046,Kurukshetra,Sugarcane,2998.58,3715.93,3357.26,3500.0
PR006832,2026-01-02,MANDI008,Bathinda,Chawal,2240.32,,2356.29,2183.0
PR005617,2026-04-23,MANDI012,Karnal,Sugarcane,3049.34,3577.6,3313.0,
PR002529,2026-07-30,MANDI025,Hisar,Wheat,2050.0,2197.22,2123.66,2275.0
PR006660,2026-08-30,MANDI045,Jalandhar,Cotton,6672.25,8168.27,7420.26,6620.0
PR003589,2026-03-28,MANDI007,Kurukshetra,Rice,2223.15,2372.0,2298.0,
PR007955,2026-07-12,MANDI024,Karnal,Sugarcane,3541.33,3780.48,3661.0,3500.0
PR000434,2026-03-27,MANDI010,Moga,Rice,2087.91,2577.52,2332.71,2183.0
PR004854,2026-09-06,MANDI024,Amritsar,Maize,1916.93,2284.57,2100.75,2090.0
PR009000,2026-02-16,MANDI042,Fatehabad,Rice,2056.34,2282.57,,2183.0
PR002366,2026-05-24,MANDI040,Kurukshetra,Sarso,5549.12,5965.0,5756.92,5650.0
PR001603,2026-04-17,MANDI019,Bathinda,Maize,1819.0,2017.0,1917.9,2090.0
PR010789,2026-01-23,MANDI017,Bathinda,Rice,2055.0,2362.41,2208.64,
PR011487,2026-05-09,MANDI007,Jalandhar,Rice,2074.0,2210.0,2141.98,
PR003809,2026-08-20,MANDI033,Ferozepur,Cotton,5944.89,,6415.65,6620.0
PR002783,2026-08-18,MANDI033,Ambala,Sugarcane,3440.0,3980.0,3709.82,3500.0
PR002251,2026-04-22,MANDI013,Patiala,Ganne,3453.77,4165.37,3809.57,3500.0
PR011878,2026-08-28,MANDI005,Fatehabad,Narma,6107.9,7378.84,6743.37,6620.0
PR005843,2026-08-15,,Patiala,Rice,1862.0,,1920.75,2183.0
PR003961,2026-01-27,MANDI048,Sirsa,Mustard,4823.0,5943.03,5382.83,5650.0
PR006731,2026-03-07,,Kurukshetra,Wheat,2306.56,2685.0,2496.0,
PR000995,2026-02-07,MANDI037,Ludhiana,Cotton,6043.0,7370.55,6707.0,
PR004195,2026-07-19,MANDI019,Jalandhar,Mustard,5642.48,6948.0,6295.42,
PR006740,2026-02-28,MANDI010,Patiala,Wheat,2305.52,2724.29,2514.91,2275.0
PR005362,2026-05-11,MANDI034,Fatehabad,Mustard,,6337.89,6033.41,5650.0
PR001237,2026-06-28,MANDI032,,Sugarcane,3408.67,3608.0,3508.0,3500.0
PR000105,2026-08-08,MANDI004,Ferozepur,Mustard,5781.0,6780.56,6280.89,5650.0
PR008547,2026-03-14,MANDI023,Kurukshetra,Mustard,5402.91,6022.05,5712.48,5650.0
PR008344,2026-04-19,MANDI051,Ambala,Rice,2043.54,2498.12,2270.83,2183.0
PR011029,2026-07-27,MANDI030,Ambala,Sarso,5250.84,6008.0,5629.33,5650.0
PR006510,2026-04-12,MANDI039,Patiala,Maize,1802.68,2040.71,1922.0,2090.0
PR001818,2026-03-24,MANDI043,Agra,Wheat,2014.68,2469.01,2241.84,2275.0
PR007491,2026-08-29,MANDI003,Hisar,Rice,1927.68,2073.0,2000.18,2183.0
PR010135,2026-05-16,MANDI025,Karnal,Chawal,1998.34,2417.0,2207.71,
PR005398,2026-01-15,MANDI013,Kurukshetra,Maize,2142.42,,2243.19,2090.0
PR005848,2026-04-08,MANDI008,Amritsar,Rice,2277.06,2539.01,2408.03,2183.0
PR005991,2026-03-11,MANDI042,Karnal,Cotton,6936.78,7878.72,7407.75,
PR002776,2026-05-20,MANDI056,Ludhiana,Sugarcane,3431.1,4073.19,3752.15,
PR007022,2026-08-31,MANDI045,Moga,Cotton,5860.99,6904.97,6382.98,6620.0
PR005897,2026-02-13,MANDI028,Hisar,Maize,1864.0,,1923.26,2090.0
PR001705,2026-05-16,MANDI017,Ferozepur,Sugarcane,3553.0,3939.0,3746.0,3500.0
PR011514,2026-08-02,MANDI003,Sirsa,Mustard,5628.97,6840.0,6234.47,5650.0
PR002541,2026-09-04,MANDI055,Kurukshetra,Cotton,6668.65,7404.0,7036.23,6620.0
PR004404,2026-09-09,MANDI045,Kurukshetra,Wheat,2083.9,2310.0,2196.73,2275.0
PR005881,2026-05-01,MANDI003,Patiala,Cotton,6903.06,8393.82,7648.44,6620.0
PR006173,2026-02-07,,Moga,Rice,2104.66,2398.38,2252.0,2183.0
PR008009,2026-07-04,MANDI047,Kurukshetra,Makki,2026.0,2167.96,2097.0,2090.0
PR008784,2026-02-28,MANDI034,Jalandhar,Maize,2040.0,2483.0,2261.95,2090.0
PR006771,2026-03-24,MANDI027,Fatehabad,Rice,2287.31,2442.64,2364.97,
PR011272,2026-08-22,,Ferozepur,Sugarcane,3012.55,3422.85,3218.0,
PR012000,2026-02-04,MANDI039,Amritsar,Sugarcane,3435.73,4072.5,3754.11,
PR003544,2026-05-26,MANDI026,Karnal,Rice,1993.0,2448.56,2220.74,2183.0
PR005692,2026-07-09,MANDI009,Ferozepur,Ganne,3177.21,,3564.51,
PR000897,2026-09-06,MANDI012,Patiala,Rice,1903.73,2243.1,2073.42,2183.0
PR006518,2026-09-07,,,Cotton,6096.0,7537.19,6816.56,
PR009451,2026-01-09,MANDI032,Amritsar,चावल,2096.21,2345.66,2220.93,2183.0
PR006059,2026-04-16,MANDI020,Kurukshetra,Maize,1954.0,2364.01,2159.0,2090.0
PR004059,2026-01-19,MANDI049,Sirsa,Cotton,6073.76,7274.0,6673.8,6620.0
PR011414,2026-04-14,MANDI003,Ferozepur,Maize,1912.95,2151.08,2032.01,
PR006810,2026-04-16,MANDI051,Hisar,Chawal,2162.0,2636.78,2399.5,2183.0
PR006802,2026-08-12,,Ambala,Rice,2217.0,2739.0,2478.25,2183.0
PR008345,2026-08-06,MANDI034,Ludhiana,Maize,2187.0,2419.07,2303.0,2090.0
PR005812,2026-02-11,MANDI023,Kurukshetra,Maize,1803.73,2215.5,2010.0,
PR011431,2026-03-05,MANDI049,Hisar,Cotton,6336.53,7025.77,6681.15,6620.0
PR003740,2026-03-19,MANDI049,Karnal,Sugarcane,3333.0,4155.69,3744.13,3500.0
PR000320,2026-06-12,MANDI037,Patiala,Mustard,5267.68,6090.0,5678.89,5650.0
PR007854,2026-03-26,MANDI003,Jalandhar,Sugarcane,3118.21,3284.82,3201.52,3500.0
PR000275,2026-04-24,MANDI006,Bathinda,Mustard,5771.0,6891.62,6331.0,5650.0
PR008941,2026-07-31,MANDI056,Amritsar,Wheat,2092.48,2428.39,2260.43,2275.0
PR002874,2026-03-23,,Hisar,Chawal,2212.22,2538.12,2375.17,2183.0
PR010591,2026-07-27,MANDI045,Meerut,Sugarcane,3121.69,3602.72,3362.0,3500.0
PR000164,2026-01-14,MANDI009,Ambala,Rice,2142.0,2408.31,2275.0,2183.0
PR004824,2026-01-21,MANDI042,Jalandhar,Makki,2035.47,2419.0,2227.4,
PR002710,2026-05-19,MANDI042,Ludhiana,Rice,1926.0,2335.17,,2183.0
PR004278,2026-07-07,MANDI002,Fatehabad,Wheat,2038.0,2228.0,2133.05,2275.0
PR002767,2026-01-11,MANDI054,Fatehabad,Cotton,5858.1,7206.0,6532.24,6620.0
PR007652,2026-07-10,MANDI003,Bathinda,Rice,1919.0,2105.0,2012.0,2183.0
PR009296,2026-02-15,MANDI039,Karnal,Wheat,2079.82,2465.0,2272.0,2275.0
PR001707,2026-04-12,MANDI013,Karnal,Rice,2221.65,2548.2,2384.93,2183.0
PR002054,2026-03-30,MANDI054,Patiala,Makki,1983.99,2249.83,2116.91,2090.0
PR004996,2026-09-01,MANDI005,Ludhiana,Sugarcane,3595.0,4116.37,3855.49,3500.0
PR010136,2026-08-11,MANDI022,Amritsar,चावल,2264.45,2624.57,2445.0,2183.0
PR005498,2026-01-31,,Fatehabad,Sarso,5291.0,6537.61,5914.48,5650.0
PR011307,2026-06-21,,,Sugarcane,,3574.42,3381.74,3500.0
PR000316,2026-06-23,MANDI054,Saharanpur,Rice,2024.0,2202.22,2113.0,2183.0
PR005175,2026-07-23,MANDI008,Amritsar,Rice,2232.72,2454.23,2343.48,2183.0
PR001562,2026-07-26,MANDI010,Jalandhar,Chawal,2188.0,2516.87,2352.0,2183.0
PR002516,2026-01-02,MANDI054,Amritsar,Sugarcane,3475.7,3824.27,3649.98,3500.0
PR009421,2026-04-24,MANDI043,Fatehabad,Chawal,1977.13,2175.56,2076.0,2183.0
PR001575,2026-03-10,MANDI005,Fatehabad,Sugarcane,3159.0,3347.56,3253.38,3500.0
PR001504,2026-01-21,MANDI046,Sirsa,Narma,6237.74,7385.0,6811.2,6620.0
PR002278,2026-06-17,MANDI042,Amritsar,Rice,1957.0,2156.67,2056.95,2183.0
PR001517,2026-03-26,MANDI030,Sirsa,Cotton,6817.03,7516.44,7166.73,
PR002115,2026-05-09,MANDI043,Fatehabad,Mustard,5188.16,5554.93,5372.0,5650.0
PR001895,2026-08-01,MANDI007,Fatehabad,Makki,2123.66,2573.14,2348.0,2090.0
PR011086,2026-02-24,MANDI001,Kurukshetra,Ganne,3174.4,3829.75,3502.07,
PR002526,2026-02-06,MANDI047,Muzaffarnagar,Rice,2020.14,2431.0,2226.0,2183.0
PR000227,2026-08-22,MANDI026,Amritsar,Maize,1934.43,2412.0,,2090.0
PR003028,2026-07-21,MANDI039,Moga,Rice,1874.0,2204.0,2038.92,
PR011332,2026-02-14,MANDI029,Bathinda,Rice,2237.0,2679.91,2458.55,2183.0
PR006760,2026-05-01,MANDI011,Ambala,Maize,2053.0,2368.56,2210.6,2090.0
PR010519,2026-05-17,MANDI028,Ludhiana,चावल,2261.05,2573.08,2417.06,2183.0
PR007248,2026-06-26,MANDI018,Hisar,Wheat,2037.0,2269.1,2153.28,2275.0
PR001972,2026-09-06,MANDI001,Kurukshetra,Mustard,5858.0,7220.0,6539.37,5650.0
PR001753,2026-03-27,,Kurukshetra,Sugarcane,3292.34,4095.44,3693.89,3500.0
PR011003,2026-05-07,MANDI029,Jalandhar,Maize,1893.2,1997.51,1945.0,2090.0
PR007357,2026-08-05,MANDI024,Hisar,Mustard,5009.0,5731.87,5370.0,5650.0
PR009087,2026-03-06,MANDI014,Patiala,Mustard,4878.02,5823.0,5350.46,5650.0
PR000902,2026-04-04,MANDI011,Patiala,Maize,2172.22,2321.0,2246.49,2090.0
PR003624,2026-03-31,MANDI013,Ferozepur,Rice,2232.0,2447.44,2339.82,
PR007686,2026-05-21,MANDI042,Kurukshetra,Mustard,5622.53,6163.0,5892.65,5650.0
PR000830,2026-01-09,MANDI027,Hisar,Cotton,6168.39,6630.5,6399.44,6620.0
PR003353,2026-02-04,MANDI011,Amritsar,Rice,1939.02,2322.34,2131.0,2183.0
PR006863,2026-04-28,MANDI041,Kurukshetra,Sugarcane,3461.0,3835.49,3648.25,3500.0
PR007676,2026-02-06,MANDI016,Karnal,Rice,2054.21,2529.3,2291.75,
PR000410,2026-01-18,MANDI018,Fatehabad,Wheat,2066.0,2567.12,2317.0,2275.0
PR005346,2026-04-07,MANDI035,Amritsar,Wheat,2074.6,2318.42,2197.0,2275.0
PR004912,2026-07-02,MANDI053,Sirsa,Rice,,2167.34,2056.0,2183.0
PR008393,2026-01-01,MANDI003,Ludhiana,Rice,,2495.95,2248.0,
PR008014,2026-03-21,MANDI008,Ludhiana,Wheat,1987.93,2325.0,2156.36,2275.0
PR001682,2026-08-01,MANDI002,Kurukshetra,Sarso,4811.0,5363.0,5087.0,5650.0
PR003998,2026-06-29,MANDI052,Saharanpur,Cotton,6530.98,7019.06,6775.02,6620.0
PR007341,2026-05-14,MANDI005,Amritsar,Maize,2194.17,2336.0,2264.98,2090.0
PR009791,2026-06-02,MANDI050,Muzaffarnagar,Sugarcane,3310.0,3944.0,3627.0,
PR006776,2026-08-21,MANDI033,Ludhiana,Wheat,2307.97,2553.69,2430.83,2275.0
PR000642,2026-04-30,,Sirsa,Sugarcane,3188.12,3803.59,3495.86,3500.0
PR008643,2026-08-31,MANDI015,Ludhiana,Sugarcane,3136.0,3502.0,3318.97,3500.0
PR003062,2026-05-24,MANDI017,Fatehabad,Cotton,6344.02,7736.43,7040.22,6620.0
PR003360,2026-01-23,MANDI015,Bathinda,Wheat,,,2500.87,2275.0
PR004386,2026-08-05,MANDI003,Ferozepur,Sarso,,6465.02,6176.19,5650.0
PR002097,2026-06-20,MANDI025,Bathinda,Maize,2034.28,2191.5,2113.0,2090.0
PR002839,2026-06-11,MANDI034,Fatehabad,Rice,2122.93,2283.09,2203.01,
PR001348,2026-07-14,MANDI031,Ferozepur,Cotton,5815.0,7118.0,6466.56,6620.0
PR007364,2026-09-01,MANDI036,Sirsa,Maize,2108.0,2278.95,2193.0,2090.0
PR009484,2026-08-10,MANDI036,Hisar,Mustard,5708.0,6493.84,6101.12,5650.0
PR005803,2026-06-18,MANDI012,Hisar,Narma,6661.09,7185.75,6923.42,6620.0
PR011145,2026-02-09,MANDI030,Hisar,Wheat,2098.88,2505.0,2302.0,2275.0
PR006535,2026-01-07,MANDI027,Ferozepur,Sarso,5066.07,5658.2,5362.14,
PR003648,2026-05-23,MANDI038,Kurukshetra,Sugarcane,3330.9,3557.05,3443.97,3500.0
PR002635,2026-06-08,MANDI044,Kurukshetra,Mustard,5165.7,5703.0,5434.49,5650.0
PR005338,2026-02-05,MANDI050,Ambala,Maize,1878.57,2071.0,1975.0,2090.0
PR008453,2026-01-27,MANDI032,Jalandhar,चावल,2149.69,2320.41,2235.0,2183.0
PR006626,2026-01-15,MANDI008,Ludhiana,Wheat,,2212.92,2076.03,
PR004827,2026-08-24,MANDI052,Kurukshetra,Maize,1870.57,2035.0,1952.77,2090.0
PR001666,2026-04-05,MANDI023,Moga,Sugarcane,3576.11,3994.86,3785.0,3500.0
PR008880,2026-08-03,MANDI055,Karnal,Maize,,2657.87,2402.5,
PR005263,2026-08-23,MANDI047,Amritsar,Maize,2176.69,2562.0,2369.0,2090.0
PR004276,2026-02-08,MANDI028,Sirsa,Maize,1833.0,2063.0,1948.2,2090.0
PR011507,2026-08-29,MANDI007,Amritsar,Maize,2024.0,2152.15,2087.88,
PR007706,2026-03-10,MANDI040,Sirsa,Mustard,5569.96,6390.87,5980.42,5650.0
PR003187,2026-02-22,MANDI045,Ambala,Mustard,4903.0,5841.0,5371.87,5650.0
PR002995,2026-07-17,MANDI022,Karnal,Maize,2036.08,2388.0,2212.0,2090.0
PR000330,2026-12-01,,Ambala,Sugarcane,3042.46,3745.28,3393.87,3500.0
PR007206,2026-08-23,MANDI044,Ludhiana,Ganne,3359.73,,3712.0,
PR010249,2026-08-30,MANDI002,Bathinda,Cotton,6253.09,7120.31,6686.7,6620.0
PR000515,2026-02-09,MANDI005,Ambala,Wheat,2088.0,2440.1,2263.94,2275.0
PR000638,2026-09-07,MANDI057,Moga,Wheat,,2383.0,2293.0,2275.0
PR011309,2026-09-04,MANDI053,Sirsa,Rice,1902.52,2077.79,1990.0,
PR003665,2026-04-12,MANDI003,Ludhiana,Wheat,2164.0,2405.84,2285.0,2275.0
PR005733,2026-03-15,MANDI031,Kurukshetra,Chawal,2174.14,2368.83,2271.49,2183.0
PR005545,2026-02-22,MANDI043,Ludhiana,Maize,1850.75,2284.45,2067.6,
PR005556,2026-05-29,MANDI029,Ferozepur,Sugarcane,3443.89,3788.01,3615.95,3500.0
PR010959,2026-03-23,MANDI049,Amritsar,Wheat,2147.44,2360.51,2253.97,2275.0
PR008566,2026-05-02,,Kurukshetra,Maize,2145.74,2428.64,2287.19,
PR003919,2026-04-17,MANDI053,Saharanpur,Rice,2106.67,2269.4,2188.04,2183.0
PR010161,2026-07-01,MANDI042,Moga,Maize,1819.69,2107.59,1964.0,2090.0
PR010647,2026-02-04,MANDI038,Sirsa,Sugarcane,3068.42,3556.29,3312.35,3500.0
PR003914,2026-06-22,MANDI015,Kurukshetra,Mustard,5212.78,,5351.0,5650.0
PR004858,2026-06-23,MANDI033,Ambala,Narma,5727.33,6983.56,6355.45,6620.0
PR001497,2026-03-24,MANDI029,Sirsa,Wheat,2063.0,2261.0,2162.19,2275.0
PR002803,2026-02-07,MANDI009,Karnal,Cotton,6493.0,7509.36,7001.0,
PR002170,2026-07-05,MANDI007,Amritsar,Narma,5850.71,6420.0,6135.14,6620.0
PR007891,2026-01-23,MANDI026,Amritsar,Sarso,5875.19,7125.0,6500.19,5650.0
PR009769,2026-01-02,MANDI031,Kurukshetra,Wheat,2223.05,2744.3,2483.67,2275.0
PR003881,2026-05-11,MANDI014,Jalandhar,Cotton,6431.42,7608.64,7020.03,6620.0
PR002273,2026-03-04,MANDI043,Karnal,Narma,5983.43,7040.34,6512.0,6620.0
PR005418,2026-05-08,MANDI057,Bareilly,Maize,,2635.3,2396.95,2090.0
PR004959,2026-08-03,MANDI044,Karnal,चावल,2238.42,2667.51,2452.97,2183.0
PR005515,2026-08-04,MANDI054,Moga,Sugarcane,3568.0,3919.2,3744.0,3500.0
PR009804,2026-02-25,MANDI027,Sirsa,Wheat,2081.0,2421.83,2251.46,2275.0
PR009327,2026-04-05,MANDI051,Karnal,Cotton,6311.27,6883.47,6597.0,6620.0
PR007690,2026-02-09,MANDI040,Amritsar,Narma,6815.87,7811.45,7313.66,6620.0
PR001385,2026-02-25,MANDI035,Bathinda,Wheat,2258.21,2484.19,2371.2,2275.0
PR007455,2026-02-23,,Bathinda,Ganne,3134.75,3395.0,3265.0,3500.0
PR007027,2026-08-03,MANDI056,Fatehabad,Rice,2132.0,2386.72,2259.42,2183.0
PR009346,2026-06-08,MANDI043,Kurukshetra,Maize,1943.75,,2161.65,2090.0
PR005669,2026-01-17,MANDI027,Jalandhar,Wheat,2140.24,2661.41,2401.0,
PR002328,2026-05-18,MANDI054,Bathinda,Ganne,3587.87,4210.0,3899.0,3500.0
PR002335,2026-09-02,MANDI041,Ambala,Mustard,5194.37,6275.64,5735.01,5650.0
PR010189,2026-07-08,MANDI029,Sirsa,Mustard,5368.69,5891.0,5629.6,5650.0
PR003918,2026-04-10,MANDI033,Hisar,Mustard,,6029.57,5576.0,
PR005266,2026-06-05,MANDI018,Ludhiana,Rice,2247.94,2794.0,2521.0,2183.0
PR003520,2026-06-05,MANDI001,Fatehabad,Mustard,5460.0,6083.0,5771.0,5650.0
PR001027,2026-07-21,MANDI001,Kurukshetra,Maize,1958.0,2216.0,2087.09,2090.0
PR001750,2026-08-14,MANDI050,Moga,Mustard,5385.7,6709.0,6047.41,
PR011415,2026-08-20,MANDI017,Kurukshetra,Wheat,2081.06,2384.0,2233.0,2275.0
PR009985,2026-04-13,MANDI038,Moga,Sugarcane,2989.0,3395.08,3192.27,3500.0
PR002691,2026-02-28,,Patiala,Rice,2082.75,2567.07,2324.91,2183.0
PR003327,2026-06-28,MANDI022,Karnal,Maize,2153.64,,2258.89,2090.0
PR000192,2026-05-14,MANDI045,Ferozepur,Wheat,2328.02,2445.52,2386.77,2275.0
PR007543,2026-05-30,MANDI015,Ferozepur,Sugarcane,3545.49,4147.0,3846.35,3500.0
PR005484,2026-02-16,MANDI006,Fatehabad,Makki,1879.39,2173.78,2027.0,2090.0
PR001859,2026-08-22,MANDI048,Karnal,Sugarcane,3575.69,4396.0,3985.64,3500.0
PR009550,2026-07-15,MANDI052,Amritsar,Rice,2270.92,2761.0,2515.8,2183.0
PR010468,2026-04-17,MANDI016,Amritsar,Rice,2211.7,2346.0,2279.0,
PR002628,2026-01-09,MANDI042,Ambala,Maize,2104.36,2359.34,2231.85,2090.0
PR006642,2026-05-10,MANDI035,Jalandhar,Sugarcane,3091.71,3294.81,3193.26,3500.0
PR008730,2026-05-13,MANDI040,Amritsar,Sarso,5662.38,6025.0,5844.0,5650.0
PR001213,2026-06-20,MANDI019,Ferozepur,Cotton,5991.61,6296.0,6143.63,
PR009929,2026-09-03,MANDI006,Hisar,Cotton,6279.0,7441.0,6859.92,6620.0
PR007424,2026-07-24,MANDI013,Amritsar,Maize,1922.47,,2148.0,2090.0
PR001639,2026-02-26,,Jalandhar,Wheat,2085.0,2446.11,2265.68,2275.0
PR003930,2026-05-25,MANDI005,Kurukshetra,Wheat,2255.0,2771.0,2513.23,2275.0
PR002956,2026-04-12,MANDI025,Ferozepur,Wheat,1936.0,2388.0,2162.0,2275.0
PR004542,2026-04-02,MANDI029,Sirsa,Sugarcane,3369.18,,3670.21,3500.0
PR011426,2026-06-26,MANDI052,Ambala,Wheat,2287.79,2704.0,2495.9,2275.0
PR002262,2026-07-29,MANDI002,Hisar,Sugarcane,3640.2,4199.83,3920.02,3500.0
PR001826,2026-07-25,MANDI043,Sirsa,Rice,2276.0,2480.0,2377.81,2183.0
PR001648,2026-02-24,,Bathinda,Cotton,6567.0,7400.45,6983.54,6620.0
PR007282,2026-04-20,MANDI051,Saharanpur,Cotton,6634.06,7412.0,7022.99,6620.0
PR007939,2026-06-13,MANDI028,Jalandhar,Cotton,6452.7,7387.99,6920.35,6620.0
PR008576,2026-08-14,MANDI016,Hisar,Makki,2036.12,2309.63,2172.88,
PR006020,2026-08-04,MANDI032,Hisar,Wheat,2069.0,,2283.0,2275.0
PR001306,2026-03-11,MANDI002,Ludhiana,Chawal,,2263.0,2200.01,2183.0
PR001200,2026-07-25,MANDI046,Ambala,Wheat,2346.0,2560.0,2452.77,2275.0
PR006651,2026-07-24,MANDI008,Amritsar,Sugarcane,3349.56,3819.29,3584.43,
PR006385,2026-01-08,MANDI051,Karnal,Maize,1888.14,2312.81,2100.47,
PR001993,2026-05-18,MANDI020,Jalandhar,Sugarcane,3493.08,4301.27,3897.0,3500.0
PR004872,2026-01-23,MANDI034,Moga,Rice,2232.1,2779.44,2505.77,2183.0
PR003935,2026-05-08,MANDI008,Sirsa,Rice,2288.0,,2531.1,2183.0
PR004742,2026-07-10,MANDI031,Sirsa,Mustard,5174.68,6102.0,5638.59,5650.0
PR004029,2026-05-31,MANDI056,Ambala,Sugarcane,3196.0,3914.95,3555.61,3500.0
PR007579,2026-05-13,MANDI041,Fatehabad,Sugarcane,3012.75,3388.97,3200.86,3500.0
PR004538,2026-08-07,MANDI020,Kurukshetra,Sugarcane,3150.98,3938.0,,
PR008990,2026-05-30,MANDI056,Ambala,Wheat,2327.0,2686.49,2507.0,2275.0
PR005433,2026-03-31,MANDI045,Bathinda,Rice,2091.0,2295.5,2193.39,2183.0
PR001866,2026-05-15,MANDI002,Patiala,Rice,1966.51,2248.22,,2183.0
PR000353,2026-03-09,MANDI036,Bathinda,Cotton,6367.0,7331.0,6849.0,6620.0
PR009355,2026-03-20,MANDI053,Moga,Maize,2015.83,2162.11,2088.97,
PR010235,2026-06-26,MANDI021,Karnal,Rice,1902.0,2233.03,2067.64,
PR004001,2026-03-08,MANDI009,Fatehabad,Wheat,2071.21,2495.24,2283.22,2275.0
PR010070,2026-05-20,MANDI050,Moga,Cotton,,6053.29,5881.96,6620.0
PR009116,2026-03-09,MANDI020,Ferozepur,Sarso,5558.47,6048.0,5803.0,5650.0
PR000808,2026-02-03,MANDI047,Ambala,Mustard,5928.87,7234.04,6581.0,5650.0
PR006929,2026-04-19,MANDI041,Fatehabad,Mustard,5483.67,6045.36,5764.51,5650.0
PR000609,2026-03-04,MANDI055,Ferozepur,चावल,2052.0,2224.0,2137.82,2183.0
PR005412,2026-01-24,,Sirsa,Rice,1896.0,2335.54,2115.53,2183.0
PR003892,2026-05-01,MANDI016,Fatehabad,Maize,1986.0,2407.76,2196.75,2090.0
PR011295,2026-03-05,MANDI028,Bathinda,Rice,2180.76,2588.34,2385.0,2183.0
PR002256,2026-08-09,MANDI019,Karnal,Rice,2189.58,2395.58,2292.58,2183.0
PR003663,2026-08-25,MANDI031,Sirsa,Rice,2132.0,2514.48,2323.38,2183.0
PR001393,2026-03-19,MANDI015,Fatehabad,Wheat,1994.0,2345.1,2169.0,
PR006315,2026-02-21,MANDI007,Ludhiana,Sugarcane,3131.74,3588.65,3360.2,3500.0
PR009020,2026-04-21,,Ludhiana,Wheat,2083.71,2523.17,2303.0,2275.0
PR000896,2026-02-24,MANDI051,Sirsa,Rice,1972.0,2101.56,2036.87,2183.0
PR006625,2026-06-27,MANDI051,Karnal,Sugarcane,3288.0,,3471.0,
PR008281,2026-08-14,MANDI039,Fatehabad,Cotton,5997.05,7468.48,,6620.0
PR003414,2026-08-26,MANDI006,Amritsar,Wheat,2171.89,2677.63,2424.76,2275.0
PR007246,2026-07-13,MANDI054,Jalandhar,Wheat,2121.0,2245.22,2183.22,2275.0
PR008126,2026-06-29,MANDI019,Fatehabad,Mustard,5296.57,6411.0,5853.76,5650.0
PR004838,2026-06-27,MANDI024,Hisar,Maize,2019.72,2140.48,2080.1,2090.0
PR002751,2026-06-12,MANDI015,Kurukshetra,Rice,2171.35,2316.06,2243.71,2183.0
PR011482,2026-05-07,MANDI041,Kurukshetra,Sugarcane,3110.39,3414.0,3262.29,
PR003263,2026-05-29,MANDI048,Hisar,Wheat,2345.34,2522.12,2433.73,2275.0
PR002573,2026-08-18,MANDI055,Bareilly,Sugarcane,3478.0,3652.0,3565.0,3500.0
PR006654,2026-03-10,MANDI034,Sirsa,Mustard,5867.84,6600.45,6234.14,5650.0
PR001120,2026-01-29,MANDI051,Saharanpur,Sugarcane,3046.0,3702.57,3374.33,3500.0
PR010995,2026-09-04,MANDI032,Ambala,Maize,1785.0,2090.0,1937.63,
PR007980,2026-05-07,MANDI038,Ambala,Rice,2004.0,2231.85,2117.68,2183.0
PR005064,2026-03-23,MANDI009,Ferozepur,Cotton,6741.0,7804.9,7273.0,
PR007889,2026-03-19,MANDI021,Patiala,Wheat,2085.25,2270.22,2177.74,
PR006644,2026-06-08,MANDI050,Amritsar,Maize,2192.0,2607.0,2399.52,2090.0
PR000879,2026-04-18,MANDI008,Sirsa,Wheat,2101.58,2601.67,2352.0,2275.0
PR001681,2026-08-10,,Ferozepur,Cotton,6599.6,7454.88,7027.24,6620.0
PR010203,2026-08-22,MANDI054,Saharanpur,Rice,2044.52,2196.19,2120.36,2183.0
PR011643,2026-01-15,MANDI014,Sirsa,Sugarcane,3138.13,3632.03,3385.08,3500.0
PR005820,2026-05-30,MANDI034,Karnal,Rice,2096.2,2235.0,2165.36,
PR000359,2026-08-27,MANDI029,Patiala,Rice,2229.32,2783.58,2506.45,
PR007801,2026-01-27,MANDI023,Ferozepur,Maize,1885.0,2008.21,1946.58,2090.0
PR010627,2026-06-10,MANDI044,Patiala,Maize,1904.08,2216.7,2060.0,2090.0
PR004155,2026-08-01,MANDI016,Amritsar,Rice,2160.6,2351.87,2256.24,2183.0
PR008000,2026-09-01,MANDI011,Bathinda,Maize,2037.56,2360.0,2198.81,2090.0
PR011323,2026-08-15,MANDI025,Sirsa,Cotton,6260.0,7185.66,6723.06,
PR001098,2026-01-27,MANDI004,Ludhiana,Maize,1999.63,2313.94,2156.78,2090.0
PR001243,2026-02-07,MANDI054,Patiala,Maize,2130.63,,2353.81,2090.0
PR003186,2026-08-21,MANDI019,Moga,Maize,1971.64,2395.26,2183.45,
PR011368,2026-04-28,MANDI034,Karnal,Rice,2218.0,2696.41,2456.99,2183.0
PR003368,2026-04-06,MANDI056,Ludhiana,Wheat,2213.0,,2450.17,2275.0
PR011774,2026-07-11,MANDI025,Hisar,Wheat,2248.04,2754.08,2501.06,2275.0
PR001082,2026-06-03,,,Sugarcane,3603.0,4022.62,3812.71,3500.0
PR002142,2026-09-02,MANDI029,Hisar,Cotton,6296.0,6892.46,6594.11,6620.0
PR011140,2026-01-11,MANDI014,Fatehabad,Cotton,5836.98,6415.62,6126.3,6620.0
PR001449,2026-03-18,MANDI051,Fatehabad,Wheat,2246.0,2764.48,2505.05,
PR002277,2026-02-15,MANDI029,Ferozepur,Sugarcane,3118.49,3842.14,3480.0,3500.0
PR011589,2026-09-06,MANDI022,Bathinda,Rice,2006.97,2507.0,2256.91,
PR005316,2026-03-22,MANDI055,Ambala,Wheat,2090.0,2428.69,2259.32,2275.0
PR008934,2026-02-06,MANDI052,Ambala,Maize,1954.0,2105.0,2030.0,
PR008983,2026-01-21,MANDI047,Ludhiana,Cotton,6571.31,8033.0,7302.0,6620.0
PR004745,2026-03-19,MANDI010,Amritsar,चावल,1857.0,2210.0,2033.38,2183.0
PR004979,2026-03-16,MANDI022,Jalandhar,Mustard,5281.73,6600.0,5940.72,
PR011179,2026-04-15,MANDI050,Bathinda,Sugarcane,3373.16,3814.0,3593.79,3500.0
PR000422,2026-06-05,MANDI046,Patiala,Mustard,5743.85,7141.0,,5650.0
PR002962,2026-06-13,MANDI027,Fatehabad,Wheat,2361.34,2602.72,2482.03,2275.0
PR010567,2026-06-19,MANDI007,Kurukshetra,Wheat,1984.7,2223.8,2104.25,2275.0
PR010320,2026-04-25,MANDI035,Patiala,Maize,1903.0,2251.02,2076.95,2090.0
PR002779,2026-06-12,MANDI040,Jalandhar,Wheat,1941.32,2182.68,2062.0,2275.0
PR011988,2026-04-29,MANDI034,Karnal,Cotton,6712.87,8215.82,7464.0,6620.0
PR006964,2026-05-21,MANDI029,Fatehabad,Wheat,2083.07,2600.51,2342.0,2275.0
PR006322,2026-03-27,MANDI010,Kurukshetra,Wheat,1983.45,2238.91,2111.0,
PR006925,2026-03-08,MANDI038,Ferozepur,Maize,1865.0,1972.12,1918.64,
PR008762,2026-02-15,MANDI011,Fatehabad,Sugarcane,3598.0,4191.29,3894.5,3500.0
PR003906,2026-06-22,MANDI024,Patiala,Cotton,5627.71,5920.0,,6620.0
PR009156,2026-06-22,MANDI039,Amritsar,Mustard,5556.53,6460.0,6008.45,5650.0
PR003456,2026-07-25,MANDI025,Ferozepur,Sugarcane,3183.0,3933.13,3558.02,3500.0
PR008109,2026-05-23,MANDI020,Kurukshetra,Cotton,6579.28,6917.5,6748.39,6620.0
PR007212,2026-04-12,MANDI057,Amritsar,Sugarcane,3599.52,3789.32,3694.42,3500.0
PR004816,2026-08-15,MANDI041,Patiala,Sugarcane,3251.37,3518.75,3385.06,3500.0
PR001402,2026-05-21,MANDI031,Hisar,Wheat,1972.34,2463.11,2217.72,2275.0
PR001659,2026-01-12,MANDI021,Ferozepur,Mustard,4996.05,5650.48,5323.0,5650.0
PR000529,2026-03-23,MANDI025,Karnal,Narma,6704.91,7347.0,7025.77,6620.0
PR011439,2026-08-06,MANDI036,Ambala,Maize,2133.03,2538.0,2335.38,2090.0
PR011851,2026-08-04,MANDI015,Bathinda,Narma,5731.0,6613.71,6172.32,6620.0
PR004787,2026-02-10,MANDI011,Sirsa,Wheat,2235.0,2493.0,2364.0,2275.0
PR009646,2026-03-20,MANDI026,Kurukshetra,Wheat,2101.1,2236.22,2168.66,2275.0
PR003846,2026-05-29,MANDI022,Ferozepur,Mustard,5112.0,6161.81,5636.84,5650.0
PR004650,2026-04-12,MANDI010,Moga,Wheat,2137.0,2378.29,2257.57,2275.0
PR010974,2026-01-09,MANDI055,Bareilly,Sugarcane,3218.0,3863.51,3540.84,3500.0
PR007188,2026-01-05,MANDI039,,Mustard,5882.62,7139.0,6511.0,5650.0
PR003609,2026-06-05,MANDI015,Jalandhar,Wheat,2159.0,2515.6,2337.0,2275.0
PR011240,2026-09-06,MANDI055,Kurukshetra,Maize,1813.0,2005.98,1909.35,2090.0
PR005085,2026-03-23,MANDI054,Hisar,Cotton,6326.57,6765.82,,
PR006415,2026-01-22,MANDI004,Patiala,Wheat,,2507.0,2387.0,2275.0
PR009524,2026-04-04,MANDI033,Sirsa,Rice,2044.3,,2201.02,2183.0
PR003176,2026-05-26,MANDI023,Moga,Mustard,5613.69,6408.46,6011.08,
PR010845,2026-01-29,MANDI027,Fatehabad,चावल,,2173.31,2021.25,2183.0
PR000209,2026-01-27,MANDI051,Hisar,Maize,2136.39,2619.0,2378.0,2090.0
PR011491,2026-06-06,MANDI030,Sirsa,Makki,2008.0,2423.61,2215.91,2090.0
PR003669,2026-04-01,MANDI016,Jalandhar,Wheat,2347.3,2563.36,2455.0,2275.0
PR011573,2026-06-03,MANDI030,Ferozepur,Wheat,2161.0,2441.0,2300.8,2275.0
PR004970,2026-02-25,MANDI040,Ferozepur,Mustard,4928.29,5536.0,5232.0,5650.0
PR006021,2026-08-26,MANDI033,Karnal,Rice,2084.72,2517.94,2301.33,2183.0
PR000386,2026-01-26,MANDI004,Kurukshetra,Sarso,5088.31,6209.0,,5650.0
PR000493,2026-01-27,MANDI055,Ludhiana,Cotton,6121.54,7614.86,6868.0,6620.0
PR007860,2026-01-26,MANDI005,Ferozepur,Cotton,5950.0,6490.19,6220.25,6620.0
PR001506,2026-08-23,MANDI011,Hisar,Maize,2006.74,,2063.0,2090.0
PR003325,2026-08-02,MANDI009,Jalandhar,Rice,2243.77,2506.0,2374.89,
PR001341,2026-08-08,MANDI041,Fatehabad,Sarso,5120.88,6386.37,5753.62,5650.0
PR001309,2026-02-24,MANDI030,Moga,Wheat,2343.0,2828.0,2585.0,2275.0
PR010885,2026-04-19,MANDI032,,Cotton,6641.27,7424.89,7033.0,6620.0
PR003494,2026-01-29,MANDI003,Karnal,Rice,2280.0,2754.89,2517.45,2183.0
PR006316,2026-04-27,MANDI024,Sirsa,Mustard,5666.72,6910.07,6288.39,5650.0
PR004539,2026-09-02,MANDI017,,Wheat,2114.25,2530.36,2322.3,2275.0
PR009208,2026-05-31,MANDI044,Moga,Sugarcane,3450.41,,3777.3,3500.0
PR004378,2026-07-07,MANDI045,Jalandhar,Rice,2159.0,2344.03,2251.55,2183.0
PR008354,2026-01-19,MANDI052,Ambala,Sugarcane,3286.55,,3528.56,3500.0
PR008799,2026-07-30,,Ludhiana,Cotton,5918.0,6423.0,6170.42,
PR000001,2026-01-09,MANDI029,Fatehabad,Sarso,5895.79,6468.71,6182.25,5650.0
PR010261,2026-08-30,MANDI012,Fatehabad,Maize,1863.68,,1995.0,2090.0
PR011330,2026-08-09,MANDI052,Jalandhar,Cotton,5687.1,6021.3,5854.2,6620.0
PR006532,2026-03-04,MANDI048,Moga,Maize,1884.36,2254.81,2069.59,2090.0
PR007847,2026-05-30,MANDI016,Bathinda,Mustard,5676.78,6812.0,6244.0,5650.0
PR009151,2026-06-22,MANDI031,Patiala,Sugarcane,3520.1,3728.52,3624.31,3500.0
PR011955,2026-01-19,MANDI007,Ambala,Wheat,2327.34,2649.49,2488.42,2275.0
PR003864,2026-03-19,MANDI051,Ferozepur,Rice,1866.89,2014.6,1940.75,2183.0
PR002500,2026-06-07,,Hisar,Maize,1902.3,,2068.1,2090.0
PR011924,2026-04-21,MANDI011,Ambala,Sugarcane,3313.95,3728.0,3520.77,3500.0
PR010837,2026-07-07,MANDI009,Jalandhar,Wheat,2247.37,2402.84,2325.1,2275.0
PR008131,2026-08-24,MANDI021,Bathinda,Maize,1904.46,2135.37,2019.92,2090.0
PR001461,2026-03-15,MANDI042,Ambala,Maize,1865.56,2292.0,2079.0,2090.0
PR005503,2026-07-11,,Ferozepur,Wheat,2380.53,2567.0,2473.83,2275.0
PR007109,2026-06-29,MANDI021,Jalandhar,Sugarcane,3287.57,4096.44,3692.0,3500.0
PR011976,2026-03-04,MANDI009,Jalandhar,Narma,6712.98,8353.91,7533.0,6620.0
PR011707,2026-09-03,MANDI037,Amritsar,Maize,2115.0,2493.67,2305.0,2090.0
PR010551,2026-02-14,MANDI007,Moga,Narma,5656.48,7028.0,6342.03,6620.0
PR011230,2026-07-24,MANDI021,Ferozepur,Rice,2178.8,2607.08,2393.0,
PR004316,2026-02-23,MANDI002,Patiala,Mustard,5188.25,5557.68,5373.0,5650.0
PR006494,2026-08-07,MANDI006,Amritsar,Sugarcane,3042.07,3471.69,3257.0,3500.0
PR009423,2026-02-18,MANDI007,Amritsar,Rice,1940.0,2403.84,2171.89,2183.0
PR006955,2026-05-19,MANDI010,Moga,Wheat,2136.45,2598.0,2367.26,2275.0
PR006519,2026-03-08,MANDI027,Amritsar,Rice,2060.0,2481.45,,2183.0
PR009776,2026-07-03,MANDI017,Patiala,Cotton,6029.46,6959.19,6494.0,
PR009890,2026-07-15,MANDI033,Fatehabad,Mustard,4903.0,5290.2,5096.83,5650.0
PR000499,2026-01-23,MANDI048,Bathinda,Wheat,,2431.0,2199.37,
PR000413,2026-05-22,MANDI049,Kurukshetra,Maize,1857.55,2188.0,2022.55,2090.0
PR002323,2026-08-21,MANDI025,Ferozepur,Wheat,1999.15,2148.17,2073.66,
PR003207,2026-03-05,,,Ganne,3529.0,3786.97,3658.19,
PR007925,2026-05-21,MANDI035,Moga,Wheat,2070.41,2351.0,2210.51,
PR006790,2026-03-04,MANDI021,Kurukshetra,Maize,2096.53,2213.0,2155.0,2090.0
PR007551,2026-03-01,MANDI052,Saharanpur,Maize,2124.57,2286.47,2206.0,
PR005990,2026-04-22,MANDI042,Ferozepur,Cotton,5663.0,6113.0,5887.65,6620.0
PR008446,2026-03-18,MANDI029,Ambala,Sugarcane,3644.0,3828.0,,
PR008618,2026-01-13,MANDI029,Amritsar,Ganne,3313.89,3980.68,3647.28,3500.0
PR002901,2026-04-05,MANDI039,Moga,Wheat,2175.0,2430.8,2303.08,2275.0
PR005784,2026-09-02,MANDI052,Ferozepur,Mustard,5913.06,7129.0,6520.97,5650.0
PR010636,2026-07-09,MANDI003,Hisar,Sarso,4992.46,6012.0,5502.03,5650.0
PR010003,2026-07-25,MANDI025,Hisar,Sugarcane,2979.62,3591.36,3285.0,3500.0
PR005381,2026-03-22,MANDI032,Amritsar,Ganne,3222.0,3921.0,3572.0,3500.0
PR005902,2026-01-28,MANDI001,Jalandhar,Mustard,5216.04,5953.0,5584.47,5650.0
PR005032,2026-04-26,MANDI012,Jalandhar,Cotton,6568.35,6955.14,6761.75,6620.0
PR002727,2026-06-13,MANDI011,Hisar,Cotton,6366.0,7814.0,7090.0,6620.0
PR007958,2026-08-10,,Ambala,Sugarcane,3134.0,3655.09,3395.0,3500.0
PR003475,2026-04-05,MANDI051,Jalandhar,Sugarcane,,,3722.18,3500.0
PR008404,2026-04-29,MANDI006,Amritsar,Cotton,6875.0,7840.0,7357.0,6620.0
PR009162,2026-08-06,MANDI031,Moga,Mustard,5743.0,6856.0,6299.37,
PR010173,2026-07-01,MANDI002,Moga,Wheat,2166.01,2441.0,,2275.0
PR011296,2026-07-18,MANDI037,Ambala,Wheat,2148.86,2324.0,2236.47,
PR001018,2026-08-12,MANDI023,Amritsar,Mustard,4864.0,5535.0,5199.44,
PR006114,2026-07-27,MANDI039,Moga,Sugarcane,3007.01,3293.23,3150.0,3500.0
PR010773,2026-04-08,MANDI034,Ambala,Rice,2111.0,2554.54,2332.57,2183.0
PR007949,2026-03-29,MANDI040,Kurukshetra,Rice,2208.97,2513.19,2361.0,2183.0
PR008628,2026-03-09,MANDI014,Kurukshetra,Sugarcane,3265.0,3885.21,3575.03,
PR009237,2026-02-24,MANDI047,Bathinda,Maize,2172.94,2618.0,2396.0,2090.0
PR006862,2026-02-13,MANDI029,Sirsa,Wheat,2195.0,2549.0,2372.09,2275.0
PR008458,2026-03-15,MANDI043,Patiala,Mustard,5766.0,6064.0,5915.35,
PR006969,2026-06-07,MANDI038,Amritsar,Cotton,6845.0,7563.48,7204.0,
PR007783,2026-08-15,MANDI017,Patiala,Sugarcane,3097.01,3296.0,3196.0,3500.0
PR002402,2026-07-22,MANDI018,Ferozepur,Cotton,6915.55,8235.48,7575.51,6620.0
PR009101,2026-05-11,MANDI056,Sirsa,Wheat,2252.0,2547.31,2399.79,2275.0
PR005265,2026-01-03,MANDI048,Muzaffarnagar,Ganne,3167.0,3616.0,3391.32,3500.0
PR011538,2026-04-18,MANDI046,Ambala,Mustard,5059.95,5729.85,5394.9,5650.0
PR004252,2026-07-24,MANDI041,Hisar,Sugarcane,3268.0,3768.19,3518.0,3500.0
PR009654,2026-05-29,,Bathinda,Maize,2098.0,2250.19,2174.0,2090.0
PR001554,2026-07-30,MANDI004,Bathinda,Sugarcane,3289.0,3478.62,3384.0,3500.0
PR001975,2026-03-19,MANDI022,Moga,Wheat,2095.0,2578.86,2337.08,2275.0
PR003605,2026-07-20,MANDI052,Saharanpur,Cotton,6640.87,7045.0,,6620.0
PR008413,2026-03-14,MANDI056,Fatehabad,Rice,2092.0,2482.77,2287.0,2183.0
PR003854,2026-05-31,MANDI050,Sirsa,Narma,6614.02,7187.0,6900.65,6620.0
PR009155,2026-04-12,MANDI029,Jalandhar,Chawal,1889.51,2193.0,2041.22,2183.0
PR005750,2026-08-10,MANDI007,Moga,Rice,2255.46,2685.0,2470.38,2183.0
PR011632,2026-07-23,MANDI045,Meerut,Sugarcane,3064.9,3425.0,3244.86,3500.0
PR002736,2026-02-12,MANDI046,Ambala,Narma,5934.99,6828.91,6381.95,6620.0
PR006741,2026-04-25,MANDI024,Bathinda,Sugarcane,3506.85,3988.97,3747.91,3500.0
PR008868,2026-07-08,MANDI006,Ambala,Maize,1813.0,2134.43,1973.51,
PR006425,2026-02-12,MANDI043,Bathinda,Mustard,5189.0,6463.0,5825.97,5650.0
PR009738,2026-11-07,MANDI026,Hisar,Sugarcane,3564.0,4325.19,3944.56,3500.0
PR003733,2026-02-23,MANDI054,Hisar,Wheat,2100.0,,2259.0,
PR000665,2026-02-09,MANDI056,Jalandhar,Sugarcane,3460.99,3766.03,3614.0,3500.0
PR006557,2026-01-13,MANDI023,Moga,Cotton,6523.42,7486.17,7004.79,6620.0
PR010855,2026-04-25,,Bathinda,Mustard,5211.42,6412.11,5811.77,5650.0
PR002631,2026-06-19,MANDI020,Ferozepur,Cotton,5998.0,6328.91,6163.48,
PR007846,2026-01-14,MANDI046,Moga,Cotton,6917.0,,7294.38,6620.0
PR000931,2026-03-08,MANDI034,Karnal,Wheat,2359.04,2905.31,2632.0,2275.0
PR009457,2026-06-23,MANDI003,Karnal,Mustard,5735.0,6952.78,6343.68,5650.0
PR009312,2026-05-09,MANDI006,Patiala,Narma,6131.94,6709.2,6420.57,6620.0
PR007048,2026-06-12,MANDI003,Ludhiana,Narma,6438.41,7655.56,7046.98,
PR009879,2026-03-15,MANDI008,Ferozepur,Maize,2127.7,,2376.93,2090.0
PR009748,2026-05-18,MANDI023,Ferozepur,Mustard,,6358.22,5946.24,5650.0
PR001701,2026-08-08,,Karnal,Mustard,5342.0,6250.3,5795.98,5650.0
PR000122,2026-04-15,MANDI034,Ludhiana,Rice,2252.25,2472.81,,
PR009260,2026-08-06,MANDI028,Hisar,Chawal,1865.01,2193.0,2029.0,2183.0
PR009349,2026-05-28,MANDI015,Bathinda,Rice,2289.0,2482.0,2385.71,2183.0
PR009425,2026-06-27,MANDI022,Jalandhar,Chawal,,1985.24,1933.93,2183.0
PR008080,2026-07-15,MANDI038,Ludhiana,Cotton,5751.18,6512.0,6131.81,
PR010631,2026-01-12,MANDI036,Kurukshetra,Narma,6695.22,7601.78,7148.5,
PR005829,2026-04-08,MANDI035,Patiala,Wheat,1934.0,2093.94,2014.0,2275.0
PR001712,2026-01-11,MANDI042,Sirsa,Sugarcane,3134.09,3388.0,3261.0,3500.0
PR000921,2026-01-17,,,Sugarcane,,3822.61,,3500.0
PR005134,2026-08-17,MANDI040,Ambala,Maize,2023.88,2249.0,2136.0,
PR000077,2026-03-24,MANDI022,Sirsa,Sarso,5376.0,,6037.7,5650.0
PR005960,2026-12-03,MANDI021,Karnal,Wheat,1936.0,2296.0,2116.0,
PR002033,2026-05-28,MANDI031,Amritsar,Maize,2004.31,2322.4,2163.35,2090.0
PR010747,2026-01-25,MANDI055,Fatehabad,Rice,,2311.0,2185.0,
PR004166,2026-02-03,MANDI012,Ambala,Sugarcane,3280.6,3933.0,3606.92,3500.0
PR001716,2026-04-03,MANDI035,Karnal,Maize,2012.47,2372.95,2193.0,2090.0
PR010597,2026-02-01,MANDI046,Jalandhar,Cotton,5773.0,6543.54,6158.47,
PR008353,2026-05-29,MANDI042,Moga,Maize,1870.42,1969.27,1919.84,2090.0
PR007135,2026-07-18,MANDI018,Moga,Wheat,1986.96,2223.62,2105.29,2275.0
PR002933,2026-05-19,MANDI023,Hisar,Wheat,2206.94,2602.79,2404.87,2275.0
PR003436,2026-06-22,MANDI004,Hisar,Mustard,5405.44,5689.21,5547.0,5650.0
PR003999,2026-06-09,MANDI047,Sirsa,Wheat,2091.0,2395.06,2243.06,2275.0
PR006200,2026-08-11,MANDI049,Moga,Rice,2173.1,2482.13,2327.62,2183.0
PR009599,2026-02-03,MANDI029,Sirsa,Maize,1953.25,,2104.68,2090.0
PR005842,2026-04-17,MANDI031,Bathinda,Rice,2252.85,2491.11,,2183.0
PR006450,2026-01-20,MANDI023,Moga,Makki,1789.31,2154.68,1972.0,2090.0
PR009561,2026-04-29,MANDI005,Fatehabad,Mustard,5536.0,6259.91,5898.09,5650.0
PR000366,2026-08-09,MANDI057,Bathinda,Cotton,6261.72,7777.0,,6620.0
PR000986,2026-07-22,,Ludhiana,Wheat,1973.82,2268.25,2121.03,2275.0
PR010133,2026-04-02,,Moga,Rice,1914.99,2088.87,2001.93,2183.0
PR002488,2026-09-03,MANDI013,Fatehabad,Maize,2077.67,2493.0,,2090.0
PR008802,2026-08-26,MANDI053,Moga,Maize,2102.17,2213.9,2158.03,2090.0
PR000692,2026-03-25,MANDI032,Ferozepur,Wheat,2310.0,2628.69,2469.53,2275.0
PR006264,2026-01-21,MANDI034,Amritsar,Wheat,1948.0,2187.34,2068.0,2275.0
PR007729,2026-04-14,MANDI017,Jalandhar,Sugarcane,3203.93,3818.61,3511.0,3500.0
PR010238,2026-04-29,MANDI028,Fatehabad,Sugarcane,,3353.94,3256.59,3500.0
PR008085,2026-04-16,MANDI017,Moga,Sarso,5348.0,6436.0,5892.0,
PR003928,2026-02-26,MANDI025,Moga,Wheat,2116.71,2442.45,2280.0,2275.0
PR006030,2026-05-19,MANDI037,Karnal,Sugarcane,3337.37,3739.0,3538.39,3500.0
PR009829,2026-06-22,MANDI041,Jalandhar,Mustard,5724.79,6530.99,6127.89,5650.0
PR006345,2026-05-20,MANDI043,Jalandhar,Sugarcane,3446.89,4023.18,3735.03,3500.0
PR001696,2026-05-17,MANDI008,Fatehabad,Mustard,5643.35,6319.84,5982.0,
PR009033,2026-04-23,MANDI015,Ludhiana,Mustard,4927.36,5359.0,5143.0,5650.0
PR008384,2026-04-21,MANDI009,Ferozepur,Cotton,5837.91,6877.03,6357.47,
PR005451,2026-04-02,MANDI053,Saharanpur,Mustard,4880.0,5565.11,5222.8,5650.0
PR007001,2026-07-09,MANDI002,Ferozepur,Mustard,4946.0,5822.2,5384.0,5650.0
PR006466,2026-02-06,MANDI007,Moga,Maize,1988.35,2293.87,2141.0,
PR010981,2026-03-05,MANDI012,Patiala,Sarso,5517.14,5845.46,5681.0,5650.0
PR003099,2026-02-04,MANDI017,,Wheat,2120.0,2323.26,2222.0,
PR004097,2026-03-03,MANDI027,Moga,Maize,,2401.55,2245.31,2090.0
PR010336,2026-03-26,MANDI036,Jalandhar,Cotton,6512.08,6956.0,6734.06,6620.0
PR007210,2026-03-28,MANDI012,Kurukshetra,Ganne,3274.85,4091.61,,3500.0
PR000542,2026-09-03,MANDI005,Bathinda,Cotton,6713.0,8246.96,7479.92,6620.0
PR008535,2026-08-21,MANDI013,Ferozepur,Sugarcane,3377.46,3570.0,3473.65,3500.0
PR000178,2026-08-17,MANDI054,Bathinda,Mustard,,6059.53,5467.87,5650.0
PR004753,2026-03-12,MANDI010,Amritsar,Rice,1863.95,2226.87,2045.0,2183.0
PR010438,2026-05-27,MANDI034,Sirsa,Mustard,5605.63,6018.83,5812.0,
PR001761,2026-01-02,,Bathinda,Sugarcane,3016.22,3490.33,3253.27,3500.0
PR002079,2026-08-01,MANDI036,Fatehabad,Mustard,5185.0,5981.94,5583.56,5650.0
PR009762,2026-07-19,MANDI021,Ferozepur,Cotton,6685.0,7690.0,7187.79,6620.0
PR003715,2026-06-17,MANDI031,Sirsa,Maize,2051.0,2233.53,2142.0,2090.0
PR000150,2026-01-25,MANDI045,Bathinda,Cotton,6637.58,7834.0,7235.86,6620.0
PR003790,2026-05-17,MANDI056,Ambala,Cotton,5948.38,7049.95,6499.0,6620.0
PR004691,2026-04-12,,Bathinda,Wheat,2215.4,2510.28,2362.84,2275.0
PR003952,2026-07-06,MANDI045,Ferozepur,चावल,2255.0,2534.38,2395.0,2183.0
PR009481,2026-02-16,MANDI014,Ferozepur,Wheat,2342.79,2481.0,2412.0,2275.0
PR004710,2026-07-27,MANDI013,Amritsar,चावल,1998.0,2212.0,2104.82,2183.0
PR004175,2026-05-21,MANDI009,Kurukshetra,Sugarcane,3174.08,3470.22,3322.15,
PR010245,2026-01-28,MANDI050,Hisar,Sugarcane,3352.55,4072.0,3712.31,3500.0
PR011795,2026-01-08,MANDI024,Karnal,Cotton,5842.63,6771.17,6306.9,6620.0
PR005975,2026-05-04,MANDI006,Amritsar,Rice,2050.06,2553.05,2301.55,2183.0
PR002192,2026-04-10,MANDI007,Moga,Narma,6099.19,7585.81,6843.0,6620.0
PR009095,2026-08-28,MANDI042,Fatehabad,Wheat,2235.62,2651.59,,2275.0
PR011381,2026-04-06,MANDI041,Fatehabad,Narma,6781.26,7901.0,7341.2,6620.0
PR001969,2026-01-18,MANDI025,Amritsar,Cotton,6837.0,7653.86,7245.63,6620.0
PR000293,2026-01-28,MANDI006,Karnal,चावल,2046.0,2533.0,2289.66,2183.0
PR007427,2026-05-04,MANDI010,Ambala,Maize,2148.96,2530.42,2339.69,2090.0
PR001352,2026-06-03,MANDI035,Amritsar,Maize,1915.48,2264.0,2089.75,
PR008692,2026-06-25,MANDI053,Ludhiana,Chawal,2213.27,2656.0,2435.0,2183.0
PR007713,2026-01-29,MANDI020,Ambala,Mustard,,5695.05,5402.76,5650.0
PR000142,2026-03-29,MANDI050,Muzaffarnagar,Rice,,2271.84,2184.48,
PR008712,2026-09-05,MANDI024,Jalandhar,Wheat,2185.18,2586.0,2385.0,2275.0
PR007733,2026-08-26,MANDI006,Ferozepur,Sugarcane,3206.61,3832.86,3520.0,3500.0
PR004914,2026-02-10,MANDI014,Karnal,Rice,2124.16,2604.78,2364.0,2183.0
PR006328,2026-03-17,,Jalandhar,Rice,,2169.0,2061.15,2183.0
PR001255,2026-04-22,MANDI039,Sirsa,Cotton,6324.54,6713.0,6518.67,6620.0
PR000882,2026-08-15,MANDI045,Ambala,Wheat,2025.69,2462.38,2244.0,2275.0
PR002655,2026-04-16,MANDI056,Moga,Cotton,6421.07,8021.0,7221.04,6620.0
PR002715,2026-09-05,MANDI010,Amritsar,Mustard,5800.42,6455.35,6127.88,5650.0
PR008081,2026-08-21,MANDI043,Amritsar,Wheat,2364.0,2890.93,2627.0,
PR008851,2026-06-12,,,Sugarcane,3660.0,4118.0,3889.0,
PR002740,2026-01-07,,Karnal,Sugarcane,3075.0,3442.77,3258.75,3500.0
PR006789,2026-05-07,,Fatehabad,Wheat,2113.17,2639.38,2376.0,2275.0
PR009391,2026-01-04,MANDI020,Ludhiana,Sugarcane,3480.63,4123.0,3802.0,3500.0
PR011100,2026-06-25,MANDI033,Bathinda,Mustard,4879.27,5275.85,5077.56,5650.0
PR006796,2026-09-02,,Kurukshetra,Maize,2141.28,2472.0,2306.0,2090.0
PR002763,2026-06-30,,Fatehabad,Sarso,5304.78,5652.64,5479.0,5650.0
PR002658,2026-02-28,MANDI002,Patiala,Mustard,5875.3,6984.0,6429.56,5650.0
PR002614,2026-06-06,MANDI048,Muzaffarnagar,Mustard,5326.95,5784.47,5555.71,5650.0
PR001268,2026-06-20,MANDI003,Hisar,Sugarcane,3183.57,3920.0,3551.78,3500.0
PR009339,2026-06-25,MANDI056,Patiala,Wheat,2308.0,2760.33,,
PR006035,2026-05-08,MANDI033,Hisar,Maize,2145.0,2400.8,2273.06,2090.0
PR008380,2026-04-14,MANDI056,Jalandhar,Maize,2079.93,2491.12,2285.52,2090.0
PR000196,2026-03-10,,,Cotton,6435.77,6820.02,6627.89,
PR009365,2026-04-29,MANDI028,Jalandhar,Sugarcane,3188.93,3887.0,3538.0,
PR009553,2026-05-06,MANDI040,Kurukshetra,Rice,1953.51,2086.43,2019.97,2183.0
PR007326,2026-09-05,MANDI041,Moga,Wheat,2189.0,2317.89,2253.0,2275.0
PR011342,2026-04-25,MANDI020,Moga,Narma,6852.99,7399.81,7126.0,6620.0
PR001968,2026-08-03,MANDI039,Kurukshetra,Wheat,2235.85,2596.34,2416.0,2275.0
PR006191,2026-03-22,MANDI008,Ferozepur,Mustard,5540.67,6234.55,5887.61,5650.0
PR011581,2026-02-24,MANDI056,Karnal,Mustard,,5491.62,5224.0,5650.0
PR002075,2026-04-22,MANDI052,Sirsa,Wheat,2309.78,2809.0,2559.57,
PR010575,2026-04-29,MANDI032,Karnal,Cotton,,8255.7,7459.6,
PR008613,2026-02-11,MANDI048,Sirsa,Sarso,4881.23,5879.76,5380.0,5650.0
PR011791,2026-05-02,MANDI025,Karnal,Mustard,5022.41,6025.35,5523.88,
PR009858,2026-02-20,MANDI014,Jalandhar,Sugarcane,2978.0,3456.74,3218.0,3500.0
PR002802,2026-03-01,MANDI042,Karnal,Sugarcane,3341.62,3969.0,3655.22,
PR008910,2026-06-13,MANDI014,Ferozepur,Sarso,5712.3,7051.0,6381.83,5650.0
PR006312,2026-03-06,MANDI053,Ambala,Maize,1948.28,2413.0,2180.44,2090.0
PR000134,2026-05-13,MANDI014,Moga,Maize,1863.81,1981.97,1922.89,2090.0
PR010080,2026-06-04,MANDI020,Ferozepur,Makki,2182.0,2610.49,2396.43,
PR006697,2026-05-10,MANDI028,Sirsa,Narma,,7895.74,7248.0,
PR009389,2026-01-22,,Moga,Cotton,6787.8,7344.67,,6620.0
PR010723,2026-04-18,MANDI023,Hisar,Rice,1924.36,2197.0,2061.0,2183.0
PR006679,2026-07-26,,Jalandhar,Ganne,3418.04,3620.76,3519.4,3500.0
PR007142,2026-04-01,,Amritsar,Sugarcane,3673.0,3927.12,3799.88,
PR005162,2026-08-25,MANDI050,Muzaffarnagar,Mustard,5273.0,6243.14,5758.3,5650.0
PR010986,2026-08-22,MANDI027,Hisar,Mustard,,6935.12,6312.0,5650.0
PR010469,2026-01-30,MANDI041,Ludhiana,Sugarcane,3096.69,3447.0,3272.0,3500.0
PR000895,2026-01-16,,Sirsa,Sugarcane,3524.0,3791.81,3657.8,3500.0
PR000699,2026-04-02,MANDI012,Moga,Cotton,6607.0,8123.36,7365.29,6620.0
PR007473,2026-05-04,MANDI012,Patiala,Mustard,5917.06,6618.53,6267.8,5650.0
PR001746,2026-03-13,MANDI026,Hisar,Sugarcane,,4247.19,3910.36,
PR002954,2026-08-25,MANDI033,Hisar,Maize,,2254.77,2171.0,2090.0
PR009013,2026-03-29,,Fatehabad,Sarso,5290.06,5895.0,,5650.0
PR008511,2026-02-04,MANDI037,Bathinda,Narma,5999.56,,6608.0,6620.0
PR006883,2026-07-27,MANDI037,Jalandhar,Makki,1866.09,2070.0,1968.0,2090.0
PR001673,2026-12-07,MANDI036,Moga,Rice,2223.4,2591.0,2407.0,2183.0
PR009810,2026-06-29,MANDI001,Kurukshetra,Cotton,6319.09,6775.73,6547.41,6620.0
PR004984,2026-05-22,MANDI055,Ferozepur,Wheat,2037.61,2411.7,2225.0,2275.0
PR011679,2026-07-02,MANDI041,Fatehabad,Cotton,6195.0,6989.0,6591.9,6620.0
PR009160,2026-02-19,MANDI033,Karnal,Mustard,5429.17,5979.46,5704.0,5650.0
PR002232,2026-05-21,,Bathinda,Maize,1973.4,2257.31,2115.0,
PR009316,2026-07-10,MANDI029,Jalandhar,Narma,5650.84,6623.17,6137.01,
PR010169,2026-01-02,,Fatehabad,Maize,2112.0,2265.19,2188.69,2090.0
PR006550,2026-04-28,MANDI019,Jalandhar,Chawal,2070.92,2352.79,2212.0,2183.0
PR009458,2026-03-25,,Karnal,Mustard,5329.27,6089.0,5709.28,5650.0
PR006279,2026-04-15,MANDI037,Fatehabad,Rice,1942.04,2299.2,2120.62,2183.0
PR004100,2026-06-09,MANDI006,Ambala,Chawal,2117.92,2286.88,2202.4,2183.0
PR009097,2026-09-05,MANDI003,Ludhiana,Wheat,2273.47,2598.03,2435.75,2275.0
PR000191,2026-06-16,MANDI034,Ambala,Makki,1933.74,2260.25,2096.99,
PR006913,2026-01-20,MANDI052,Patiala,Wheat,2345.86,2536.67,2441.0,2275.0
PR003116,2026-07-24,MANDI052,Bathinda,Maize,1939.19,2384.12,2162.0,2090.0
PR005420,2026-02-23,MANDI045,Bathinda,Maize,1937.41,2383.74,2160.57,
PR011160,2026-04-27,MANDI048,Hisar,Mustard,5511.95,6699.71,6105.83,5650.0
PR006017,2026-07-09,MANDI028,Jalandhar,Wheat,1950.57,2168.0,,2275.0
PR002457,2026-07-22,,Hisar,Wheat,2166.0,2352.0,2259.0,
PR005571,2026-06-30,MANDI001,Fatehabad,Sugarcane,3338.0,3843.0,3590.52,3500.0
PR006276,2026-06-26,MANDI010,Hisar,Cotton,6592.0,7098.0,6845.0,
PR000331,2026-03-22,MANDI036,Fatehabad,Wheat,2224.92,2497.0,2361.05,2275.0
PR003072,2026-04-04,,Moga,Sugarcane,3338.42,3557.99,3448.21,3500.0
PR005131,2026-01-16,MANDI033,Bathinda,Cotton,6891.0,8525.34,7708.35,6620.0
PR011558,2026-01-17,MANDI017,Fatehabad,Narma,6284.32,6916.0,6600.37,6620.0
PR005336,2026-06-10,MANDI025,Sirsa,Cotton,6138.07,7667.82,,6620.0
PR007285,2026-01-20,MANDI030,Kurukshetra,Makki,2131.54,2495.77,2313.65,2090.0
PR007118,2026-01-26,MANDI046,Karnal,Mustard,5764.0,6334.0,6048.77,5650.0
PR008921,2026-04-30,MANDI010,Karnal,Rice,1921.65,2204.41,2063.03,2183.0
PR010428,2026-05-01,MANDI039,Amritsar,Ganne,3289.5,3620.78,,3500.0
PR006884,2026-08-03,,,Maize,1908.98,2263.11,2086.05,2090.0
PR003865,2026-08-04,MANDI048,Moga,Rice,2007.42,2332.87,2170.14,
PR005547,2026-05-27,MANDI011,Karnal,Wheat,2039.52,2489.31,2264.42,
PR000505,2026-02-02,MANDI045,Moga,Wheat,2039.0,2501.55,2270.34,
PR007671,2026-01-20,MANDI041,Sirsa,Maize,2164.51,2449.37,2306.94,
PR001816,2026-03-30,,Ferozepur,Cotton,5939.0,6433.04,6186.25,6620.0
PR007592,2026-05-14,,Ferozepur,Mustard,5513.0,6010.01,5761.51,5650.0
PR006998,2026-07-14,,Bathinda,Chawal,2280.0,2778.0,2529.24,
PR004260,2026-05-12,,Hisar,Wheat,2158.51,2473.0,2316.0,2275.0
PR004459,2026-08-01,MANDI025,Ludhiana,Rice,2127.85,2507.37,2318.0,2183.0
PR006203,2026-01-05,MANDI002,Moga,Wheat,1960.11,2334.28,2147.19,2275.0
PR009159,2026-07-25,MANDI025,Ferozepur,Sugarcane,3165.39,3474.33,3320.0,3500.0
PR005497,2026-05-10,MANDI039,Ambala,Sugarcane,3151.0,3881.87,3516.51,3500.0
PR009719,2026-05-21,MANDI001,Jalandhar,Sugarcane,3178.0,3658.0,3418.0,3500.0
PR006438,2026-09-06,,Sirsa,Sugarcane,3595.43,3974.0,3784.93,
PR003305,2026-03-31,MANDI055,Amritsar,Cotton,5679.0,,6114.91,6620.0
PR001558,2026-07-30,MANDI035,Hisar,Maize,1862.54,2239.8,2051.17,2090.0
PR009543,2026-04-27,MANDI005,Kurukshetra,Sugarcane,3458.42,4188.37,3823.0,3500.0
PR004703,2026-07-27,MANDI027,Fatehabad,Mustard,5355.56,5995.0,5675.22,5650.0
PR007976,2026-08-06,MANDI051,Saharanpur,Narma,6022.52,7217.0,6619.73,6620.0
PR010188,2026-08-15,MANDI036,Karnal,Wheat,2327.0,2661.0,2494.06,2275.0
PR006495,2026-02-18,,Kurukshetra,Cotton,5639.0,6892.86,6266.05,6620.0
PR000675,2026-03-05,MANDI044,Agra,Mustard,5392.75,6119.86,5756.0,
PR005592,2026-01-09,MANDI052,Karnal,Wheat,1983.0,,2053.0,2275.0
PR000842,2026-02-05,MANDI020,Jalandhar,चावल,,2168.0,2016.0,
PR005779,2026-03-12,MANDI044,Karnal,Maize,2068.0,2508.02,2288.0,
PR005581,2026-03-31,MANDI020,Ferozepur,Maize,2083.85,2331.0,2207.21,
PR002131,2026-06-13,MANDI034,Hisar,Rice,1969.0,2461.0,2214.76,2183.0
PR007123,2026-01-09,MANDI051,Ferozepur,Mustard,5718.65,6563.92,6141.28,5650.0
PR010374,2026-08-02,MANDI025,Fatehabad,Rice,2131.56,,2218.89,2183.0
PR008747,2026-05-08,MANDI043,Hisar,Cotton,6640.13,7293.01,6966.57,6620.0
PR010687,2026-02-06,MANDI039,Sirsa,Cotton,6252.0,7031.0,6642.0,6620.0
PR008469,2026-04-15,MANDI022,Karnal,Maize,2016.53,2281.0,2148.76,2090.0
PR008882,2026-04-02,MANDI033,Ambala,Rice,,2254.0,2196.11,2183.0
PR007061,2026-05-28,MANDI016,Bathinda,Mustard,5772.08,6728.27,6250.18,5650.0
PR001067,2026-04-06,MANDI056,Ambala,Cotton,5950.0,6842.8,6396.49,
PR003500,2026-04-14,MANDI016,Ludhiana,Mustard,5880.0,6497.0,6188.4,
PR008075,2026-02-06,,Amritsar,Cotton,6929.0,7312.0,7120.57,6620.0
PR000151,2026-09-07,MANDI015,Ambala,Cotton,6645.6,8068.58,7357.09,6620.0
PR006780,2026-08-15,MANDI007,Fatehabad,Cotton,6577.14,7610.0,7093.53,6620.0
PR002861,2026-05-31,MANDI037,Ambala,Chawal,1891.0,2225.99,2058.7,2183.0
PR002129,2026-06-19,MANDI013,Hisar,Mustard,5841.44,7078.5,6460.0,5650.0
PR009495,2026-04-08,MANDI009,Patiala,Sugarcane,3235.0,3513.04,3374.09,3500.0
PR010562,2026-03-09,MANDI041,Ambala,Wheat,1935.64,,2007.57,2275.0
PR005260,2026-08-06,MANDI002,Patiala,Sugarcane,3608.08,4355.65,3982.0,3500.0
PR005255,2026-04-20,MANDI027,Bathinda,Mustard,,7021.52,6423.0,5650.0
PR001236,2026-03-08,MANDI050,Ludhiana,Maize,1982.0,2296.0,2139.0,2090.0
PR010524,2026-02-09,MANDI001,Jalandhar,Narma,6063.79,7177.71,6620.75,6620.0
PR004645,2026-09-03,MANDI004,Bathinda,Sugarcane,2979.72,3401.0,3190.33,3500.0
PR005116,2026-08-10,MANDI028,Karnal,Mustard,5677.03,6307.85,5992.44,5650.0
PR006109,2026-01-24,,Moga,Sarso,5069.0,6243.0,5656.0,5650.0
PR005403,2026-07-19,MANDI002,Kurukshetra,Wheat,2190.06,2368.55,2279.3,2275.0
PR006914,2026-06-29,MANDI039,Bathinda,Sugarcane,3591.0,3912.38,3751.83,
PR004416,2026-06-20,MANDI032,Karnal,Rice,2217.26,2517.96,2368.0,2183.0
PR002949,2026-01-23,,Fatehabad,Mustard,5001.04,6233.66,5617.35,5650.0
PR001127,2026-09-04,MANDI034,Moga,Makki,2162.11,2394.17,2278.14,
PR005933,2026-06-25,MANDI045,Kurukshetra,Cotton,6485.0,8034.38,7259.78,6620.0
PR010197,2026-08-19,,Hisar,Sugarcane,3152.83,3530.0,3341.52,3500.0
PR005282,2026-02-26,MANDI028,Jalandhar,Rice,2238.62,2441.0,2340.0,2183.0
PR004894,2026-01-26,MANDI054,Patiala,Sugarcane,3214.0,3953.0,3583.43,3500.0
PR005328,2026-04-29,MANDI013,Hisar,Rice,1997.08,2335.28,2166.0,2183.0
PR003222,2026-02-14,MANDI054,Saharanpur,Narma,6798.74,,7303.87,6620.0
PR011243,2026-01-17,MANDI056,Ferozepur,Wheat,2330.0,2802.0,2566.0,2275.0
PR008033,2026-07-29,MANDI014,Ferozepur,Maize,1783.0,2164.63,,2090.0
PR001794,2026-07-06,MANDI007,Amritsar,Cotton,,6454.0,6079.12,
PR002392,2026-03-23,MANDI036,Patiala,Rice,2169.34,2356.66,2263.0,2183.0
PR005253,2026-07-09,MANDI012,Ferozepur,Rice,2282.0,2798.68,2540.46,2183.0
PR001524,2026-03-23,MANDI019,Moga,Sugarcane,3202.87,3733.0,3467.97,3500.0
PR005098,2026-05-15,MANDI046,,Maize,,2161.71,1972.33,2090.0
PR001041,2026-03-06,MANDI014,Ferozepur,Rice,2123.3,2348.0,2236.0,2183.0
PR011500,2026-01-25,MANDI007,Hisar,Makki,1879.85,2298.72,2089.28,2090.0
PR006384,2026-08-23,MANDI035,Amritsar,Sarso,4881.19,5391.25,5136.22,5650.0
PR006196,2026-01-22,MANDI018,Ferozepur,Wheat,2263.19,2805.14,2534.0,2275.0
PR002019,2026-01-27,MANDI003,Patiala,Wheat,2347.0,2660.0,2503.84,2275.0
PR008682,2026-06-02,MANDI051,Saharanpur,Cotton,6636.0,8038.75,7337.0,6620.0
PR010028,2026-03-30,MANDI051,Fatehabad,Mustard,5253.0,5567.0,5410.05,
PR006502,2026-04-16,MANDI054,Patiala,Cotton,5841.0,7098.06,6470.0,6620.0
PR009379,2026-05-29,MANDI047,Moga,Mustard,4865.1,6017.61,5441.0,
PR007967,2026-01-01,MANDI030,Jalandhar,Makki,1896.0,2313.11,2104.71,2090.0
PR007643,2026-09-02,MANDI011,Fatehabad,Sugarcane,3511.4,4140.0,3825.83,3500.0
PR010473,2026-05-02,MANDI025,Fatehabad,Mustard,5906.05,7198.0,6552.0,5650.0
PR005679,2026-02-03,MANDI020,Ambala,Wheat,2023.0,2465.37,2244.19,2275.0
PR010352,2026-03-14,MANDI037,Hisar,Sugarcane,3254.0,4038.0,3646.0,
PR005127,2026-03-29,MANDI007,Karnal,Sugarcane,3621.0,3991.02,3806.0,3500.0
PR011909,2026-05-27,MANDI048,Ferozepur,Wheat,2031.02,2148.71,2089.87,2275.0
PR010323,2026-03-30,MANDI014,Kurukshetra,Rice,1859.0,2076.0,1968.0,2183.0
PR007869,2026-03-04,MANDI009,Jalandhar,Narma,6497.0,8068.68,7282.66,6620.0
PR001778,2026-07-05,MANDI033,Ludhiana,Sugarcane,3108.0,3504.35,3306.17,3500.0
PR010984,2026-08-05,,Amritsar,चावल,2235.0,2771.0,2503.0,2183.0
PR000541,2026-04-14,MANDI004,Patiala,Rice,2184.0,2566.0,2375.0,2183.0
PR004998,2026-09-09,MANDI038,Ludhiana,Maize,1813.79,2219.8,2017.0,
PR011866,2026-05-01,MANDI035,Ludhiana,Ganne,3446.0,3927.0,3686.11,3500.0
PR001329,2026-07-14,MANDI016,Ludhiana,Mustard,5399.0,5911.96,5655.61,
PR001586,2026-06-03,MANDI031,Sirsa,Sugarcane,3285.76,3927.88,3606.82,3500.0
PR009241,2026-07-20,MANDI007,Patiala,Sugarcane,3455.35,4296.0,3875.87,3500.0
PR002669,2026-02-28,MANDI033,Kurukshetra,Cotton,6054.6,6674.39,6364.49,6620.0
PR004684,2026-08-06,MANDI024,Bathinda,Wheat,2218.35,2613.0,2415.87,2275.0
PR000616,2026-02-01,MANDI043,Agra,Cotton,6145.0,7597.36,6871.0,
PR010322,2026-08-07,MANDI001,Karnal,Rice,1933.38,2226.02,2079.7,2183.0
PR007148,2026-09-03,MANDI028,Bathinda,Cotton,6641.14,7496.0,7068.74,6620.0
PR000095,2026-08-28,MANDI057,Sirsa,Wheat,,2311.91,2201.0,2275.0
PR000259,2026-01-19,MANDI046,,Mustard,5043.0,6225.82,5634.48,5650.0
PR004510,2026-02-20,MANDI010,Amritsar,Mustard,5701.56,7065.0,6383.47,5650.0
PR004392,2026-08-09,MANDI039,Sirsa,Narma,6277.0,7116.0,6697.0,6620.0
PR007727,2026-08-19,,Ambala,Wheat,2015.74,2244.49,2130.0,2275.0
PR008456,2026-05-12,MANDI047,Ludhiana,Maize,2100.93,2306.93,2203.93,
PR001220,2026-03-26,MANDI057,Ambala,Wheat,2186.14,2617.34,2402.0,
PR007088,2026-08-29,MANDI052,Hisar,Cotton,5657.0,6342.02,6000.0,6620.0
PR002860,2026-05-22,MANDI026,Fatehabad,Maize,2130.0,,2214.0,2090.0
PR000384,2026-07-26,MANDI023,Bathinda,Wheat,1946.0,2375.67,2160.83,2275.0
PR009636,2026-05-01,MANDI011,Hisar,Sugarcane,3147.18,3594.0,3371.0,
PR003166,2026-03-05,MANDI046,Bathinda,Maize,1973.0,2225.72,2099.33,2090.0
PR001361,2026-03-31,MANDI057,Moga,Rice,1949.0,2137.0,2042.86,
PR000070,2026-05-11,,Hisar,Maize,1953.3,2176.76,2065.0,2090.0
PR005650,2026-02-16,MANDI008,Amritsar,Rice,2267.0,2583.51,2425.41,2183.0
PR000779,2026-02-24,,Bathinda,Chawal,1955.0,2178.38,2067.0,
PR007260,2026-11-03,MANDI050,Patiala,Sugarcane,3443.7,3748.64,3596.17,3500.0
PR009110,2026-07-04,MANDI010,Karnal,Mustard,5023.66,5294.03,5158.85,5650.0
PR002895,2026-08-30,MANDI017,Moga,Sugarcane,3064.78,3240.1,3152.44,
PR005090,2026-06-14,,Ferozepur,Rice,2042.95,2226.0,2134.55,2183.0
PR005364,2026-09-04,MANDI014,Ludhiana,Maize,1780.52,1939.11,1860.0,2090.0
PR006108,2026-06-08,MANDI057,Hisar,Cotton,6931.72,7534.2,7232.96,6620.0
PR002728,2026-03-08,MANDI022,Bathinda,Wheat,2104.28,,2230.58,2275.0
PR001640,2026-06-10,MANDI039,,Maize,2107.0,2423.59,2265.0,2090.0
PR008423,2026-08-08,MANDI013,Karnal,Sugarcane,3424.94,4016.0,3720.41,3500.0
PR001020,2026-07-29,MANDI037,Bathinda,Rice,2249.26,2386.49,2317.88,2183.0
PR006756,2026-04-19,MANDI051,Ludhiana,Cotton,6548.0,8130.31,,6620.0
PR005815,2026-01-21,MANDI014,Kurukshetra,Cotton,5957.0,,6491.05,6620.0
PR009964,2026-06-18,MANDI033,Sirsa,Wheat,1975.91,2203.77,2089.84,2275.0
PR011574,2026-01-10,MANDI037,Ludhiana,Sarso,5512.0,6033.37,5772.66,5650.0
PR005957,2026-01-31,MANDI024,Ludhiana,Chawal,2085.43,2514.21,2300.0,2183.0
PR004044,2026-03-08,MANDI015,Ferozepur,Makki,1941.08,2196.95,2069.02,2090.0
PR005435,2026-07-13,,Hisar,Wheat,2217.0,2466.0,2341.52,2275.0
PR007043,2026-09-07,MANDI017,Jalandhar,Rice,1961.0,2288.0,2124.0,2183.0
PR001373,2026-10-01,,Ludhiana,Wheat,2145.0,2566.18,2356.0,2275.0
PR002456,2026-02-21,MANDI027,Bathinda,Maize,2089.23,2445.0,2267.25,
PR004987,2026-07-01,MANDI010,Sirsa,Mustard,5170.79,5616.0,5393.18,5650.0
PR006177,2026-07-16,MANDI057,Bareilly,Rice,1863.01,2198.0,2030.47,2183.0
PR001998,2026-03-04,MANDI005,Karnal,Mustard,5480.52,6282.0,5881.21,5650.0
PR001849,2026-08-06,MANDI015,Hisar,Wheat,2382.0,2690.11,2535.99,2275.0
PR000362,2026-05-08,,Ludhiana,Sugarcane,3217.0,3609.79,3413.0,3500.0
PR002944,2026-08-21,MANDI023,Patiala,Ganne,3567.4,3985.27,3776.0,3500.0
PR006548,2026-03-05,,Patiala,Ganne,3402.36,3820.0,3611.35,
PR000989,2026-01-14,,Kurukshetra,Mustard,5487.0,6193.17,5840.16,5650.0
PR006653,2026-08-24,,Fatehabad,Sugarcane,3656.84,4091.0,,3500.0
PR004237,2026-03-25,MANDI049,Jalandhar,Ganne,3272.57,3438.72,3355.65,3500.0
PR004793,2026-03-30,MANDI042,Hisar,Wheat,2135.73,2275.24,2205.48,2275.0
PR001752,2026-06-18,MANDI002,Karnal,Rice,1913.92,2153.0,2033.63,
PR001668,2026-05-23,MANDI027,Ludhiana,Wheat,2150.34,2531.91,2341.12,
PR010692,2026-01-06,,Amritsar,Sugarcane,3345.26,3837.19,,3500.0
PR000503,2026-09-03,MANDI036,Jalandhar,Mustard,5179.17,5633.0,5406.0,5650.0
PR006827,2026-09-07,,Karnal,Wheat,2144.84,2310.42,2227.63,2275.0
PR006331,2026-05-18,MANDI041,Hisar,Sugarcane,3154.0,,3528.66,
PR010581,2026-04-21,MANDI014,Amritsar,Maize,1929.68,2345.0,2137.11,2090.0
PR001365,2026-06-14,MANDI046,Ludhiana,Sugarcane,2985.22,3566.0,3275.72,3500.0
PR011292,2026-02-08,MANDI004,Ludhiana,Rice,2277.82,2444.0,2361.1,2183.0
PR003654,2026-08-07,MANDI041,Ambala,Sugarcane,3214.61,3624.0,3419.07,3500.0
PR008310,2026-04-25,,Hisar,Rice,2265.73,2531.13,2398.0,2183.0
PR009772,2026-05-20,MANDI026,Karnal,Cotton,6093.43,6563.0,6328.28,6620.0
PR010694,2026-06-15,MANDI016,Sirsa,Chawal,,,2443.97,
PR009885,2026-07-26,MANDI011,Patiala,Sarso,5249.05,6179.0,5713.79,5650.0
PR011345,2026-08-29,MANDI037,Hisar,Maize,1940.28,2379.06,2159.67,2090.0
PR001785,2026-04-03,,Jalandhar,Rice,,2442.61,2317.85,2183.0
PR001498,2026-03-19,MANDI054,Bathinda,Rice,1992.28,2401.0,2196.59,2183.0
PR007013,2026-07-16,,Karnal,Maize,2066.73,2409.51,2238.12,2090.0
PR009709,2026-03-02,MANDI050,Sirsa,Maize,2088.32,2499.88,2294.1,
PR004713,2026-01-04,MANDI024,Ferozepur,Wheat,2189.0,2381.45,2285.47,2275.0
PR003117,2026-01-22,MANDI023,Ferozepur,Maize,1876.0,2109.47,1992.79,2090.0
PR003559,2026-02-19,MANDI025,Kurukshetra,Wheat,2332.36,2654.24,2493.3,2275.0
PR007937,2026-08-06,MANDI015,Kurukshetra,Wheat,2324.72,2820.4,2572.56,2275.0
PR008872,2026-03-19,MANDI041,Fatehabad,Maize,1841.43,2119.69,1980.56,
PR006354,2026-08-02,MANDI028,Bathinda,Mustard,5735.38,,5954.0,5650.0
PR002139,2026-03-26,MANDI018,Amritsar,Wheat,2030.0,2171.0,2101.0,2275.0
PR009138,2026-05-29,MANDI038,Moga,Mustard,5341.37,6252.72,5797.04,5650.0
PR006591,2026-07-23,MANDI040,Ferozepur,Chawal,2142.0,2494.96,2318.46,2183.0
PR004144,2026-01-07,MANDI053,Saharanpur,Sugarcane,3367.0,3658.45,,
PR002855,2026-06-27,MANDI045,Moga,Narma,6258.75,7241.63,6750.19,6620.0
PR008293,2026-04-21,,Karnal,Makki,,2178.0,1998.59,2090.0
PR007104,2026-03-17,MANDI044,Bathinda,Sugarcane,3169.0,3810.81,3490.15,3500.0
PR000624,2026-11-06,MANDI050,Patiala,Rice,2291.0,2747.53,2519.0,2183.0
PR011004,2026-01-27,MANDI045,Patiala,Maize,2024.75,2471.0,,2090.0
PR010037,2026-05-28,MANDI015,Kurukshetra,Rice,1861.98,2195.0,2029.0,2183.0
PR006491,2026-05-05,,Jalandhar,Sarso,5225.0,6308.0,5766.0,5650.0
PR002700,2026-08-21,MANDI016,Bathinda,Mustard,5888.19,6289.0,6088.65,5650.0
PR008897,2026-01-04,MANDI029,Patiala,Mustard,5430.88,6618.0,6024.65,
PR011696,2026-05-17,MANDI036,Kurukshetra,Mustard,5083.02,6297.0,5690.03,5650.0
PR010780,2026-02-21,MANDI012,Ambala,Wheat,1990.46,2090.29,2040.0,2275.0
PR010006,2026-07-14,MANDI042,Moga,Wheat,2181.31,2691.95,2436.63,2275.0
PR005232,2026-03-23,MANDI053,Patiala,Sarso,5798.49,7030.54,6414.52,5650.0
PR000983,2026-05-22,MANDI001,Ludhiana,Rice,2078.39,2448.36,2263.37,2183.0
PR002433,2026-04-04,MANDI035,Amritsar,Wheat,1987.22,2401.0,2193.91,2275.0
PR007513,2026-03-20,MANDI040,Patiala,Maize,2044.42,2481.96,2263.0,
PR006911,2026-01-28,MANDI056,Amritsar,Rice,2068.53,2572.18,2320.35,
PR005551,2026-04-15,MANDI041,Hisar,Mustard,,6231.03,5980.0,5650.0
PR007073,2026-06-27,MANDI039,Ferozepur,Mustard,5641.0,6715.75,6178.46,5650.0
PR007787,2026-03-28,MANDI004,Moga,Narma,6320.35,7889.0,,6620.0
PR008537,2026-03-09,MANDI044,Karnal,Sugarcane,3609.19,4048.0,3828.0,3500.0
PR005114,2026-06-01,MANDI030,Hisar,Sugarcane,3347.0,3535.59,3441.12,3500.0
PR008008,2026-03-04,MANDI019,Ludhiana,Cotton,6214.61,,6498.0,
PR009917,2026-01-23,MANDI005,Amritsar,Wheat,2387.0,2909.88,2648.29,
PR001528,2026-01-22,MANDI015,Ludhiana,चावल,2189.56,2735.0,2462.0,2183.0
PR003336,2026-03-29,MANDI039,Kurukshetra,Rice,1866.0,2038.83,,
PR001448,2026-04-21,MANDI020,Fatehabad,Sugarcane,3138.91,3666.0,3402.0,
PR008967,2026-03-16,MANDI028,Moga,Rice,,2093.42,1979.0,2183.0
PR002228,2026-02-25,MANDI012,Ferozepur,Sugarcane,3082.41,3590.59,3336.0,3500.0
PR005474,2026-08-07,MANDI038,Kurukshetra,Maize,2048.0,2218.11,2133.0,
PR004521,2026-08-11,,Kurukshetra,Sugarcane,3396.25,3977.0,3686.48,3500.0
PR000218,2026-05-12,MANDI022,Jalandhar,Maize,1854.0,1960.19,1906.95,
PR009638,2026-08-11,MANDI045,Meerut,Makki,1873.35,2041.23,1957.0,2090.0
PR002889,2026-01-22,MANDI017,,Maize,1867.0,2246.0,2056.4,
PR010292,2026-05-02,MANDI030,Jalandhar,Rice,,2321.34,2137.17,2183.0
PR006031,2026-01-27,,Bathinda,Wheat,2194.0,2438.87,2316.0,
PR006650,2026-07-03,MANDI057,Karnal,Rice,2119.88,2438.65,2279.0,2183.0
PR002108,2026-08-11,MANDI040,Moga,Mustard,5646.0,5998.87,5822.0,5650.0
PR000261,2026-06-14,MANDI018,Hisar,Sugarcane,3090.29,3724.58,3407.44,3500.0
PR008905,2026-03-01,MANDI039,Ludhiana,Rice,1943.44,2131.35,2037.0,2183.0
PR008908,2026-01-15,MANDI023,Ferozepur,Mustard,5484.0,6345.04,5914.41,
PR006262,2026-02-06,MANDI001,Bathinda,Rice,1990.58,2106.74,2048.66,2183.0
PR008680,2026-04-13,MANDI036,Moga,Sugarcane,3452.55,4167.04,3809.79,3500.0
PR008104,2026-01-04,MANDI035,Moga,Maize,,2580.28,2361.97,2090.0
PR000671,2026-04-23,MANDI043,Hisar,Maize,2053.18,2331.0,2192.12,2090.0
PR009109,2026-08-10,MANDI020,Karnal,Mustard,5238.64,,,5650.0
PR008932,2026-05-24,MANDI030,Jalandhar,Rice,1920.0,2026.22,1973.0,2183.0
PR011889,2026-06-15,MANDI031,Fatehabad,Sugarcane,3605.0,3791.15,3698.29,3500.0
PR010973,2026-04-16,MANDI015,Ludhiana,Cotton,6461.27,6836.34,6649.0,6620.0
PR001358,2026-04-19,MANDI019,Amritsar,Wheat,2273.3,2714.0,2493.49,
PR002615,2026-07-25,MANDI002,Jalandhar,Makki,,2569.0,2362.14,2090.0
PR008767,2026-07-01,MANDI004,Sirsa,Sarso,5499.0,6419.1,5959.21,5650.0
PR002684,2026-01-05,MANDI045,Fatehabad,Rice,1969.57,2412.08,2190.82,
PR002317,2026-06-15,MANDI048,Ferozepur,Maize,1955.62,2178.21,2066.92,2090.0
PR011557,2026-07-14,MANDI034,Amritsar,Sugarcane,3276.51,3563.0,3419.56,3500.0
PR006927,2026-05-14,MANDI052,Ferozepur,Cotton,5908.0,6573.65,6241.0,6620.0
PR003759,2026-03-10,MANDI041,Jalandhar,Maize,1895.0,2321.0,2108.27,2090.0
PR000470,2026-09-07,MANDI048,Sirsa,Maize,1889.0,2307.47,2098.05,2090.0
PR011658,2026-10-02,MANDI013,Ludhiana,Maize,2088.66,2299.35,2194.01,
PR010529,2026-03-27,MANDI040,Ferozepur,Maize,1793.91,1971.18,1882.54,2090.0
PR010784,2026-01-22,MANDI042,Fatehabad,Sarso,5751.02,7032.54,6391.78,5650.0
PR008259,2026-04-22,MANDI009,Jalandhar,चावल,2163.0,2480.55,2322.0,2183.0
PR004171,2026-01-18,MANDI045,Fatehabad,Sugarcane,3372.06,4089.83,3730.94,
PR011375,2026-06-09,MANDI021,Jalandhar,Wheat,1959.71,2307.2,2133.0,2275.0
PR010099,2026-04-23,MANDI033,Ambala,Maize,1947.0,2266.16,2106.57,2090.0
PR008219,2026-07-16,MANDI041,Moga,Cotton,6069.0,6617.0,6342.71,6620.0
PR010558,2026-01-09,MANDI006,Patiala,Maize,1965.44,2127.0,2046.0,2090.0
PR011680,2026-06-02,MANDI013,Fatehabad,Sugarcane,3673.5,3962.09,3817.79,
PR007025,2026-08-07,MANDI045,Moga,Mustard,5928.25,6458.5,6193.37,5650.0
PR006443,2026-04-09,MANDI054,Karnal,Maize,1837.35,2012.71,1925.03,2090.0
PR008588,2026-09-07,MANDI022,Amritsar,Cotton,6439.28,7963.17,7201.23,6620.0
PR011546,2026-04-03,MANDI016,Patiala,Wheat,2127.3,2485.46,2306.0,
PR010805,2026-05-28,MANDI045,Bathinda,Sugarcane,3304.13,,3610.68,3500.0
PR000698,2026-03-26,MANDI002,Bathinda,Sarso,5575.94,6673.0,6124.71,5650.0
PR005146,2026-08-11,MANDI028,Amritsar,Sugarcane,3347.0,3813.24,3580.17,3500.0
PR003471,2026-04-08,MANDI028,Fatehabad,Sugarcane,3632.35,4355.35,3993.85,3500.0
PR002082,2026-01-13,MANDI035,Ambala,Wheat,2028.35,2143.21,2085.78,2275.0
PR008847,2026-07-19,MANDI020,Ferozepur,Sugarcane,3636.51,4497.0,4066.92,3500.0
PR010418,2026-05-10,MANDI008,Ambala,Maize,2122.93,2367.44,2245.19,2090.0
PR006002,2026-06-02,MANDI003,Karnal,Makki,1990.85,2424.9,2207.87,2090.0
PR011103,2026-04-15,MANDI017,Ambala,Cotton,6929.0,7337.16,7133.0,6620.0
PR003277,2026-01-10,MANDI053,Bathinda,Cotton,6147.0,6739.42,6443.01,6620.0
PR001947,2026-08-12,MANDI019,Sirsa,Cotton,6323.0,7477.03,6900.13,6620.0
PR009122,2026-03-14,MANDI008,Kurukshetra,Sugarcane,3337.46,,3605.44,3500.0
PR004478,2026-02-26,MANDI051,Fatehabad,Cotton,6857.73,7912.0,7384.92,6620.0
PR004908,2026-04-30,MANDI027,Sirsa,Sugarcane,3193.22,3735.93,3464.57,3500.0
PR003977,2026-01-24,MANDI025,Moga,Maize,1881.88,1988.0,1934.83,2090.0
PR011810,2026-06-02,MANDI020,Jalandhar,Wheat,2163.0,2606.69,2384.93,2275.0
PR000859,2026-05-12,MANDI040,Sirsa,Cotton,6327.58,7320.58,6824.0,6620.0
PR007086,2026-02-23,MANDI019,Fatehabad,Wheat,2014.42,2499.86,2257.0,2275.0
PR003330,2026-04-23,MANDI041,Fatehabad,Rice,2161.33,2597.81,2379.57,2183.0
PR001629,2026-08-04,MANDI028,Ludhiana,Rice,2011.31,2280.17,2145.74,2183.0
PR001788,2026-05-14,MANDI003,Jalandhar,Rice,2199.0,2645.65,2422.26,2183.0
PR010358,2026-03-07,MANDI050,Hisar,Maize,1962.0,2237.3,2099.47,2090.0
PR004737,2026-04-05,MANDI055,Karnal,Maize,2069.0,2494.89,2281.94,2090.0
PR007384,2026-01-16,MANDI015,Hisar,Maize,2117.57,2519.67,2319.0,2090.0
PR009054,2026-07-25,MANDI034,Kurukshetra,Wheat,2154.4,2293.4,2223.9,2275.0
PR001520,2026-07-17,MANDI031,Ludhiana,Rice,1927.0,2319.0,2123.0,2183.0
PR008904,2026-05-21,MANDI043,Agra,Sarso,5805.0,7223.21,6514.0,5650.0
PR009388,2026-02-04,MANDI016,Ambala,Makki,1784.0,2100.98,1942.51,2090.0
PR004617,2026-03-24,MANDI012,Ambala,Maize,1785.93,2090.79,1938.36,2090.0
PR009021,2026-05-29,MANDI004,Patiala,Makki,2177.28,2424.21,2301.0,2090.0
PR003148,2026-05-01,,Patiala,Makki,2163.46,2283.02,2223.0,2090.0
PR011092,2026-09-09,MANDI028,Hisar,Maize,1779.7,1897.71,1839.0,
PR007907,2026-08-10,MANDI019,Kurukshetra,Cotton,6144.0,6768.45,6456.0,6620.0
PR011246,2026-01-25,MANDI020,Fatehabad,Sugarcane,3657.0,4239.47,3948.02,3500.0
PR011374,2026-05-21,MANDI037,Sirsa,Maize,1945.14,2425.52,2185.33,
PR010060,2026-03-23,MANDI051,Kurukshetra,Cotton,5762.08,6968.87,6365.0,6620.0
PR005352,2026-08-04,MANDI002,Amritsar,Rice,1883.29,1990.43,1936.86,2183.0
PR006989,2026-07-01,,Ludhiana,Rice,2254.3,2754.92,2505.0,2183.0
PR010637,2026-07-31,MANDI043,Ambala,चावल,2124.66,2475.34,2300.0,2183.0
PR004479,2026-03-14,MANDI044,Agra,Wheat,2198.41,2355.55,2276.98,2275.0
PR004801,2026-01-29,MANDI056,Patiala,Ganne,3011.58,3759.46,3385.52,
PR003535,2026-07-05,MANDI013,Bathinda,Ganne,3101.32,3757.87,3430.0,3500.0
PR006257,2026-05-10,MANDI039,Ambala,Maize,1910.13,,2081.67,2090.0
PR006435,2026-01-05,MANDI003,Moga,Cotton,6113.59,6913.0,6513.0,
PR008529,2026-02-13,MANDI037,Jalandhar,Sugarcane,3383.78,,3619.27,3500.0
PR011845,2026-05-03,MANDI041,Hisar,Wheat,,2568.84,2462.35,2275.0
PR009171,2026-08-11,,Karnal,Wheat,2095.0,2213.79,2154.25,2275.0
PR008877,2026-05-17,MANDI037,Ferozepur,Maize,2070.85,2354.01,2212.43,2090.0
PR004735,2026-06-29,MANDI005,Patiala,Cotton,5945.0,6862.0,6403.51,6620.0
PR008023,2026-06-09,MANDI006,Fatehabad,Narma,5687.73,6813.35,6251.0,
PR001698,2026-08-23,,Hisar,Mustard,5923.73,6587.0,6255.0,5650.0
PR010285,2026-05-20,MANDI026,Ludhiana,Mustard,,5552.0,5285.68,5650.0
PR010744,2026-03-28,MANDI023,Karnal,Cotton,6601.42,7248.67,6925.05,6620.0
PR007655,2026-04-04,,Ambala,Wheat,2266.0,2383.0,2324.36,2275.0
PR011766,2026-05-16,MANDI048,Ferozepur,Wheat,1999.0,2493.77,2246.54,
PR004945,2026-05-18,,Sirsa,Sugarcane,,3470.48,3344.0,3500.0
PR002017,2026-06-18,MANDI007,Amritsar,Chawal,1885.21,2213.37,2049.0,
PR011233,2026-03-30,MANDI056,Moga,Sugarcane,3626.0,3922.0,3773.93,3500.0
PR004466,2026-04-03,,Amritsar,Sarso,5037.87,6014.72,5526.3,5650.0
PR008913,2026-03-05,,Ambala,Rice,2285.59,2759.37,2522.0,2183.0
PR001297,2026-02-02,MANDI025,Patiala,Wheat,1956.67,2411.52,2184.0,2275.0
PR011453,2026-04-28,MANDI016,Hisar,Cotton,6569.07,7026.0,6797.63,6620.0
PR011991,2026-03-05,MANDI044,Karnal,Rice,2205.0,2659.95,2432.45,2183.0
PR002827,2026-04-22,MANDI030,Ambala,Rice,2226.92,2542.0,2384.55,2183.0
PR001360,2026-03-22,MANDI042,Patiala,Maize,1828.37,2077.59,1952.98,2090.0
PR004188,2026-12-06,MANDI012,Kurukshetra,Cotton,,6640.0,,6620.0
PR008193,2026-08-17,MANDI014,Ambala,Maize,1927.87,2088.75,2008.31,2090.0
PR009961,2026-02-23,MANDI022,Sirsa,Cotton,6563.05,7042.55,6802.8,
PR007508,2026-08-27,MANDI025,Hisar,Mustard,5880.4,7313.0,6596.92,5650.0
PR010008,2026-08-20,,Kurukshetra,Sugarcane,3324.75,3625.28,3475.0,3500.0
PR009786,2026-04-18,,Sirsa,Sarso,5381.0,6434.21,,5650.0
PR002133,2026-03-03,MANDI011,Fatehabad,Wheat,2155.55,2571.26,2363.41,2275.0
PR003744,2026-07-11,MANDI031,Ludhiana,Cotton,5933.0,6663.1,6298.06,6620.0
PR001442,2026-04-16,MANDI042,Hisar,Rice,2271.21,2602.0,2436.0,2183.0
PR001311,2026-08-19,MANDI055,Sirsa,चावल,1926.0,2084.01,2005.01,2183.0
PR000656,2026-02-05,MANDI022,Sirsa,Maize,1848.0,2047.79,1947.69,2090.0
PR011674,2026-07-06,MANDI027,Karnal,Maize,1856.0,1995.02,1925.38,2090.0
PR009246,2026-08-03,MANDI042,Fatehabad,Sugarcane,3641.02,4266.74,3953.88,3500.0
PR011904,2026-07-07,MANDI042,Amritsar,Cotton,5630.0,,6022.21,
PR009099,2026-02-24,MANDI034,Sirsa,Cotton,6821.0,,7285.71,6620.0
PR000526,2026-05-03,,Jalandhar,Rice,,2310.73,2254.49,
PR003661,2026-02-25,MANDI007,Amritsar,Mustard,5860.98,,6023.0,5650.0
PR010310,2026-06-13,MANDI047,Hisar,Wheat,2310.91,2690.57,2500.74,2275.0
PR008011,2026-08-14,MANDI005,Ludhiana,Makki,1878.19,1988.0,1933.08,2090.0
PR005284,2026-01-10,MANDI009,Bathinda,Narma,6686.44,7806.0,,6620.0
PR011122,2026-04-19,MANDI007,Jalandhar,Mustard,5313.0,5678.9,5496.15,
PR010977,2026-04-23,MANDI056,Ludhiana,Makki,2009.16,2245.21,2127.18,2090.0
PR004612,2026-06-27,MANDI039,Karnal,Maize,2015.74,2302.0,2159.0,2090.0
PR011578,2026-01-30,MANDI052,Kurukshetra,Rice,2271.86,2500.0,2386.0,
PR007137,2026-07-29,MANDI041,Ferozepur,Rice,2118.0,2382.0,,2183.0
PR011789,2026-08-30,MANDI019,Moga,Maize,1834.65,2129.92,1982.29,2090.0
PR008150,2026-08-20,MANDI036,Jalandhar,Maize,2165.8,2661.15,2413.0,2090.0
PR003078,2026-08-31,MANDI032,Kurukshetra,Wheat,2229.0,2426.32,2328.0,2275.0
PR011745,2026-04-10,,Sirsa,Maize,2006.24,2195.0,2100.0,2090.0
PR001058,2026-03-29,MANDI006,Ludhiana,Mustard,5594.21,,5957.95,
PR001047,2026-04-02,MANDI017,Fatehabad,Mustard,5381.39,5911.45,5646.42,5650.0
PR002620,2026-01-21,MANDI026,Amritsar,Narma,5805.77,6326.74,6066.0,6620.0
PR008477,2026-03-27,MANDI034,Kurukshetra,Sugarcane,3631.0,4462.57,4046.73,3500.0
PR008364,2026-01-01,MANDI015,Sirsa,Wheat,2295.14,2821.13,2558.0,2275.0
PR001581,2026-09-01,MANDI025,Fatehabad,Maize,1924.0,2081.0,2002.65,2090.0
PR000732,2026-06-24,MANDI016,Fatehabad,Wheat,2192.31,2383.48,2288.0,
PR004807,2026-07-11,MANDI039,Jalandhar,Mustard,5098.0,5577.0,5337.41,
PR001474,2026-02-27,MANDI057,Bareilly,Mustard,4805.36,5362.5,5083.93,5650.0
PR001601,2026-07-06,MANDI040,Fatehabad,Chawal,2169.0,2388.64,2279.0,2183.0
PR000169,2026-02-28,MANDI015,Amritsar,Sugarcane,3330.01,3729.04,3529.53,3500.0
PR006362,2026-03-23,MANDI056,Karnal,Mustard,5436.75,6707.61,6072.0,5650.0
PR004903,2026-07-06,MANDI012,Sirsa,Rice,2124.0,2325.53,2225.01,2183.0
PR002380,2026-04-27,MANDI006,Amritsar,Sarso,5786.0,6450.12,6118.01,5650.0
PR011917,2026-07-06,MANDI029,Kurukshetra,Rice,1995.0,2279.36,,
PR000412,2026-01-17,MANDI017,Fatehabad,Narma,5787.43,6404.48,6095.95,
PR001488,2026-02-01,MANDI007,Amritsar,Ganne,3108.8,3709.0,3408.92,3500.0
PR005250,2026-03-08,MANDI020,Sirsa,Maize,2179.71,2542.96,2361.0,
PR006759,2026-06-09,MANDI052,Sirsa,Rice,2230.16,2761.52,2495.84,
PR004634,2026-01-10,,Jalandhar,Mustard,5161.76,5499.52,5330.64,5650.0
PR005219,2026-01-02,MANDI002,Hisar,Sugarcane,3045.86,3621.19,3333.53,3500.0
PR010728,2026-07-21,MANDI018,Kurukshetra,Wheat,2309.52,2828.0,2568.59,2275.0
PR002519,2026-07-21,MANDI043,Kurukshetra,Cotton,6095.0,7399.0,6746.83,6620.0
PR004556,2026-07-13,MANDI027,Hisar,Rice,2031.6,2310.59,2171.0,
PR006166,2026-09-09,MANDI014,Fatehabad,Mustard,4947.59,5770.0,5358.87,5650.0
PR009086,2026-02-24,MANDI032,Karnal,Rice,2155.0,2535.0,2344.59,
PR005297,2026-06-20,MANDI021,Bathinda,Rice,1967.99,2094.91,2031.45,2183.0
PR011196,2026-05-11,MANDI017,Ambala,Makki,1912.62,2209.64,2061.0,2090.0
PR008268,2026-08-22,MANDI024,Moga,Maize,1839.0,2066.81,1952.89,
PR003100,2026-06-09,MANDI011,Patiala,Maize,1998.08,2224.0,,2090.0
PR009192,2026-05-09,MANDI034,Bathinda,Rice,2290.79,2494.04,2392.0,2183.0
PR000076,2026-03-12,MANDI035,Jalandhar,Mustard,5185.14,6350.27,5767.7,5650.0
PR010124,2026-07-03,MANDI036,Ambala,Maize,2109.84,2302.98,2206.0,2090.0
PR011288,2026-04-03,MANDI017,Amritsar,Makki,1819.0,2067.0,,2090.0
PR006119,2026-07-15,MANDI015,Jalandhar,Wheat,2058.38,2537.76,,2275.0
PR010875,2026-07-09,MANDI053,Moga,Wheat,2249.91,2544.35,2397.13,2275.0
PR011505,2026-07-30,MANDI046,Moga,Rice,1906.0,2082.0,1993.87,2183.0
PR002416,2026-08-15,MANDI002,Sirsa,Wheat,2199.85,2445.76,2322.81,2275.0
PR011979,2026-07-22,MANDI014,Amritsar,Sarso,5291.0,6134.43,5712.81,
PR006442,2026-03-03,MANDI027,Jalandhar,Maize,1873.0,2151.9,,2090.0
PR002491,2026-06-15,MANDI021,Bathinda,Maize,1857.47,2092.94,1975.0,2090.0
PR011497,2026-01-15,MANDI030,Sirsa,Sarso,4891.0,5367.0,5129.21,5650.0
PR001389,2026-01-15,MANDI043,Sirsa,Rice,,2350.59,2203.0,
PR002121,2026-07-08,MANDI029,Hisar,Ganne,3447.0,3863.0,3655.19,
PR009714,2026-03-25,MANDI001,Ambala,Ganne,3236.0,3735.0,3485.49,3500.0
PR004187,2026-01-15,MANDI018,Patiala,Wheat,2208.0,2628.69,2418.0,2275.0
PR001382,2026-03-19,MANDI055,Fatehabad,Sarso,5748.0,7087.26,6417.63,5650.0
PR000824,2026-08-29,MANDI025,Ludhiana,Chawal,,2283.0,2189.0,2183.0
PR009154,2026-02-21,MANDI038,Amritsar,Mustard,4841.54,5113.35,4977.0,5650.0
PR003896,2026-05-01,MANDI003,Ambala,Makki,1992.16,,2230.27,2090.0
PR001621,2026-06-02,MANDI038,Hisar,Sugarcane,3598.0,4069.49,3833.54,
PR009463,2026-02-07,MANDI045,Patiala,Maize,1894.0,2230.66,2062.36,2090.0
PR010396,2026-08-01,MANDI012,Hisar,Mustard,5684.0,6741.84,6213.0,5650.0
PR002678,2026-01-13,MANDI030,Amritsar,Wheat,2176.47,2347.02,2261.75,2275.0
PR007289,2026-08-21,MANDI033,Moga,Sugarcane,3675.0,4341.0,4007.82,3500.0
PR000250,2026-05-17,MANDI036,Kurukshetra,Cotton,6876.71,7243.0,7060.09,6620.0
PR010868,2026-06-10,MANDI023,Ludhiana,Sarso,5037.0,,5397.12,5650.0
PR011636,2026-03-30,MANDI019,Moga,Maize,1875.2,2157.7,2016.0,2090.0
PR008330,2026-03-09,,Moga,Maize,2159.79,2676.64,2418.22,2090.0
PR008356,2026-01-17,MANDI014,Karnal,Mustard,5685.51,6719.1,6202.31,5650.0
PR004685,2026-01-06,MANDI004,Moga,Sugarcane,3396.99,3798.0,3597.59,3500.0
PR011819,2026-04-23,MANDI045,Ludhiana,Wheat,2013.34,2453.0,2233.28,2275.0
PR000152,2026-01-18,MANDI044,Hisar,Cotton,5885.22,7280.63,6583.0,6620.0
PR010618,2026-08-19,MANDI022,Moga,Mustard,4992.0,5853.75,,5650.0
PR004541,2026-02-21,MANDI021,Hisar,Rice,2182.3,2323.81,2253.05,2183.0
PR000664,2026-06-10,MANDI006,Karnal,Sugarcane,3088.63,3770.33,3429.0,3500.0
PR003741,2026-03-24,MANDI031,Moga,Maize,2166.89,2507.68,2337.0,2090.0
PR002501,2026-05-11,MANDI032,Sirsa,Maize,2086.65,2608.0,2347.46,
PR001981,2026-01-23,MANDI019,Moga,Maize,2137.29,2315.15,2226.22,2090.0
PR002821,2026-06-09,MANDI057,Kurukshetra,Mustard,,5771.0,5293.0,5650.0
PR003312,2026-02-25,MANDI030,Patiala,Sugarcane,3494.84,4218.5,3856.67,
PR010423,2026-07-21,MANDI046,Moga,Sugarcane,3297.0,3956.0,3626.31,3500.0
PR006848,2026-01-18,MANDI009,Sirsa,Ganne,3230.97,3698.0,3464.31,3500.0
PR007190,2026-03-19,,Bathinda,Wheat,,2216.1,2106.57,2275.0
PR006777,2026-08-10,MANDI056,Hisar,Cotton,6026.45,7141.34,6583.9,6620.0
PR003023,2026-09-04,MANDI033,Kurukshetra,Sugarcane,3124.78,3391.19,3257.98,3500.0
PR006874,2026-03-23,MANDI032,Ludhiana,Mustard,5120.43,5694.85,5407.64,5650.0
PR001292,2026-01-03,,Patiala,Maize,1855.57,2261.14,2058.0,2090.0
PR004817,2026-07-02,MANDI012,Patiala,Sugarcane,3040.79,3341.65,3191.22,3500.0
PR004833,2026-07-21,MANDI034,Ambala,Wheat,1980.33,2380.0,2180.12,2275.0
PR005939,2026-01-19,MANDI004,Karnal,Ganne,3499.47,3756.93,3628.2,
PR006064,2026-09-04,MANDI052,Hisar,Cotton,5657.0,5945.0,5801.29,6620.0
PR001404,2026-03-21,MANDI030,Hisar,Maize,2034.22,2511.0,2272.44,2090.0
PR007082,2026-06-11,MANDI010,Karnal,Sugarcane,3672.7,4432.0,4052.0,3500.0
PR009056,2026-07-09,MANDI036,Kurukshetra,Cotton,6574.03,8076.46,7325.24,6620.0
PR002639,2026-08-21,,Ludhiana,Sugarcane,3079.0,3624.43,3351.47,3500.0
PR004313,2026-03-19,MANDI033,Bathinda,Maize,1806.85,2034.45,1921.0,2090.0
PR009319,2026-05-14,MANDI052,Amritsar,Maize,,2210.0,2068.39,2090.0
PR005716,2026-03-30,MANDI028,Hisar,Cotton,5967.36,6761.0,6364.08,6620.0
PR004229,2026-02-17,MANDI031,Moga,Sugarcane,3172.37,3628.45,3400.0,
PR007311,2026-05-15,MANDI013,Hisar,Maize,2015.0,2129.57,2072.33,2090.0
PR010866,2026-05-23,,Moga,Makki,2172.01,2510.7,2341.35,2090.0
PR008581,2026-02-04,,Jalandhar,Rice,2286.12,2502.69,2394.4,2183.0
PR010657,2026-04-09,MANDI051,Fatehabad,Wheat,2188.53,2451.53,2320.03,2275.0
PR003095,2026-06-09,MANDI002,Ludhiana,Wheat,2380.0,2532.3,2456.25,2275.0
PR000772,2026-01-14,MANDI037,Bathinda,Wheat,2224.0,2777.8,2500.71,2275.0
PR011239,2026-05-20,,Fatehabad,Wheat,2387.08,2825.09,2606.09,
PR011994,2026-07-10,MANDI033,Ambala,Rice,2128.98,,2221.74,2183.0
PR000508,2026-06-07,MANDI051,Sirsa,Mustard,5203.89,6243.25,5724.0,5650.0
PR002771,2026-04-12,MANDI038,Jalandhar,Cotton,6441.0,7657.92,7049.0,6620.0
PR006628,2026-06-08,MANDI049,Kurukshetra,Sugarcane,3372.33,3762.56,3567.44,3500.0
PR002544,2026-05-17,MANDI042,Amritsar,Cotton,6234.0,7158.0,6696.0,
PR002002,2026-01-11,MANDI042,Hisar,Makki,1881.0,2051.9,1967.0,2090.0
PR009272,2026-02-03,MANDI017,Hisar,Mustard,4977.2,5400.0,5188.68,5650.0
PR002393,2026-05-17,MANDI036,Patiala,Wheat,2026.0,2237.74,2132.11,2275.0
PR010550,2026-03-26,MANDI006,Patiala,Cotton,6621.79,7601.0,7111.64,6620.0
PR000486,2026-01-11,MANDI039,Moga,Sugarcane,3047.45,3318.0,3182.51,3500.0
PR003979,2026-06-04,MANDI043,Bathinda,Wheat,2313.0,2446.0,2379.0,
PR007916,2026-09-06,MANDI056,Kurukshetra,Sugarcane,3109.0,3584.12,3346.0,3500.0
PR009187,2026-02-08,MANDI056,Ludhiana,Mustard,4867.13,5237.45,5052.29,5650.0
PR005833,2026-01-01,MANDI023,Bathinda,Sarso,4807.96,5908.4,5358.18,5650.0
PR005180,2026-06-18,,Amritsar,Maize,2106.0,2299.0,2203.0,2090.0
PR010539,2026-07-06,MANDI053,Ambala,Wheat,2243.75,2378.0,2310.94,2275.0
PR005654,2026-02-16,MANDI011,Ferozepur,Wheat,2051.1,2258.25,2155.0,2275.0
PR008633,2026-07-06,MANDI010,Bathinda,Cotton,6616.83,7040.0,6828.52,6620.0
PR002612,2026-08-05,MANDI006,Ferozepur,Maize,2038.99,2535.0,2287.04,
PR000031,2026-08-15,MANDI057,Hisar,Sarso,5792.76,,6451.75,5650.0
PR009945,2026-07-12,MANDI005,Amritsar,Cotton,6066.0,7419.84,6742.72,6620.0
PR008523,2026-06-21,MANDI034,Ambala,Maize,1883.37,2059.03,,
PR007083,2026-07-26,MANDI021,Fatehabad,Mustard,5522.92,6721.24,6122.08,5650.0
PR000625,2026-01-21,MANDI042,Kurukshetra,Sugarcane,3621.43,3950.69,3786.06,3500.0
PR011932,2026-02-18,MANDI022,Jalandhar,Rice,1973.0,2187.0,2079.85,
PR009163,2026-04-12,,Jalandhar,Sugarcane,3562.0,4341.0,3952.0,3500.0
PR004639,2026-08-23,MANDI001,Patiala,Wheat,2183.85,2510.0,2347.05,
PR001283,2026-06-10,MANDI033,Fatehabad,Rice,1993.0,2153.57,2073.4,2183.0
PR001805,2026-05-10,MANDI040,Hisar,Mustard,5591.78,6968.2,,
PR010790,2026-03-06,MANDI053,Jalandhar,चावल,2137.0,2376.69,2257.0,
PR006302,2026-05-10,MANDI006,Hisar,Maize,1863.67,2077.92,1970.79,2090.0
PR001121,2026-01-29,MANDI053,Amritsar,Maize,1853.0,2013.0,1933.0,2090.0
PR004630,2026-02-17,MANDI032,,Rice,2160.63,2513.16,2337.0,
PR008700,2026-07-07,MANDI047,Kurukshetra,Mustard,4968.76,6101.78,5535.27,5650.0
PR007992,2026-05-19,MANDI034,Fatehabad,Sugarcane,3289.67,3651.17,3470.42,
PR007449,2026-02-04,MANDI009,Ambala,Cotton,6430.22,6802.96,6616.59,
PR000797,2026-05-28,MANDI019,Jalandhar,Maize,1990.6,2226.31,2108.45,2090.0
PR002551,2026-08-13,,Jalandhar,Mustard,5123.87,5820.0,5471.83,5650.0
PR004405,2026-07-23,MANDI024,Amritsar,Mustard,5919.06,,6619.0,5650.0
PR008748,2026-04-19,MANDI022,Ludhiana,Wheat,2193.1,2479.19,2336.0,
PR002619,2026-04-27,MANDI032,Moga,Wheat,2212.71,,2407.0,2275.0
PR008945,2026-09-03,MANDI013,Moga,Maize,1878.71,2136.2,2007.45,
PR000589,2026-03-30,MANDI015,Moga,Cotton,5627.0,,6109.02,6620.0
PR009806,2026-05-19,MANDI019,Amritsar,चावल,2090.68,2540.15,2315.41,2183.0
PR011931,2026-02-02,MANDI009,Patiala,Ganne,,3954.0,3688.06,
PR008439,2026-04-28,MANDI008,Amritsar,Narma,5824.14,6518.95,6172.0,6620.0
PR002188,2026-04-09,MANDI054,Saharanpur,Sarso,5634.09,6527.24,6081.0,
PR004997,2026-04-08,MANDI019,Jalandhar,Maize,1778.43,2189.47,1984.0,2090.0
PR002581,2026-03-04,MANDI017,Hisar,Wheat,2277.18,2683.74,2480.46,2275.0
PR003895,2026-05-21,MANDI023,Moga,Cotton,5758.03,6472.77,6115.0,6620.0
PR001896,2026-07-18,,Hisar,Maize,1782.16,2122.0,1952.32,2090.0
PR000924,2026-06-26,MANDI018,Hisar,Rice,2223.41,2534.0,2378.75,2183.0
PR008688,2026-03-03,MANDI045,Sirsa,Cotton,6678.11,7865.41,,6620.0
PR009991,2026-01-22,MANDI035,Bathinda,Mustard,5390.0,6163.93,5777.0,5650.0
PR004606,2026-04-24,MANDI049,Sirsa,Rice,,2414.0,2259.49,
PR010684,2026-04-17,MANDI046,Karnal,Mustard,5620.0,6281.0,5950.41,5650.0
PR007469,2026-05-20,MANDI054,Kurukshetra,Wheat,2274.15,2417.27,2345.71,2275.0
PR010883,2026-07-10,MANDI032,Ambala,Maize,2185.8,2303.0,2244.46,
PR009137,2026-07-25,MANDI011,Kurukshetra,Wheat,1968.22,2303.65,2135.94,2275.0
PR007923,2026-03-03,MANDI018,Kurukshetra,Ganne,3303.4,4007.96,3656.0,3500.0
PR005409,2026-01-30,MANDI037,Ludhiana,Cotton,6886.47,,7131.16,6620.0
PR011009,2026-06-02,MANDI004,Ludhiana,Makki,2076.24,2222.6,2149.42,2090.0
PR011377,2026-03-26,MANDI044,Hisar,Cotton,6216.9,,,
PR006877,2026-03-31,MANDI032,Karnal,Maize,1870.64,1967.0,1919.0,2090.0
PR006758,2026-01-18,MANDI018,Moga,Sugarcane,3446.93,,3714.0,
PR006703,2026-04-08,MANDI013,Sirsa,Maize,2101.62,2264.0,2182.63,2090.0
PR003299,2026-03-09,MANDI042,Bathinda,Narma,6300.0,7563.63,6931.8,
PR006261,2026-01-21,MANDI043,Ambala,Sugarcane,3570.0,4328.0,3949.1,3500.0
PR002652,2026-06-15,MANDI026,Ferozepur,Wheat,1976.28,2441.75,,
PR004717,2026-07-03,MANDI040,Jalandhar,Wheat,2262.14,2802.0,2532.12,
PR003775,2026-03-13,MANDI007,Karnal,Cotton,6800.51,8026.98,7414.0,6620.0
PR005919,2026-08-17,MANDI009,Hisar,Mustard,5601.0,6127.91,5864.0,
PR006855,2026-09-05,MANDI026,Bathinda,Wheat,2042.02,2320.53,2181.0,2275.0
PR007365,2026-02-09,MANDI017,Sirsa,Maize,2164.13,2274.0,2218.84,2090.0
PR001212,2026-01-03,MANDI025,Hisar,Chawal,2066.6,2195.75,2131.18,2183.0
PR004591,2026-01-18,MANDI049,Ambala,Makki,2056.45,2182.11,2119.28,2090.0
PR010513,2026-05-20,MANDI031,Ludhiana,Maize,,2139.69,1965.0,2090.0
PR008481,2026-03-15,MANDI051,Ambala,Sugarcane,3327.0,3855.26,3591.0,
PR004558,2026-07-01,MANDI057,Patiala,Makki,1885.32,2003.0,1943.99,2090.0
PR006113,2026-06-23,MANDI042,Kurukshetra,Cotton,6070.0,6877.0,6473.47,
PR007053,2026-03-10,MANDI055,Amritsar,Rice,1991.0,2399.0,2194.92,2183.0
PR005047,2026-04-14,MANDI038,Moga,Sarso,5700.83,6896.92,6298.87,
PR002015,2026-07-16,MANDI029,Fatehabad,Sarso,5363.9,6407.54,5885.72,5650.0
PR003300,2026-03-24,MANDI029,Hisar,Maize,1966.99,2271.0,2119.09,2090.0
PR003717,2026-05-24,MANDI017,Jalandhar,Cotton,6074.12,7057.52,6565.82,6620.0
PR002732,2026-01-08,,Sirsa,Cotton,,6442.0,6263.68,6620.0
PR008083,2026-07-30,MANDI005,Karnal,Maize,2170.87,2337.91,2254.0,2090.0
PR008211,2026-08-23,MANDI010,Kurukshetra,Rice,2258.4,2458.0,2357.96,2183.0
PR001044,2026-03-22,MANDI031,Sirsa,Maize,1856.78,2168.56,2012.67,
PR006391,2026-07-22,MANDI034,Ludhiana,Wheat,2337.0,2873.97,2605.0,2275.0
PR000940,2026-01-28,MANDI032,Moga,Wheat,2278.0,2771.14,2524.45,
PR003417,2026-04-07,MANDI046,Ludhiana,Sugarcane,3181.0,3873.73,3527.0,3500.0
PR011747,2026-01-28,,Kurukshetra,Sugarcane,3104.43,3359.0,3231.83,3500.0
PR009704,2026-05-14,MANDI035,Bathinda,Sugarcane,3244.24,3811.53,3528.0,3500.0
PR005210,2026-01-20,MANDI028,Hisar,Wheat,2058.67,2304.91,2182.0,2275.0
PR003338,2026-02-12,MANDI003,Kurukshetra,Cotton,5762.72,6239.9,6001.31,6620.0
PR001284,2026-02-17,MANDI037,Kurukshetra,Mustard,5805.0,6603.0,6204.11,5650.0
PR001190,2026-07-03,MANDI006,Patiala,Wheat,2170.0,2512.53,2341.0,
PR000258,2026-05-08,MANDI033,Sirsa,Maize,1951.36,2212.34,,2090.0
PR008461,2026-08-06,,Karnal,Narma,6226.21,7247.85,6737.03,
PR002250,2026-03-02,MANDI054,Ferozepur,Wheat,2101.89,2376.75,2239.32,
PR003963,2026-07-08,MANDI002,Jalandhar,Cotton,,6956.42,6370.92,6620.0
PR005083,2026-06-21,MANDI022,Fatehabad,Mustard,5180.38,6248.0,5714.04,5650.0
PR005877,2026-07-14,MANDI051,Jalandhar,Wheat,2027.5,2249.34,,2275.0
PR008686,2026-01-01,MANDI057,Sirsa,Maize,2134.91,2353.06,2243.98,2090.0
PR008778,2026-02-08,MANDI032,Kurukshetra,Narma,6459.84,,7254.59,
PR011710,2026-07-27,MANDI056,Ferozepur,चावल,2148.32,2641.15,2395.0,2183.0
PR003465,2026-03-27,MANDI033,Patiala,Mustard,5788.0,6362.93,6075.29,
PR003615,2026-02-27,MANDI049,Hisar,Cotton,6227.55,6860.0,6544.0,6620.0
PR008683,2026-04-29,MANDI036,Sirsa,Mustard,5376.0,5758.69,5567.23,
PR009214,2026-07-05,MANDI005,Kurukshetra,Rice,2084.98,2304.38,2195.0,2183.0
PR000767,2026-07-10,MANDI026,Patiala,Chawal,2019.0,2482.61,,2183.0
PR010659,2026-05-10,MANDI022,Hisar,Wheat,2003.97,2152.72,2078.0,2275.0
PR006700,2026-04-24,MANDI013,Patiala,Wheat,2031.28,2222.14,,2275.0
PR011190,2026-05-04,MANDI037,Ambala,Wheat,1947.0,2067.75,,2275.0
PR011449,2026-05-19,MANDI032,,Wheat,2028.95,2246.06,2137.51,2275.0
PR000693,2026-07-22,,Ferozepur,Cotton,6517.48,7242.99,6880.24,
PR001008,2026-03-10,MANDI024,Karnal,Narma,6096.79,7231.91,,6620.0
PR002026,2026-04-04,MANDI047,Karnal,Sarso,5163.81,5942.0,5552.72,5650.0
PR001861,2026-06-05,MANDI028,Ludhiana,Mustard,4852.73,5320.08,5086.0,
PR002936,2026-03-19,MANDI002,Jalandhar,Sarso,5485.0,5793.0,5639.19,5650.0
PR006269,2026-08-31,MANDI028,Ferozepur,Narma,5768.0,6338.37,,6620.0
PR007738,2026-01-05,MANDI016,Bathinda,Rice,2218.7,2475.69,2347.0,2183.0
PR005642,2026-06-21,,Ludhiana,Rice,1982.27,2372.0,2177.0,2183.0
PR010874,2026-02-15,,Karnal,Rice,1926.67,2190.8,2059.0,
PR002242,2026-02-03,MANDI043,Agra,Mustard,4934.07,5403.0,5168.54,5650.0
PR008623,2026-03-15,MANDI041,Fatehabad,Narma,6506.0,7247.8,6877.0,6620.0
PR002209,2026-03-27,,Hisar,Mustard,5611.0,6728.76,6170.0,5650.0
PR009165,2026-03-03,MANDI006,Amritsar,Mustard,5852.0,,6012.0,5650.0
PR010560,2026-09-03,MANDI032,Karnal,Cotton,6936.95,7342.0,7139.55,6620.0
PR002143,2026-02-14,MANDI029,Sirsa,Wheat,2052.07,2206.93,2129.5,2275.0
PR007280,2026-02-26,,Hisar,Mustard,5558.0,6267.82,5913.0,5650.0
PR002412,2026-08-17,MANDI040,Hisar,Sugarcane,3282.47,3626.0,3454.08,3500.0
PR008994,2026-03-07,MANDI043,Bathinda,Rice,2101.0,2377.06,2239.0,2183.0
PR007885,2026-08-25,MANDI048,Hisar,Wheat,2050.0,,2122.08,2275.0
PR006266,2026-02-04,MANDI018,Jalandhar,Wheat,,2277.48,2156.8,2275.0
PR008635,2026-04-16,MANDI057,Amritsar,Mustard,5838.0,6697.43,6267.91,5650.0
PR000685,2026-04-04,MANDI017,Patiala,Cotton,6411.69,7069.58,6740.64,6620.0
PR007600,2026-03-23,,Sirsa,Rice,2188.0,2585.36,2386.45,2183.0
PR011706,2026-02-04,MANDI029,Bathinda,Maize,1905.86,2183.0,2044.45,
PR005145,2026-07-18,MANDI037,Ludhiana,Sugarcane,3667.2,3874.0,3770.6,3500.0
PR003673,2026-07-06,MANDI052,Patiala,Cotton,6327.79,6750.0,6538.95,6620.0
PR010652,2026-08-17,MANDI041,Fatehabad,Sugarcane,3456.3,,3882.12,3500.0
PR002648,2026-07-28,MANDI040,Amritsar,Cotton,6884.75,8356.12,7620.0,
PR006799,2026-01-14,MANDI027,Patiala,Wheat,2323.73,2806.62,2565.18,2275.0
PR002468,2026-01-25,MANDI032,Fatehabad,Sugarcane,3462.0,3779.0,3621.0,3500.0
PR010709,2026-04-09,,Amritsar,Sugarcane,2996.0,3234.56,3115.43,3500.0
PR004152,2026-05-01,MANDI048,Ambala,Wheat,2376.99,2685.29,2531.14,2275.0
PR002592,2026-07-02,MANDI032,Karnal,Wheat,2038.67,2546.0,2292.47,
PR011279,2026-03-23,MANDI004,Kurukshetra,Rice,2047.21,2194.55,2120.88,2183.0
PR010927,2026-06-18,MANDI043,Hisar,Cotton,6680.0,7461.93,7071.16,
PR011134,2026-08-06,MANDI010,Jalandhar,Cotton,6287.0,7293.04,6790.0,6620.0
PR003464,2026-04-28,MANDI008,Amritsar,Maize,2140.0,2280.97,2210.53,2090.0
PR010211,2026-04-01,,Hisar,Rice,2281.5,2651.75,2466.62,2183.0
PR010614,2026-06-24,MANDI006,Amritsar,Maize,1960.24,2357.6,2159.0,2090.0
PR003501,2026-02-24,MANDI050,Hisar,Mustard,,7127.0,,5650.0
PR001440,2026-03-02,MANDI020,Sirsa,Sarso,5672.37,6657.41,6164.89,5650.0
PR010844,2026-02-21,MANDI024,Bathinda,Wheat,2304.68,2746.25,2525.47,2275.0
PR005354,2026-06-09,MANDI030,Kurukshetra,Cotton,5666.82,6797.86,6232.34,6620.0
PR001847,2026-08-26,MANDI027,Ambala,Mustard,5729.54,6674.33,6201.93,5650.0
PR005218,2026-02-28,MANDI010,Moga,Sugarcane,3469.14,4051.0,3760.11,
PR007262,2026-07-25,MANDI039,Moga,Wheat,2259.68,2518.2,,2275.0
PR000257,2026-04-02,MANDI039,Kurukshetra,Mustard,4954.0,5690.0,5322.0,5650.0
PR003965,2026-12-07,MANDI025,Karnal,Maize,1986.1,2284.16,2135.0,2090.0
PR001653,2026-03-11,MANDI012,Patiala,Mustard,,6194.94,5769.0,5650.0
PR008978,2026-06-17,MANDI024,Jalandhar,Sugarcane,3335.95,4025.0,3680.64,3500.0
PR006990,2026-05-31,MANDI048,Fatehabad,Rice,1989.88,2368.56,2179.22,
PR011271,2026-02-02,MANDI017,Jalandhar,Maize,,2030.42,1951.57,
PR008072,2026-05-23,MANDI034,Ambala,Rice,2107.49,2587.0,2347.0,
PR007287,2026-06-30,MANDI047,Ambala,Wheat,2174.2,2600.0,2387.14,2275.0
PR009432,2026-03-31,MANDI035,Sirsa,Mustard,4878.37,5683.21,5280.79,5650.0
PR001416,2026-04-06,,Fatehabad,Cotton,6388.38,6791.59,6590.0,6620.0
PR007510,2026-01-14,,Ambala,Wheat,2359.26,2511.86,2435.56,2275.0
PR000640,2026-04-16,MANDI051,Kurukshetra,Cotton,6074.64,7426.17,6750.41,6620.0
PR007534,2026-02-17,MANDI053,Saharanpur,Sugarcane,3123.0,3281.18,3202.1,3500.0
PR008261,2026-03-25,,,Makki,2006.49,2301.55,2154.02,2090.0
PR008691,2026-07-09,MANDI038,Ludhiana,Wheat,2211.75,2496.96,2354.36,2275.0
PR011539,2026-07-28,MANDI020,Fatehabad,Wheat,2221.89,2359.06,2290.48,2275.0
PR001715,2026-04-15,MANDI040,Fatehabad,Cotton,6475.91,7445.8,6960.86,6620.0
PR002482,2026-08-31,MANDI035,Karnal,Mustard,4965.0,5907.0,5436.0,
PR005211,2026-04-16,MANDI051,Kurukshetra,Wheat,2142.24,,2366.12,2275.0
PR003819,2026-05-08,MANDI021,Amritsar,Rice,2159.0,2278.75,2219.0,2183.0
PR008631,2026-02-04,MANDI022,Sirsa,Wheat,2260.39,2609.6,2435.0,2275.0
PR007094,2026-09-07,MANDI025,Moga,Maize,1925.37,2077.39,2001.38,2090.0
PR009096,2026-08-16,MANDI028,Ambala,Rice,2048.0,,2268.0,2183.0
PR003612,2026-07-03,,,Sarso,4955.6,5740.95,5348.28,5650.0
PR009149,2026-07-07,MANDI017,Kurukshetra,Sugarcane,3176.47,3387.0,3282.0,
PR011670,2026-08-22,MANDI049,Ferozepur,Mustard,5140.65,5672.0,5406.53,5650.0
PR004830,2026-02-07,,Ferozepur,Wheat,2376.65,2515.51,2446.08,2275.0
PR000988,2026-05-02,MANDI018,Jalandhar,Wheat,,,2534.62,2275.0
PR009878,2026-05-17,MANDI014,Jalandhar,Sugarcane,3329.98,3859.43,3594.71,3500.0
PR000632,2026-01-26,MANDI021,Ferozepur,Rice,2201.15,2575.79,2388.0,2183.0
PR002868,2026-05-28,MANDI003,Moga,Wheat,2200.25,2668.97,2434.61,2275.0
PR011090,2026-07-09,MANDI054,Bathinda,Wheat,1972.0,2123.86,2047.7,2275.0
PR009413,2026-06-10,MANDI047,Hisar,Wheat,2388.0,2772.26,2580.0,2275.0
PR001059,2026-04-18,MANDI004,Ferozepur,Rice,2178.0,2509.0,2343.22,2183.0
PR009044,2026-01-16,MANDI039,Ambala,Cotton,6606.7,7838.0,7222.32,6620.0
PR010005,2026-08-29,MANDI030,Ambala,Narma,6487.86,7201.0,6844.67,6620.0
PR003183,2026-03-14,MANDI045,Amritsar,Maize,2145.87,2642.65,2394.26,2090.0
PR000652,2026-09-04,MANDI002,Moga,Narma,6519.43,7904.29,7211.86,6620.0
PR011941,2026-01-17,MANDI014,Patiala,Sugarcane,3592.61,3996.57,3795.0,3500.0
PR008999,2026-08-24,MANDI029,Sirsa,Mustard,5522.11,6553.78,6038.0,5650.0
PR005775,2026-07-21,MANDI053,Patiala,Maize,2085.24,2220.12,2152.68,2090.0
PR009273,2026-06-17,MANDI015,Bathinda,Rice,2141.75,2589.02,2365.39,2183.0
PR008372,2026-05-20,MANDI019,Hisar,Mustard,,5934.66,5789.0,
PR008154,2026-02-19,,Ambala,Sugarcane,3613.0,3922.0,3767.24,3500.0
PR004544,2026-06-08,MANDI048,Moga,Rice,1857.0,2277.96,2067.56,2183.0
PR009358,2026-07-03,MANDI037,Moga,Wheat,2271.79,2571.65,2421.72,2275.0
PR009441,2026-07-21,MANDI003,Bathinda,Rice,1947.46,2392.71,2170.09,2183.0
PR007620,2026-01-19,MANDI040,Amritsar,Maize,2020.34,2400.16,2210.25,2090.0
PR008029,2026-08-08,MANDI004,Amritsar,Wheat,2304.0,2602.41,2452.99,
PR000080,2026-03-05,MANDI052,Amritsar,Wheat,2119.46,2636.0,,2275.0
PR003602,2026-05-04,MANDI002,Sirsa,Rice,2099.08,2275.31,2187.19,2183.0
PR005565,2026-05-23,MANDI041,Fatehabad,Wheat,,2272.41,2184.0,2275.0
PR004901,2026-06-14,MANDI009,Sirsa,Cotton,5850.95,7086.03,6468.49,6620.0
PR009400,2026-05-04,MANDI038,Ludhiana,Maize,2125.17,2514.28,2320.0,2090.0
PR002205,2026-02-26,MANDI044,Agra,Wheat,,2434.79,2249.5,
PR011545,2026-04-30,MANDI011,Moga,Sarso,5038.38,5309.71,5174.0,
PR011657,2026-05-24,MANDI002,Hisar,Makki,2087.0,2337.58,2212.4,2090.0
PR007840,2026-09-01,MANDI016,Ludhiana,Rice,2109.53,2395.0,2252.12,2183.0
PR009150,2026-03-11,MANDI055,Bareilly,Sugarcane,2994.53,3161.0,3077.98,
PR009988,2026-04-20,MANDI041,Ferozepur,Mustard,5426.82,5830.96,5629.0,5650.0
PR009489,2026-02-03,MANDI006,Moga,Wheat,2259.04,2752.0,2505.66,
PR006823,2026-02-03,,Fatehabad,Wheat,2111.58,2256.0,2183.56,2275.0
PR006496,2026-05-25,MANDI020,Ludhiana,Cotton,6920.17,8517.87,7719.0,
PR001531,2026-02-01,MANDI008,Patiala,Mustard,,6316.0,5861.7,
PR005557,2026-05-07,MANDI028,Hisar,Sugarcane,3095.0,3715.54,3405.09,3500.0
PR001208,2026-02-07,MANDI003,Ludhiana,Ganne,3434.4,3715.0,3574.8,3500.0
PR001168,2026-02-11,,Moga,Wheat,2145.99,2510.03,2328.0,2275.0
PR008132,2026-04-22,MANDI035,Ambala,Wheat,,2568.4,2443.0,2275.0
PR011797,2026-08-28,MANDI050,Karnal,Cotton,6528.0,7912.0,7220.0,6620.0
PR006569,2026-03-16,MANDI027,Patiala,Maize,1993.15,2212.13,2102.64,2090.0
PR011156,2026-05-21,MANDI020,Sirsa,Rice,2081.0,2452.19,2267.0,2183.0
PR000992,2026-02-05,MANDI046,Amritsar,Cotton,6798.42,7171.41,6984.91,6620.0
PR004054,2026-07-28,MANDI021,Kurukshetra,Makki,2065.0,2552.86,2309.0,2090.0
PR006659,2026-04-23,MANDI013,Kurukshetra,Wheat,2298.41,2829.44,2563.92,
PR008368,2026-02-02,MANDI032,Jalandhar,Maize,2069.8,2373.58,2222.0,2090.0
PR009763,2026-01-08,,Fatehabad,Rice,2180.67,2611.05,2395.86,2183.0
PR000866,2026-08-27,MANDI049,Moga,Makki,1961.0,2191.95,2076.59,2090.0
PR006956,2026-05-06,MANDI002,Ferozepur,Mustard,5413.73,6090.34,5752.04,5650.0
PR011972,2026-07-08,,Bathinda,Rice,1993.78,2325.11,2159.0,2183.0
PR006401,2026-05-31,MANDI042,Ambala,Mustard,5667.02,6350.49,6008.75,5650.0
PR005491,2026-02-03,,Kurukshetra,Maize,2078.46,2509.0,2294.0,2090.0
PR007651,2026-08-02,MANDI046,Ferozepur,Ganne,3036.0,3487.0,3261.0,
PR002690,2026-01-04,MANDI008,Patiala,Sarso,5394.0,5908.49,5651.0,5650.0
PR005998,2026-01-20,MANDI028,Hisar,Mustard,4846.36,5494.97,5170.66,5650.0
PR007245,2026-07-30,MANDI010,Kurukshetra,Sugarcane,3023.79,3223.83,3123.81,3500.0
PR005465,2026-03-01,MANDI025,Ferozepur,Wheat,,2646.62,2425.37,2275.0
PR000176,2026-03-22,MANDI055,Fatehabad,Sugarcane,3059.69,3576.44,3318.07,3500.0
PR003923,2026-07-30,,Amritsar,Chawal,2088.0,2361.89,2224.99,2183.0
PR005360,2026-07-06,MANDI022,Bathinda,Rice,1948.44,2093.0,2020.59,2183.0
PR002828,2026-09-08,MANDI026,Hisar,Sugarcane,3581.0,4001.0,3791.0,
PR004918,2026-06-01,MANDI043,Agra,Maize,2121.64,2378.0,2249.7,2090.0
PR011405,2026-03-30,MANDI017,Sirsa,Sugarcane,2985.64,3355.59,3170.61,3500.0
PR003377,2026-01-29,MANDI056,Kurukshetra,Wheat,2057.55,2377.0,2217.04,2275.0
PR001481,2026-01-21,MANDI030,Fatehabad,Wheat,2377.49,2800.47,2589.0,2275.0
PR006524,2026-08-17,MANDI004,Kurukshetra,Sugarcane,,3753.0,3426.86,3500.0
PR009417,2026-05-02,,Kurukshetra,Sarso,5913.26,6802.11,6357.69,5650.0
PR007930,2026-05-23,MANDI045,Patiala,Wheat,2354.0,2935.0,2644.0,2275.0
PR007650,2026-09-05,,Amritsar,Cotton,5964.72,6543.0,6253.86,6620.0
PR004352,2026-06-29,MANDI048,Ferozepur,Maize,2067.3,2516.6,2291.95,2090.0
PR003332,2026-05-30,,Sirsa,Rice,2148.0,2333.04,2240.63,2183.0
PR009347,2026-06-08,MANDI002,Jalandhar,Maize,2099.0,2563.03,2331.17,2090.0
PR009548,2026-01-05,MANDI045,Amritsar,Maize,1805.56,2179.0,1992.41,2090.0
PR010528,2026-04-30,MANDI030,Ludhiana,Sugarcane,3578.0,4121.0,3849.46,
PR009716,2026-02-10,MANDI054,Ferozepur,Rice,2139.0,2615.94,2377.38,
PR004493,2026-01-13,MANDI041,Fatehabad,Maize,1826.21,2254.25,2040.23,
PR009268,2026-06-18,MANDI041,Hisar,Sarso,5268.34,,5739.08,
PR003883,2026-06-19,MANDI026,Moga,Maize,2167.35,2282.67,2225.01,
PR009343,2026-07-23,MANDI039,Jalandhar,Narma,6517.13,7357.0,6937.0,6620.0
PR010508,2026-06-29,MANDI040,Amritsar,Maize,1897.07,,2068.86,
PR011522,2026-04-26,MANDI027,Patiala,Sugarcane,3263.0,3503.7,3384.0,3500.0
PR000714,2026-06-14,MANDI009,Kurukshetra,Wheat,1935.19,2316.34,2126.0,2275.0
PR003118,2026-04-24,,,Sugarcane,3497.4,3899.0,3698.0,3500.0
PR002521,2026-02-24,MANDI046,Ferozepur,Wheat,2024.13,2307.51,2165.82,2275.0
PR003150,2026-03-05,MANDI053,Ferozepur,Sugarcane,3553.0,4022.0,3787.82,
PR000958,2026-01-23,MANDI038,Kurukshetra,Rice,2033.5,2317.0,2175.41,
PR008153,2026-07-24,,Ludhiana,Cotton,6524.0,6921.04,6722.73,
PR009483,2026-06-12,,Moga,Sugarcane,3240.92,,3519.09,3500.0
PR008106,2026-02-13,MANDI050,Bathinda,Wheat,2368.22,2523.0,2445.64,
PR001040,2026-08-13,MANDI035,Patiala,Wheat,1971.0,2344.51,2157.82,2275.0
PR010259,2026-01-20,MANDI043,Moga,Sugarcane,3297.0,3598.24,3447.43,3500.0
PR005801,2026-05-23,MANDI049,Karnal,Cotton,6749.4,7864.53,7306.96,6620.0
PR008379,2026-05-18,MANDI020,Ludhiana,Wheat,2312.0,2583.0,2447.24,2275.0
PR011603,2026-08-02,MANDI011,Moga,Wheat,2127.0,2604.29,2365.67,
PR011034,2026-07-08,MANDI025,Ferozepur,Sugarcane,3334.62,,3526.0,3500.0
PR003510,2026-03-14,MANDI020,Amritsar,Mustard,5165.03,6418.0,5791.0,5650.0
PR006692,2026-01-05,MANDI048,Moga,Mustard,4933.67,5671.57,5303.0,5650.0
PR009364,2026-07-03,MANDI053,Amritsar,Rice,2163.88,2697.99,2430.94,2183.0
PR008992,2026-03-19,,Bathinda,Cotton,5777.0,7139.2,6458.15,6620.0
PR007813,2026-08-12,,Ambala,Rice,1933.04,2247.03,2090.04,2183.0
PR006186,2026-01-27,MANDI007,Bathinda,Wheat,2173.52,2535.93,2355.0,2275.0
PR003590,2026-08-28,MANDI024,Karnal,Wheat,2337.0,2615.93,2476.59,2275.0
PR008559,2026-08-17,MANDI054,Ludhiana,चावल,1988.6,2480.79,2235.0,2183.0
PR002304,2026-05-25,MANDI005,Kurukshetra,Rice,1988.98,2338.2,2163.59,2183.0
PR008322,2026-01-19,MANDI043,Patiala,Wheat,2153.85,2615.0,2384.0,2275.0
PR006817,2026-08-17,MANDI027,Amritsar,Sarso,5388.32,5767.86,5578.09,5650.0
PR005562,2026-07-03,,,Mustard,4991.0,5477.27,5233.94,5650.0
PR000805,2026-08-20,MANDI007,Ferozepur,Rice,1910.6,2078.34,1994.0,2183.0
PR006145,2026-03-01,MANDI033,Sirsa,Cotton,6807.56,7816.07,7311.81,6620.0
PR011742,2026-03-29,MANDI001,Moga,Maize,2093.0,2204.51,2149.0,2090.0
PR007471,2026-08-03,MANDI014,Kurukshetra,Maize,2051.0,2370.95,2211.0,2090.0
PR008652,2026-05-23,MANDI015,Hisar,Narma,5809.0,6504.0,6156.46,6620.0
PR003134,2026-02-26,MANDI023,Hisar,Maize,1805.0,2116.54,1960.56,
PR010499,2026-02-11,,Ferozepur,Sugarcane,3192.69,3923.6,3558.14,3500.0
PR002299,2026-01-11,MANDI002,Fatehabad,Maize,,,2204.36,2090.0
PR006413,2026-07-23,MANDI022,Kurukshetra,Maize,1991.11,2428.09,2209.6,2090.0
PR002630,2026-08-29,MANDI046,Jalandhar,Cotton,6535.89,7400.75,6968.32,6620.0
PR005148,2026-01-31,MANDI032,Ludhiana,Maize,1923.03,2304.0,2113.0,2090.0
PR009542,2026-09-05,MANDI009,Jalandhar,Cotton,6365.85,7187.97,6777.0,6620.0
PR011135,2026-06-25,MANDI050,Bathinda,Chawal,2080.0,2209.0,2144.89,2183.0
PR003511,2026-09-01,MANDI025,Karnal,Rice,1897.9,2035.0,1966.0,2183.0
PR007523,2026-03-31,MANDI018,Ambala,Mustard,5155.0,6230.63,5693.0,5650.0
PR009956,2026-02-18,MANDI042,Fatehabad,Maize,1994.89,2172.56,2083.73,2090.0
PR011806,2026-07-13,MANDI026,Patiala,Narma,6570.73,7789.47,7180.1,6620.0
PR011918,2026-07-17,MANDI018,Patiala,Rice,,2380.0,2302.0,2183.0
PR010839,2026-02-17,MANDI026,Hisar,Narma,6121.0,6999.0,6560.12,6620.0
PR002399,2026-04-20,MANDI017,Bathinda,Mustard,,,5364.0,
PR011870,2026-01-21,MANDI048,Fatehabad,Ganne,3048.56,3513.82,3281.19,
PR005973,2026-04-29,MANDI043,Kurukshetra,Rice,2037.4,2268.36,2152.88,2183.0
PR001578,2026-01-05,MANDI006,Fatehabad,Rice,1963.0,2208.06,2085.49,2183.0
PR002982,2026-03-26,MANDI046,Ludhiana,Wheat,2033.0,2529.55,2281.0,2275.0
PR007168,2026-07-08,MANDI006,Sirsa,Sugarcane,3023.0,3278.49,3150.73,3500.0
PR008702,2026-03-28,MANDI045,Jalandhar,Rice,2027.95,2268.0,2148.04,2183.0
PR007410,2026-06-26,MANDI020,Sirsa,Rice,2143.42,2282.58,2213.0,2183.0
PR003349,2026-03-20,MANDI009,Bathinda,Rice,2277.47,2647.0,2462.0,2183.0
PR007387,2026-02-25,MANDI028,Karnal,Wheat,2092.21,2508.0,2299.94,2275.0
PR005841,2026-06-17,MANDI039,,Cotton,6224.83,6807.0,6516.0,6620.0
PR007457,2026-01-11,MANDI010,Patiala,Maize,2096.0,2453.65,2274.89,2090.0
PR007506,2026-06-26,MANDI055,Karnal,Maize,,2475.02,2314.0,2090.0
PR005413,2026-02-07,MANDI040,Hisar,Sarso,5927.14,6854.07,6390.6,
PR009666,2026-01-16,MANDI018,Moga,Maize,2144.39,2619.0,2381.71,2090.0
PR008774,2026-04-07,MANDI056,Amritsar,Ganne,3598.56,3923.04,3760.8,
PR009059,2026-07-16,MANDI028,Amritsar,Narma,6853.39,,7278.0,6620.0
PR008328,2026-01-24,,Ludhiana,Cotton,6320.43,,6803.46,6620.0
PR007291,2026-02-20,MANDI006,Ambala,Cotton,6027.0,6932.58,6479.97,6620.0
PR001203,2026-02-21,MANDI045,Meerut,Wheat,1969.0,2235.11,2102.08,2275.0
PR008005,2026-06-04,,Karnal,Rice,2218.63,,2445.43,2183.0
PR006447,2026-05-26,MANDI023,Karnal,Wheat,2086.0,2526.32,2306.19,2275.0
PR010936,2026-10-06,MANDI028,Amritsar,Mustard,5394.42,6094.8,5744.61,5650.0
PR005317,2026-05-04,MANDI020,Kurukshetra,Sugarcane,3140.95,3383.28,3262.0,3500.0
PR005319,2026-05-14,MANDI010,Sirsa,Wheat,2158.84,2685.17,2422.01,2275.0
PR000274,2026-05-21,,Amritsar,Cotton,6830.81,8236.49,7533.65,6620.0
PR005094,2026-05-07,MANDI050,Fatehabad,Mustard,4890.0,5452.0,5170.83,5650.0
PR002789,2026-04-28,MANDI042,Jalandhar,Ganne,3239.0,3558.0,3398.0,
PR010446,2026-05-02,MANDI039,Hisar,Cotton,6199.69,7319.56,6759.62,6620.0
PR003596,2026-09-06,MANDI046,,Sarso,5802.16,6646.0,6223.96,5650.0
PR002761,2026-03-30,MANDI019,Amritsar,चावल,2093.99,2613.0,2353.0,2183.0
PR011543,2026-06-04,MANDI021,Ludhiana,Sugarcane,3262.55,3615.97,3439.0,3500.0
PR009234,2026-07-15,MANDI056,Hisar,Wheat,2201.95,2558.28,2380.12,
PR007349,2026-01-10,,Bathinda,Rice,2240.62,2417.0,2328.69,2183.0
PR008494,2026-03-16,MANDI011,Fatehabad,Maize,1943.3,2412.52,2177.91,2090.0
PR008022,2026-06-28,MANDI032,Ferozepur,Mustard,5865.98,6852.3,6359.0,5650.0
PR004117,2026-07-21,MANDI006,Patiala,Maize,1902.63,2128.0,2015.33,
PR003859,2026-04-01,MANDI013,Kurukshetra,Sugarcane,3668.86,4169.0,3919.0,3500.0
PR006154,2026-01-16,MANDI055,Moga,Sugarcane,3064.31,3229.31,3147.0,
PR008392,2026-08-16,MANDI040,Bathinda,Wheat,2310.04,2590.46,2450.25,2275.0
PR003450,2026-03-05,MANDI035,Moga,Wheat,,2605.54,2418.33,2275.0
PR005401,2026-05-04,MANDI032,Jalandhar,Mustard,4877.0,5311.53,5094.0,5650.0
PR009959,2026-01-27,MANDI002,Ferozepur,Narma,6195.45,7300.49,6748.0,6620.0
PR007164,2026-02-11,MANDI035,Amritsar,Wheat,1949.0,2346.35,2147.84,2275.0
PR005804,2026-02-03,MANDI007,Ludhiana,Maize,2094.14,2382.44,2238.0,2090.0
PR000610,2026-09-05,MANDI053,Sirsa,Narma,6083.23,7163.0,6623.12,6620.0
PR005389,2026-05-14,,Fatehabad,Cotton,5858.19,7188.0,6523.1,
PR005997,2026-04-02,MANDI012,Karnal,Mustard,5825.0,,6334.78,5650.0
PR010354,2026-05-03,MANDI047,Karnal,Cotton,6386.43,7073.21,6729.82,6620.0
PR004772,2026-04-12,MANDI052,Saharanpur,Mustard,5698.86,6360.73,,
PR008587,2026-04-24,MANDI016,Fatehabad,Maize,1780.85,2127.0,1953.85,2090.0
PR009286,2026-06-17,MANDI055,Bareilly,Rice,2077.89,2267.87,2173.0,
PR004841,2026-07-11,MANDI042,Kurukshetra,Sarso,5285.56,6173.0,5729.08,5650.0
PR006370,2026-06-21,MANDI039,Patiala,Sugarcane,3233.0,3972.0,3602.7,3500.0
PR011899,2026-06-03,MANDI038,Jalandhar,Sugarcane,3215.71,3624.04,3420.0,
PR003969,2026-07-21,MANDI005,Ambala,Cotton,5723.26,7081.09,6402.18,6620.0
PR000670,2026-02-13,MANDI042,Ludhiana,Narma,5944.0,7224.79,6584.43,6620.0
PR011814,2026-02-09,MANDI055,Ludhiana,Rice,2173.91,2455.68,2314.8,2183.0
PR001909,2026-04-19,MANDI041,Ludhiana,Wheat,2265.0,2552.01,,2275.0
PR000502,2026-07-24,MANDI033,Amritsar,Cotton,6822.49,8032.48,7427.48,6620.0
PR002940,2026-04-25,MANDI033,Amritsar,Chawal,1874.24,2171.15,2023.0,2183.0
PR005520,2026-06-27,MANDI023,Bathinda,Sugarcane,3451.23,3987.7,3719.47,3500.0
PR004933,2026-04-24,MANDI010,Jalandhar,Wheat,2191.76,2708.41,2450.0,2275.0
PR006445,2026-01-20,,Ludhiana,Sugarcane,3492.58,3881.0,3687.0,
PR011157,2026-05-24,MANDI030,Jalandhar,Sugarcane,2998.92,3397.0,3197.74,3500.0
PR009736,2026-05-03,MANDI056,Bareilly,Mustard,5885.92,6490.0,6188.13,5650.0
PR001777,2026-01-01,MANDI001,Moga,Cotton,6314.0,7889.0,,6620.0
PR002593,2026-03-24,MANDI002,Patiala,Sarso,5855.6,6506.69,6181.14,
PR003422,2026-04-12,MANDI045,Ludhiana,Sugarcane,3345.04,3638.0,3491.4,
PR006905,2026-03-29,MANDI042,Fatehabad,Mustard,5804.26,7078.35,,5650.0
PR011109,2026-06-20,MANDI013,Fatehabad,Chawal,2157.53,2440.65,,2183.0
PR003331,2026-01-27,MANDI015,Kurukshetra,Sugarcane,3475.0,3700.9,3587.86,3500.0
PR009918,2026-02-25,MANDI021,Amritsar,Sugarcane,3376.82,3664.65,3520.73,3500.0
PR005016,2026-05-04,MANDI014,Ferozepur,Maize,1958.59,2255.0,2107.02,2090.0
PR002916,2026-08-15,MANDI001,Patiala,Sugarcane,3234.91,3854.0,3544.46,3500.0
PR007628,2026-03-04,MANDI026,Bathinda,Mustard,5553.43,6650.95,6102.19,5650.0
PR002832,2026-06-15,MANDI008,Kurukshetra,Mustard,5174.95,6141.0,5658.06,
PR006553,2026-01-11,MANDI005,Fatehabad,Rice,2091.76,2393.09,2242.43,2183.0
PR009292,2026-08-10,MANDI002,Bathinda,Mustard,5438.54,5845.85,5642.2,
PR008890,2026-07-29,MANDI009,Ferozepur,Rice,2017.61,2222.28,2120.0,2183.0
PR003435,2026-07-16,,Sirsa,Mustard,5366.56,6694.8,6030.68,
PR008255,2026-04-27,MANDI043,Agra,Wheat,2019.0,,2107.0,2275.0
PR009503,2026-04-09,MANDI007,Jalandhar,Wheat,2375.54,2690.87,2533.2,2275.0
PR007247,2026-06-20,,,Rice,2014.82,2420.0,2217.52,2183.0
PR007014,2026-03-01,MANDI057,Jalandhar,Chawal,2018.0,2283.01,2150.58,2183.0
PR000899,2026-04-03,MANDI029,Moga,Mustard,5520.0,6115.98,5818.0,
PR007837,2026-05-17,MANDI008,Amritsar,Mustard,4832.13,5272.04,5052.08,5650.0
PR011800,2026-05-26,MANDI012,Patiala,Wheat,2078.0,2434.12,2256.18,2275.0
PR000093,2026-01-07,MANDI027,Fatehabad,Wheat,2129.0,2603.0,2366.0,2275.0
PR003696,2026-08-30,,Ambala,Wheat,2242.75,2555.57,2399.16,2275.0
PR010970,2026-05-03,MANDI033,Sirsa,Sugarcane,3462.72,4043.87,3753.0,3500.0
PR003279,2026-02-17,MANDI036,Patiala,Cotton,5662.58,6645.43,6154.0,6620.0
PR000100,2026-05-13,MANDI002,Ferozepur,Ganne,3290.98,3517.0,3404.0,3500.0
PR011622,2026-05-25,MANDI049,Jalandhar,चावल,2159.98,,2361.36,2183.0
PR008357,2026-03-29,MANDI022,Ambala,Cotton,5718.02,6484.47,6101.0,6620.0
PR006011,2026-02-17,MANDI016,Amritsar,Maize,2035.48,2400.7,2218.09,2090.0
PR005043,2026-01-21,MANDI043,Amritsar,Makki,2119.79,2534.69,2327.0,2090.0
PR002348,2026-05-31,MANDI017,,Sugarcane,3054.89,,3285.0,3500.0
PR004660,2026-05-05,MANDI047,Ferozepur,Mustard,4846.85,5829.0,5338.0,5650.0
PR010004,2026-06-15,MANDI023,Ludhiana,Mustard,5354.67,5692.79,,
PR004488,2026-05-13,MANDI044,Ludhiana,Narma,6614.0,7999.0,7306.47,6620.0
PR009198,2026-01-12,MANDI033,Ambala,Mustard,4806.0,5088.09,4947.0,5650.0
PR011673,2026-02-02,MANDI019,Hisar,Rice,1859.9,2061.97,1961.0,2183.0
PR004103,2026-05-19,MANDI052,Sirsa,Narma,5948.17,6429.13,6189.0,6620.0
PR006122,2026-03-03,MANDI054,Saharanpur,Mustard,5359.94,5743.87,5552.0,5650.0
PR002185,2026-02-26,MANDI008,Ambala,Cotton,5976.95,6973.44,6475.0,6620.0
PR009510,2026-02-09,MANDI015,Karnal,Mustard,4941.24,5785.0,5363.12,5650.0
PR002897,2026-05-22,MANDI047,Ludhiana,चावल,2038.04,2454.8,2246.42,2183.0
PR002303,2026-04-23,MANDI047,Kurukshetra,Mustard,,,5451.0,5650.0
PR006006,2026-03-29,MANDI052,Jalandhar,Mustard,4841.16,5127.81,4984.49,
PR008115,2026-06-14,MANDI004,Hisar,Sugarcane,3210.8,3382.0,3296.42,3500.0
PR002259,2026-08-16,MANDI005,Jalandhar,Mustard,,6623.0,6225.41,
PR002704,2026-02-15,MANDI016,Patiala,Maize,,2277.19,2140.85,2090.0
PR009188,2026-01-23,MANDI008,Fatehabad,Cotton,6339.0,7651.0,6995.0,6620.0
PR007986,2026-07-06,MANDI052,Ambala,Wheat,2115.79,2641.0,2378.47,2275.0
PR000340,2026-04-22,MANDI045,Karnal,Rice,2209.43,2595.0,2402.21,2183.0
PR002686,2026-09-04,MANDI008,Amritsar,Mustard,4872.23,5980.0,5426.0,5650.0
PR009532,2026-08-25,MANDI035,Ludhiana,Maize,2061.0,2219.0,2140.0,2090.0
PR010831,2026-05-20,MANDI043,Karnal,Chawal,1880.32,2176.08,2028.0,2183.0
PR008291,2026-07-23,MANDI012,Bathinda,Rice,2175.21,2493.06,2334.13,2183.0
PR000475,2026-02-24,MANDI037,Patiala,Rice,1863.15,2114.47,1988.81,2183.0
PR010478,2026-06-03,MANDI015,Amritsar,Sugarcane,3266.77,3835.88,3551.33,3500.0
PR011576,2026-05-13,MANDI002,Bathinda,Sugarcane,3304.71,,3459.81,3500.0
PR005013,2026-06-17,MANDI002,Fatehabad,Mustard,5015.86,6254.61,5635.0,5650.0
PR000659,2026-08-07,,Sirsa,Cotton,6284.0,6746.13,6515.0,6620.0
PR009334,2026-03-24,MANDI021,Moga,Wheat,2182.51,2697.98,2440.25,2275.0
PR009770,2026-06-03,MANDI031,Patiala,Wheat,2136.8,2585.73,2361.27,2275.0
PR006099,2026-05-19,MANDI039,Amritsar,Wheat,2276.01,,2534.07,2275.0
PR002472,2026-03-14,MANDI001,Ludhiana,Makki,1797.28,2094.4,1945.84,2090.0
PR006985,2026-04-22,MANDI047,Ambala,Sugarcane,3265.63,3647.12,3456.38,3500.0
PR007419,2026-04-03,MANDI046,Patiala,Maize,1964.0,2067.4,2015.94,2090.0
PR011977,2026-03-18,MANDI052,Saharanpur,Wheat,2373.0,,2657.0,2275.0
PR009341,2026-04-12,,Fatehabad,Mustard,4903.33,5475.0,5189.36,
PR008561,2026-05-17,MANDI018,Sirsa,Cotton,5838.67,6260.4,,6620.0
PR011607,2026-08-01,MANDI010,Fatehabad,Rice,2256.37,2794.44,2525.4,2183.0
PR003710,2026-09-07,MANDI002,Sirsa,Sugarcane,3632.54,4194.97,3913.75,3500.0
PR006622,2026-07-03,MANDI002,Fatehabad,Cotton,6233.54,7123.42,6678.0,6620.0
PR011548,2026-04-14,MANDI004,Moga,Sugarcane,3671.0,4071.65,3871.25,3500.0
PR009615,2026-08-13,MANDI035,Bathinda,Wheat,2352.24,2760.72,2556.48,2275.0
PR000630,2026-08-31,MANDI031,Kurukshetra,Mustard,5357.08,6109.39,5733.23,5650.0
PR000647,2026-07-11,MANDI021,Ambala,Narma,6232.41,7320.0,6776.31,6620.0
PR007855,2026-01-02,MANDI003,Amritsar,Sugarcane,3397.86,3717.0,3557.0,3500.0
PR001602,2026-03-25,MANDI008,Ludhiana,Sugarcane,3555.08,4377.47,3966.28,3500.0
PR001999,2026-08-20,MANDI006,Kurukshetra,Wheat,2221.96,,2356.0,2275.0
PR010661,2026-05-08,MANDI025,Fatehabad,Wheat,2212.87,2331.0,2272.0,2275.0
PR000328,2026-02-14,MANDI053,Saharanpur,Maize,,2037.0,1918.0,2090.0
PR010679,2026-09-05,,Hisar,Sugarcane,3671.0,4461.03,4066.0,3500.0
PR008288,2026-02-03,MANDI007,Hisar,Mustard,5472.05,6377.34,5924.7,5650.0
PR002003,2026-08-22,MANDI022,Karnal,Mustard,5929.95,6614.19,6272.07,5650.0
PR002586,2026-03-15,MANDI056,Ferozepur,Cotton,6009.44,7354.05,6681.74,6620.0
PR006343,2026-06-09,MANDI044,Kurukshetra,Wheat,2086.95,2244.08,2165.52,2275.0
PR001272,2026-04-20,MANDI033,Fatehabad,Mustard,5790.5,6293.0,6042.0,5650.0
PR004974,2026-02-07,MANDI057,Moga,Rice,,2490.12,2268.32,2183.0
PR011688,2026-02-01,MANDI007,Jalandhar,Maize,1847.06,2176.0,2011.52,2090.0
PR011886,2026-04-20,MANDI030,Patiala,Cotton,5896.0,6855.03,6375.69,6620.0
PR007374,2026-12-02,MANDI014,Patiala,Sugarcane,3224.0,3717.2,3470.0,3500.0
PR011605,2026-05-02,MANDI008,Ferozepur,Sugarcane,3014.45,3696.0,3355.04,3500.0
PR005861,2026-03-21,MANDI035,Hisar,Makki,2035.0,2464.55,2250.0,2090.0
PR005790,2026-03-13,,Jalandhar,Maize,1815.06,2264.8,2040.0,2090.0
PR008816,2026-01-11,MANDI019,Kurukshetra,Mustard,5325.2,6367.69,5846.45,5650.0
PR008119,2026-03-28,MANDI040,Kurukshetra,Sugarcane,3219.0,3753.99,3486.0,3500.0
PR003045,2026-08-11,MANDI018,Sirsa,Mustard,5448.01,6575.78,6011.9,5650.0
PR011046,2026-01-13,MANDI047,Muzaffarnagar,Cotton,5659.12,6211.42,5935.27,6620.0
PR008539,2026-08-15,MANDI052,Ferozepur,Sugarcane,3255.51,3815.47,3535.49,3500.0
PR004796,2026-01-25,MANDI050,Bathinda,Mustard,5592.0,,5995.26,5650.0
PR005788,2026-04-06,MANDI031,Karnal,Cotton,6499.0,7228.68,,6620.0
PR004603,2026-05-25,MANDI023,Fatehabad,Rice,,2286.53,2106.88,2183.0
PR003701,2026-04-22,MANDI006,Fatehabad,Cotton,5869.53,6444.84,6157.0,
PR009333,2026-03-04,MANDI041,Fatehabad,Rice,2031.12,2445.0,2238.0,2183.0
PR001025,2026-08-31,,Fatehabad,Wheat,2190.67,2720.0,2455.47,
PR007914,2026-02-03,MANDI009,Jalandhar,Sugarcane,3510.02,4228.99,3869.51,3500.0
PR006719,2026-08-08,,Sirsa,Mustard,5530.94,6147.0,5839.01,5650.0
PR008555,2026-07-01,MANDI016,Sirsa,Cotton,6712.97,7712.08,7212.52,6620.0
PR002176,2026-07-14,MANDI055,Bareilly,Sugarcane,,,3237.16,3500.0
PR002883,2026-02-24,MANDI040,Karnal,Narma,6784.28,8208.0,7496.29,6620.0
PR001181,2026-03-12,MANDI034,Jalandhar,Sugarcane,3665.0,4435.0,4050.0,
PR010385,2026-05-16,MANDI015,Amritsar,Sarso,5923.51,6361.29,6142.4,
PR000481,2026-07-29,MANDI022,Hisar,Wheat,2144.97,2334.39,2239.68,2275.0
PR010726,2026-09-06,MANDI028,Kurukshetra,Cotton,6598.61,7460.0,7029.09,6620.0
PR006948,2026-03-25,MANDI003,Bathinda,Sugarcane,3425.28,3905.87,3665.57,3500.0
PR008777,2026-05-12,MANDI020,Moga,Wheat,2033.92,2352.29,2193.11,2275.0
PR009821,2026-06-24,MANDI022,Fatehabad,Maize,2055.91,2538.0,2297.03,2090.0
PR005386,2026-03-15,MANDI001,Ludhiana,Narma,5866.82,6190.32,6028.57,
PR005891,2026-06-04,MANDI034,Ambala,Sugarcane,,3936.65,3564.75,3500.0
PR009777,2026-03-06,MANDI040,Fatehabad,Maize,1799.77,2105.42,1952.59,2090.0
PR002208,2026-05-06,MANDI031,Jalandhar,Rice,2141.44,,2326.0,
PR000980,2026-04-23,,Patiala,Cotton,6734.94,8360.58,7547.76,6620.0
PR002985,2026-01-30,MANDI036,Bathinda,Wheat,2295.31,,2526.7,2275.0
PR002578,2026-03-12,MANDI039,Hisar,Ganne,3575.0,3991.38,3783.35,3500.0
PR008694,2026-11-08,MANDI018,Moga,Ganne,2980.3,3448.01,3214.16,3500.0
PR008241,2026-08-22,MANDI033,Hisar,Maize,1897.78,2164.15,2031.0,2090.0
PR009478,2026-07-21,MANDI026,Sirsa,Sugarcane,3633.11,4166.0,3899.54,3500.0
PR005766,2026-06-08,MANDI017,Sirsa,Maize,1875.54,2295.79,2086.0,2090.0
PR006804,2026-08-26,,Amritsar,Mustard,5783.0,7044.73,6414.1,5650.0
PR002481,2026-07-06,,Fatehabad,Sugarcane,3072.0,3705.11,3388.44,3500.0
PR003785,2026-04-14,MANDI031,Ludhiana,Wheat,2189.81,2571.2,2380.51,2275.0
PR002645,2026-03-09,MANDI056,Kurukshetra,Maize,2190.05,2433.06,2312.0,
PR006314,2026-02-25,MANDI023,Amritsar,Narma,6275.26,7460.54,6867.9,
PR002076,2026-02-16,MANDI040,Patiala,Cotton,5987.29,6698.0,6342.87,6620.0
PR006649,2026-07-10,MANDI019,Moga,Cotton,5853.99,6791.92,6323.0,6620.0
PR007230,2026-03-29,MANDI040,Hisar,Maize,2127.85,2484.68,2306.0,2090.0
PR009792,2026-01-12,MANDI042,Karnal,Rice,2060.25,2465.76,2263.0,2183.0
PR008070,2026-06-12,MANDI015,Bathinda,Mustard,5893.0,6485.62,6189.43,5650.0
PR007221,2026-06-13,MANDI025,Ludhiana,Wheat,2127.0,,2381.48,2275.0
PR008044,2026-05-09,MANDI036,Kurukshetra,Wheat,2223.8,2667.18,2445.49,
PR004350,2026-03-15,MANDI052,Jalandhar,Mustard,5416.0,6767.0,6091.56,
PR007900,2026-07-15,MANDI032,Karnal,Wheat,2144.47,2388.0,2266.05,2275.0
PR010587,2026-04-25,MANDI027,Ludhiana,Rice,2172.0,2343.04,2257.0,2183.0
PR007294,2026-07-29,MANDI052,Saharanpur,Wheat,2271.72,2511.83,2391.77,
PR007795,2026-09-03,MANDI030,Bathinda,Sugarcane,3587.55,4300.06,3944.0,3500.0
PR008272,2026-08-13,MANDI013,Sirsa,Maize,1863.43,,1956.0,2090.0
PR009367,2026-03-28,MANDI020,Sirsa,Wheat,2012.38,,2190.45,2275.0
PR002986,2026-02-18,MANDI052,Ferozepur,Wheat,,2527.0,2424.9,2275.0
PR007803,2026-07-14,,Fatehabad,Maize,2031.05,2165.33,2098.19,2090.0
PR003337,2026-06-30,MANDI025,Karnal,Wheat,2299.79,2515.15,2407.0,2275.0
PR003378,2026-02-20,MANDI020,Moga,Sarso,5576.95,5998.28,5787.61,5650.0
PR007667,2026-09-03,MANDI044,Karnal,Wheat,2146.0,2483.0,2314.57,2275.0
PR011949,2026-07-30,MANDI040,Jalandhar,Maize,2106.95,2412.0,2259.31,
PR004081,2026-08-11,MANDI031,Sirsa,Mustard,5557.0,6182.8,5869.78,
PR005168,2026-06-04,MANDI054,Karnal,Wheat,2022.0,2427.53,2224.91,2275.0
PR003167,2026-05-07,MANDI041,Ferozepur,Maize,2056.0,2293.45,2174.68,2090.0
PR010087,2026-04-28,MANDI029,Hisar,Rice,2154.45,2491.0,2323.0,2183.0
PR011620,2026-06-16,MANDI035,Bathinda,Wheat,2005.08,2494.8,2250.0,2275.0
PR009134,2026-01-28,MANDI014,Hisar,Narma,5922.99,,6309.5,6620.0
PR006868,2026-02-24,,Ferozepur,Cotton,6285.11,7493.55,6889.33,6620.0
PR011520,2026-01-30,MANDI038,Kurukshetra,Rice,2131.22,2642.0,2386.83,2183.0
PR002799,2026-06-08,,,Wheat,2183.81,2484.11,2333.96,2275.0
PR002759,2026-01-13,MANDI006,Ferozepur,Cotton,6411.0,7681.79,7046.55,6620.0
PR007034,2026-01-06,MANDI009,Patiala,Sugarcane,3448.34,3979.16,3713.75,
PR011593,2026-03-25,MANDI041,Fatehabad,Cotton,6324.66,6840.56,,6620.0
PR001320,2026-03-10,MANDI001,Jalandhar,चावल,2058.09,2214.18,2136.13,2183.0
PR007794,2026-01-12,MANDI044,Patiala,Maize,1851.5,2296.71,2074.11,2090.0
PR009787,2026-05-28,MANDI045,Moga,Cotton,5942.14,6997.5,6470.0,6620.0
PR003291,2026-08-13,MANDI025,Patiala,Rice,2245.05,2786.07,2515.56,2183.0
PR006033,2026-01-23,MANDI042,Kurukshetra,Maize,1857.61,2253.34,2055.48,2090.0
PR003666,2026-02-07,,,Ganne,3491.0,3963.87,,3500.0
PR001245,2026-01-15,MANDI039,Amritsar,Mustard,5549.17,6809.0,6178.91,5650.0
PR007017,2026-05-12,,,Maize,1898.0,2132.31,2015.1,
PR004075,2026-05-14,MANDI019,Moga,Wheat,1942.69,2098.37,2021.0,2275.0
PR001719,2026-01-07,MANDI033,Ludhiana,Sugarcane,3483.0,4051.89,3768.0,3500.0
PR008507,2026-06-09,MANDI009,Patiala,Cotton,6142.78,,6652.0,
PR004712,2026-06-05,MANDI046,,Mustard,5882.18,6527.89,,5650.0
PR000730,2026-06-10,MANDI001,Patiala,Maize,2054.64,2545.87,2300.26,2090.0
PR002227,2026-08-28,MANDI022,Moga,Mustard,5756.8,6930.0,6343.5,5650.0
PR008971,2026-01-21,MANDI044,Karnal,Cotton,6893.2,7848.85,7371.0,6620.0
PR002688,2026-05-30,MANDI028,Jalandhar,Mustard,5322.39,5666.18,5494.0,5650.0
PR001848,2026-04-28,MANDI042,Patiala,Rice,1968.4,2329.08,2149.0,2183.0
PR011541,2026-11-05,MANDI002,Amritsar,Wheat,2313.98,2696.67,2505.0,2275.0
PR009753,2026-02-03,MANDI006,Sirsa,Wheat,2318.4,,2460.47,2275.0
PR011842,2026-06-05,MANDI032,Ludhiana,Cotton,6639.66,6996.0,6817.85,6620.0
PR001459,2026-08-29,MANDI054,Ambala,Makki,,2571.0,2333.0,2090.0
PR005051,2026-05-25,MANDI009,Sirsa,Sarso,5771.0,6909.74,6340.21,5650.0
PR011318,2026-04-24,,Ludhiana,Maize,2096.3,2371.9,2234.1,2090.0
PR009555,2026-05-17,MANDI034,Patiala,Wheat,2313.0,2821.95,2567.33,2275.0
PR008569,2026-10-07,MANDI005,Amritsar,Cotton,5683.0,6413.12,6048.15,6620.0
PR003335,2026-08-13,MANDI016,Sirsa,Cotton,5871.3,6291.91,6082.0,
PR001379,2026-06-04,MANDI019,Jalandhar,Maize,1847.0,2167.94,2007.31,2090.0
PR010793,2026-04-18,MANDI007,Ferozepur,Makki,2062.0,2366.26,2213.99,2090.0
PR008944,2026-08-08,MANDI045,Kurukshetra,Rice,1876.63,,1924.0,2183.0
PR002969,2026-02-05,MANDI004,Sirsa,Sugarcane,3140.66,3852.1,3496.0,3500.0
PR009944,2026-02-02,MANDI051,Jalandhar,Sugarcane,3039.0,3781.16,3410.0,3500.0
PR002943,2026-08-02,MANDI010,Moga,Rice,2148.49,2676.0,2412.33,2183.0
PR006042,2026-05-23,MANDI032,,Mustard,5911.0,7320.0,6615.51,5650.0
PR001580,2026-05-02,MANDI025,Jalandhar,Wheat,2334.0,2883.92,2609.01,2275.0
PR009597,2026-04-25,MANDI027,Ferozepur,Cotton,6143.47,7289.65,6716.56,
PR007982,2026-04-10,MANDI048,Amritsar,Cotton,6774.94,7143.51,6959.23,
PR007383,2026-06-29,MANDI008,Jalandhar,Chawal,1916.24,2139.62,2028.0,2183.0
PR000654,2026-06-21,,Bathinda,Wheat,2321.0,2756.0,2539.0,2275.0
PR001949,2026-04-01,MANDI034,Moga,Narma,6107.45,6730.97,6419.21,6620.0
PR008487,2026-06-09,,Sirsa,Cotton,5784.0,6590.7,6187.0,6620.0
PR009041,2026-07-13,MANDI034,Ambala,Sugarcane,3117.0,3277.0,3197.0,3500.0
PR006107,2026-03-25,MANDI056,Kurukshetra,Wheat,2290.0,2404.35,2347.01,2275.0
PR002016,2026-02-19,MANDI018,Moga,Sugarcane,3050.0,3776.0,3413.14,3500.0
PR005351,2026-01-27,MANDI055,Bareilly,Wheat,2021.35,2132.5,2077.0,2275.0
PR004576,2026-07-31,MANDI036,Ambala,Rice,,2267.0,2191.7,2183.0
PR007756,2026-06-13,,Bathinda,Maize,2018.45,2130.95,2074.7,2090.0
PR004011,2026-11-06,MANDI017,Ferozepur,Chawal,1967.27,2204.0,2085.87,2183.0
PR006367,2026-04-13,MANDI033,Ambala,Wheat,1980.0,2107.75,2044.0,2275.0
PR009707,2026-06-09,,Kurukshetra,Sugarcane,3617.0,4219.08,3917.93,3500.0
PR009480,2026-07-06,MANDI049,Ludhiana,Sarso,4895.35,5741.0,5318.0,5650.0
PR005735,2026-04-22,MANDI036,Kurukshetra,Mustard,5114.0,5591.36,5352.77,5650.0
PR002617,2026-02-26,MANDI013,Sirsa,Makki,2136.86,2568.99,2353.0,2090.0
PR011897,2026-06-14,MANDI051,Bathinda,Chawal,1924.49,2270.0,2097.23,2183.0
PR002382,2026-01-06,MANDI010,Moga,Wheat,1990.27,2171.06,2080.67,2275.0
PR003622,2026-09-08,MANDI041,Fatehabad,Maize,1878.0,2022.56,1950.26,2090.0
PR002607,2026-08-21,MANDI035,Ferozepur,Mustard,5358.22,6687.91,6023.07,5650.0
PR001936,2026-05-04,MANDI043,Sirsa,Sugarcane,3289.43,3715.18,3502.3,
PR006607,2026-03-29,MANDI021,Bathinda,Cotton,5708.55,6241.09,5974.82,6620.0
PR005857,2026-08-29,,Moga,Sugarcane,3419.0,4140.12,3779.72,
PR002212,2026-05-12,MANDI051,Ambala,Mustard,5632.0,6922.71,6277.46,5650.0
PR003373,2026-03-02,MANDI020,Patiala,Maize,2151.43,2642.78,2397.0,
PR005604,2026-02-20,MANDI009,Jalandhar,Wheat,2306.0,2589.0,2447.5,
PR005630,2026-08-12,,Sirsa,Sarso,5127.0,5421.0,5274.0,5650.0
PR003242,2026-09-06,MANDI047,Bathinda,Sugarcane,3652.0,4154.99,3903.0,3500.0
PR008488,2026-07-09,MANDI008,Moga,Sugarcane,2998.0,3598.0,3297.95,3500.0
PR003978,2026-04-04,MANDI032,,Ganne,3393.0,4153.0,3772.86,3500.0
PR002014,2026-06-01,MANDI017,Amritsar,Cotton,6490.83,7607.07,7048.95,6620.0
PR008649,2026-05-07,,Amritsar,Mustard,5230.0,5899.83,5564.7,5650.0
PR007265,2026-08-01,MANDI002,Ferozepur,Wheat,2289.99,2827.0,2558.27,2275.0
PR009712,2026-08-27,MANDI037,Amritsar,Mustard,5088.68,5781.0,5435.0,5650.0
PR005781,2026-06-04,MANDI033,Ambala,Wheat,2149.61,2365.65,2257.63,2275.0
PR008183,2026-02-07,,Jalandhar,Mustard,5332.0,6267.0,5800.0,5650.0
PR002575,2026-06-02,MANDI025,Patiala,Sugarcane,3068.0,3236.43,3152.26,3500.0
PR007857,2026-04-10,MANDI004,Hisar,Wheat,2337.86,2476.44,2407.0,2275.0
PR008436,2026-09-02,MANDI054,Sirsa,Maize,2048.0,2486.03,2267.25,2090.0
PR002455,2026-07-21,MANDI035,Karnal,Maize,1896.03,2321.56,2108.79,2090.0
PR007723,2026-04-21,MANDI015,Kurukshetra,Maize,2131.59,2459.0,2295.49,2090.0
PR011043,2026-05-30,MANDI006,Moga,Narma,6910.28,8423.12,,6620.0
PR002787,2026-08-24,MANDI023,Ludhiana,Cotton,5743.2,6368.01,,6620.0
PR010221,2026-09-08,MANDI049,Muzaffarnagar,Maize,1972.94,2375.51,2174.23,
PR006060,2026-05-30,,Ludhiana,चावल,2063.21,2478.0,2271.0,2183.0
PR003340,2026-04-14,MANDI049,Ludhiana,Makki,2129.25,2323.41,2226.0,2090.0
PR006498,2026-01-03,MANDI005,Hisar,Mustard,5470.0,6535.2,6003.0,5650.0
PR009653,2026-08-10,,Ludhiana,Maize,1814.93,1925.27,1870.0,2090.0
PR002920,2026-07-24,MANDI050,Karnal,Wheat,2207.56,2343.0,2275.0,2275.0
PR010854,2026-09-01,MANDI024,Fatehabad,Maize,1861.61,2256.0,2058.56,2090.0
PR009125,2026-07-01,MANDI011,Ambala,Sugarcane,3292.0,3568.13,3430.31,3500.0
PR004940,2026-05-02,MANDI041,Karnal,Wheat,2327.91,2456.82,2392.0,
PR011095,2026-07-28,MANDI040,Ferozepur,Wheat,2189.0,2559.0,,
PR008229,2026-01-12,MANDI035,Fatehabad,Maize,2069.49,2197.0,2133.0,2090.0
PR001660,2026-01-25,MANDI001,Sirsa,Maize,1929.58,2109.0,2019.0,2090.0
PR001822,2026-08-04,MANDI026,Hisar,Maize,2055.0,2210.0,2133.0,2090.0
PR001477,2026-08-31,,,Sugarcane,3305.72,3650.04,3477.88,3500.0
PR009880,2026-08-17,MANDI009,Bathinda,Wheat,2317.86,2612.09,2464.97,2275.0
PR010760,2026-04-25,MANDI018,Moga,Sugarcane,3096.23,3735.51,3415.87,3500.0
PR007306,2026-02-07,MANDI028,Sirsa,Sugarcane,3084.22,3297.0,,3500.0
PR003208,2026-03-02,MANDI013,Sirsa,Ganne,3054.17,3643.62,3348.9,3500.0
PR005286,2026-06-10,MANDI014,Ludhiana,Maize,1890.0,2318.6,2104.19,2090.0
PR001991,2026-03-28,MANDI004,Bathinda,Chawal,2048.83,2539.83,2294.33,2183.0
PR008169,2026-02-01,MANDI017,,Maize,2034.1,2538.18,2286.14,2090.0
PR005485,2026-06-24,,,Sugarcane,3517.07,4143.97,3831.0,3500.0
PR005940,2026-03-21,,Ambala,Ganne,3671.88,4577.59,4124.73,3500.0
PR005349,2026-05-27,MANDI004,Hisar,Wheat,2332.0,2567.3,2449.56,2275.0
PR008426,2026-06-21,MANDI057,Moga,Narma,6616.66,7161.63,6889.15,6620.0
PR004381,2026-04-05,MANDI003,Patiala,Makki,1947.0,,2053.05,2090.0
PR007149,2026-06-01,,Ferozepur,Sugarcane,3538.0,4228.9,,3500.0
PR008440,2026-07-21,MANDI022,Moga,चावल,1917.72,2283.99,2100.86,
PR005421,2026-08-27,MANDI022,Bathinda,Cotton,6777.05,,7047.12,6620.0
PR008375,2026-08-07,MANDI017,Bathinda,Mustard,5910.05,6472.38,6191.21,5650.0
PR007532,2026-06-25,MANDI030,Hisar,Rice,2270.0,2828.57,2549.22,2183.0
PR011922,2026-07-13,MANDI004,Ludhiana,Sugarcane,3022.82,3762.65,3393.0,3500.0
PR005442,2026-06-17,MANDI033,Amritsar,Sugarcane,3176.72,3887.98,3532.35,3500.0
PR000907,2026-03-16,MANDI048,Bathinda,Sugarcane,3526.68,3965.0,3745.93,3500.0
PR010079,2026-07-26,,Ferozepur,Ganne,3365.21,,3671.0,3500.0
PR002048,2026-06-16,MANDI034,Amritsar,Maize,2070.19,2585.29,2327.74,2090.0
PR007074,2026-04-10,MANDI045,Bathinda,Chawal,1944.71,2190.0,2067.33,2183.0
PR008790,2026-02-12,,Sirsa,Maize,1818.31,2220.97,2020.0,2090.0
PR009978,2026-04-21,MANDI024,Fatehabad,Wheat,2032.28,2518.37,2275.32,2275.0
PR005334,2026-07-13,MANDI044,Agra,Wheat,2194.62,2312.64,2253.63,2275.0
PR003525,2026-01-03,MANDI029,Fatehabad,Rice,2069.0,2516.0,2293.0,2183.0
PR001230,2026-06-11,MANDI049,Sirsa,Cotton,6586.83,7859.01,7222.92,6620.0
PR005158,2026-06-05,,Amritsar,Cotton,6831.13,8538.0,7684.0,6620.0
PR001923,2026-04-08,MANDI041,Ludhiana,Cotton,6263.0,7657.13,6960.1,6620.0
PR003877,2026-05-31,MANDI024,Hisar,Wheat,2196.0,2428.0,2312.34,2275.0
PR009164,2026-07-21,MANDI015,Ludhiana,Rice,2083.63,,2336.75,2183.0
PR000395,2026-07-31,MANDI019,Kurukshetra,Chawal,2123.1,2232.46,2177.78,
PR010935,2026-07-16,MANDI032,Jalandhar,Mustard,,,5846.27,5650.0
PR006689,2026-08-16,MANDI038,Karnal,Sugarcane,3436.39,4219.0,3827.84,
PR011996,2026-03-17,MANDI018,Kurukshetra,Rice,2124.5,2424.28,2274.0,2183.0
PR007446,2026-03-27,MANDI019,Amritsar,Mustard,5710.14,6505.52,6107.83,5650.0
PR002994,2026-02-21,,Jalandhar,Maize,1881.0,2123.28,2002.0,2090.0
PR002871,2026-01-02,MANDI022,Jalandhar,Wheat,2315.87,2677.49,2496.68,2275.0
PR010645,2026-06-28,,Amritsar,Mustard,4938.75,5544.39,5241.57,5650.0
PR004536,2026-02-06,MANDI013,Moga,Narma,5789.52,,6265.65,6620.0
PR006699,2026-08-05,,,Mustard,5650.84,6433.15,6041.99,5650.0
PR002085,2026-07-19,MANDI056,Sirsa,Mustard,4802.73,5900.0,5352.0,5650.0
PR004474,2026-05-08,MANDI004,Karnal,Narma,6876.44,8105.0,7490.9,6620.0
PR009323,2026-07-26,,,Maize,1991.75,2333.92,2163.0,2090.0
PR010399,2026-02-16,MANDI034,Ambala,Wheat,2018.0,2299.16,2158.63,2275.0
PR006542,2026-05-03,MANDI021,Jalandhar,Mustard,5450.08,6587.76,6018.92,5650.0
PR002508,2026-01-28,MANDI012,Amritsar,Sarso,5092.12,5798.0,5445.0,5650.0
PR007257,2026-08-08,MANDI028,Hisar,Cotton,5721.97,6600.96,6161.0,6620.0
PR010046,2026-08-06,MANDI055,Kurukshetra,Sugarcane,3309.31,3766.0,3538.0,3500.0
PR010518,2026-05-03,,,Wheat,2165.18,2533.25,2349.21,2275.0
PR002910,2026-05-11,MANDI016,Karnal,Wheat,2337.91,2738.08,2537.99,2275.0
PR002955,2026-02-22,MANDI022,Hisar,Wheat,2226.77,2533.5,2380.0,2275.0
PR008716,2026-06-07,MANDI048,Hisar,Rice,1927.0,2278.38,2102.59,2183.0
PR006462,2026-01-20,MANDI041,Moga,Wheat,2375.24,2615.86,2496.0,
PR006366,2026-06-30,MANDI023,Ferozepur,Mustard,4854.0,5687.46,5271.0,
PR000489,2026-05-28,MANDI043,Kurukshetra,Wheat,2152.04,2671.03,2411.53,2275.0
PR005817,2026-03-27,MANDI015,Ferozepur,Ganne,3663.0,4303.0,3983.0,3500.0
PR002666,2026-05-28,MANDI051,Patiala,Mustard,5818.12,6614.0,6216.2,
PR009668,2026-09-02,MANDI031,Jalandhar,चावल,1944.0,2337.43,2140.62,2183.0
PR010182,2026-01-09,MANDI036,Fatehabad,Wheat,2119.81,2529.34,2324.57,2275.0
PR010289,2026-08-26,MANDI046,Bathinda,Wheat,1998.0,2243.21,2120.66,2275.0
PR007809,2026-04-16,MANDI008,Patiala,Rice,1944.89,2333.1,2139.0,2183.0
PR008876,2026-03-19,MANDI056,Amritsar,Narma,5845.0,7231.0,6538.3,
PR001835,2026-08-05,MANDI009,Jalandhar,Maize,2039.93,2322.61,2181.0,2090.0
PR005093,2026-04-13,MANDI028,Sirsa,Sugarcane,3403.2,3843.28,3623.0,
PR008641,2026-07-20,MANDI047,Patiala,Wheat,2229.94,2397.0,2313.29,
PR002031,2026-09-04,MANDI005,Amritsar,चावल,2280.0,2536.82,2408.35,2183.0
PR007745,2026-08-13,MANDI030,Ferozepur,Maize,2065.0,2403.44,2234.31,2090.0
PR005406,2026-04-20,,Jalandhar,Sugarcane,3584.41,,3899.27,3500.0
PR003293,2026-05-04,MANDI033,Ambala,Cotton,6736.0,7582.09,7158.9,6620.0
PR006623,2026-01-23,MANDI043,Moga,Mustard,,6638.34,6031.0,5650.0
PR008940,2026-03-11,,Jalandhar,Maize,1820.09,2157.13,1989.0,2090.0
PR009363,2026-08-07,MANDI038,Ludhiana,Cotton,5778.6,6647.31,6212.95,6620.0
PR010892,2026-01-23,MANDI049,Karnal,Cotton,6819.22,8475.63,7647.0,6620.0
PR000062,2026-02-20,MANDI043,Karnal,Sarso,5527.21,6389.56,5958.38,5650.0
PR009374,2026-05-10,,Ambala,Mustard,4855.0,5674.81,5264.79,5650.0
PR008267,2026-05-04,MANDI019,Moga,Mustard,4810.18,5874.0,,5650.0
PR003681,2026-01-28,MANDI004,Jalandhar,Sugarcane,3633.32,3883.48,3758.4,3500.0
PR000450,2026-04-30,MANDI001,Ludhiana,Rice,2150.18,2354.91,2252.55,2183.0
PR002200,2026-01-25,MANDI056,Ludhiana,Maize,2146.56,2367.1,2257.0,2090.0
PR007892,2026-06-21,MANDI017,Ferozepur,Makki,1974.04,2420.38,2197.21,2090.0
PR001643,2026-05-15,MANDI045,Ludhiana,Sugarcane,3348.0,3745.07,3546.67,
PR001097,2026-02-23,,Ferozepur,Wheat,2242.0,2568.15,2405.02,2275.0
PR010990,2026-01-24,MANDI007,Amritsar,Cotton,6067.27,7400.0,6733.78,6620.0
PR010317,2026-09-07,MANDI044,Karnal,Mustard,,5801.0,5329.0,5650.0
PR003069,2026-06-21,MANDI040,Ludhiana,Sugarcane,3442.46,4038.96,3740.71,3500.0
PR010359,2026-06-09,MANDI014,Ludhiana,Cotton,6303.91,,6494.86,6620.0
PR001238,2026-03-30,MANDI001,Sirsa,Rice,2148.21,2544.0,2345.91,2183.0
PR007066,2026-06-16,MANDI055,Karnal,Makki,1930.0,2362.0,2145.85,2090.0
PR005577,2026-04-28,MANDI029,Bathinda,Cotton,6220.53,6862.0,6541.0,6620.0
PR011647,2026-06-05,MANDI045,Jalandhar,Rice,2139.94,2492.47,2316.2,2183.0
PR007407,2026-08-02,MANDI030,Jalandhar,Cotton,6900.62,8215.04,7557.83,6620.0
PR005431,2026-03-26,,,Mustard,5874.91,7340.02,6607.47,
PR002867,2026-04-01,MANDI030,Kurukshetra,Maize,1939.45,2303.0,2121.0,2090.0
PR005568,2026-05-25,MANDI025,Hisar,Narma,5808.28,,6399.3,6620.0
PR003442,2026-04-25,MANDI048,Ambala,Maize,1782.0,2078.77,1930.0,2090.0
PR001786,2026-06-05,MANDI010,Kurukshetra,Cotton,,6580.99,6306.0,6620.0
PR006067,2026-05-09,MANDI044,Moga,Mustard,5150.86,6268.41,5709.63,5650.0
PR011826,2026-01-23,MANDI011,Ferozepur,Makki,1832.26,2192.0,,2090.0
PR002177,2026-07-14,MANDI010,Ambala,Wheat,2074.0,2279.94,2176.77,2275.0
PR004017,2026-08-14,MANDI001,Ludhiana,Maize,,2010.94,1924.14,
PR010879,2026-01-14,MANDI039,Jalandhar,Maize,1888.0,2300.58,2094.07,2090.0
PR004040,2026-04-04,MANDI010,Ludhiana,Chawal,,2513.34,2284.77,2183.0
PR004902,2026-02-11,MANDI028,Fatehabad,Rice,,2130.0,2065.0,2183.0
PR006039,2026-09-03,MANDI045,Meerut,Wheat,2174.45,2358.25,2266.35,2275.0
PR003801,2026-05-18,,Amritsar,Sugarcane,3194.43,3932.0,3563.39,3500.0
PR011629,2026-05-12,MANDI042,Patiala,Rice,1948.68,2118.47,2033.57,
PR001492,2026-08-08,MANDI045,Meerut,Sugarcane,3296.03,3807.11,3551.57,3500.0
PR007279,2026-02-02,,Fatehabad,Narma,6048.12,6486.0,6267.0,6620.0
PR003120,2026-03-08,MANDI050,Karnal,Rice,1922.07,2238.0,2079.88,2183.0
PR006140,2026-05-12,MANDI011,Hisar,Mustard,5931.49,7048.46,6489.98,5650.0
PR004298,2026-05-10,MANDI025,Karnal,Sugarcane,3344.63,3690.06,3517.0,
PR005027,2026-08-24,MANDI010,Kurukshetra,Maize,2131.0,2536.49,2334.0,2090.0
PR007572,2026-01-30,MANDI028,Amritsar,Cotton,6785.28,7851.09,7318.18,6620.0
PR006149,2026-06-29,MANDI008,Kurukshetra,Rice,1979.0,2170.0,,2183.0
PR000525,2026-03-21,,Sirsa,Wheat,,2249.67,2114.0,2275.0
PR002225,2026-07-29,MANDI028,Ludhiana,Sarso,5419.0,5789.0,5603.74,
PR005097,2026-06-25,MANDI033,Moga,Wheat,2298.0,2491.0,2394.79,2275.0
PR000216,2026-05-07,MANDI032,,Maize,1801.11,2063.72,1932.0,
PR000326,2026-03-27,MANDI042,Fatehabad,Sugarcane,3651.0,4056.37,3853.57,3500.0
PR000678,2026-04-03,MANDI033,Ferozepur,Rice,2233.49,,2311.57,2183.0
PR002338,2026-09-01,MANDI037,Karnal,Makki,2051.11,2350.0,2200.79,2090.0
PR011021,2026-06-13,MANDI056,Kurukshetra,Cotton,6947.02,7850.0,7399.0,6620.0
PR011529,2026-03-15,MANDI021,Ludhiana,Maize,1867.0,2295.64,2081.0,2090.0
PR005573,2026-05-04,MANDI028,Ambala,Sugarcane,3560.32,4034.97,3798.0,3500.0
PR002236,2026-04-08,MANDI052,Saharanpur,Wheat,2016.5,2490.54,2253.52,2275.0
PR003745,2026-08-26,MANDI047,Patiala,Sugarcane,3396.04,3788.5,3592.0,3500.0
PR001162,2026-01-19,MANDI020,Ferozepur,Wheat,1985.54,2441.8,2213.67,2275.0
PR004882,2026-06-07,MANDI013,Jalandhar,Sugarcane,3257.73,,3613.12,3500.0
PR003271,2026-02-21,MANDI010,Jalandhar,Sugarcane,3145.83,3333.0,3239.0,
PR008437,2026-06-01,MANDI004,Ludhiana,Wheat,,2366.0,2249.45,2275.0
PR011119,2026-01-09,MANDI048,Ambala,Sarso,5378.64,6036.96,5707.8,5650.0
PR010089,2026-08-31,MANDI034,Hisar,Sugarcane,3263.99,3686.81,3475.4,
PR009407,2026-10-03,MANDI040,Amritsar,Rice,2002.0,2328.64,2165.55,2183.0
PR002859,2026-06-04,MANDI048,Ferozepur,Ganne,3296.71,3847.94,3572.32,3500.0
PR002169,2026-01-05,MANDI038,Amritsar,Cotton,5988.0,6733.0,6360.45,
PR008964,2026-08-03,MANDI008,Kurukshetra,Rice,1926.86,2139.25,2033.06,2183.0
PR008914,2026-08-14,MANDI033,Bathinda,Sarso,5352.0,6164.0,5758.33,5650.0
PR011759,2026-04-09,MANDI045,Ambala,Wheat,2140.0,2599.0,2369.64,2275.0
PR005209,2026-05-04,MANDI043,Bathinda,Sugarcane,3214.0,,3562.42,3500.0
PR010129,2026-08-15,MANDI030,Hisar,Maize,1842.73,2264.0,2053.0,2090.0
PR011258,2026-05-05,MANDI017,,Maize,2181.39,2459.0,2320.28,2090.0
PR001084,2026-01-07,MANDI036,Kurukshetra,Sugarcane,3390.44,3620.71,3506.0,3500.0
PR003529,2026-01-15,MANDI025,Ambala,Cotton,6107.68,7011.6,6559.64,6620.0
PR000676,2026-02-22,,,Wheat,2226.0,2481.62,2354.03,
PR009799,2026-05-09,MANDI055,Amritsar,Makki,2100.49,2521.59,2311.04,2090.0
PR005392,2026-03-12,MANDI057,Ferozepur,Maize,2136.99,2388.47,2263.0,2090.0
PR008721,2026-05-22,MANDI046,Jalandhar,Chawal,2004.45,2277.0,2140.63,2183.0
PR000327,2026-08-11,MANDI052,Hisar,Sugarcane,3122.38,3780.12,3451.25,3500.0
PR001480,2026-08-19,MANDI052,Sirsa,Maize,,2072.0,1985.15,2090.0
PR000415,2026-08-13,MANDI024,Karnal,Rice,2106.13,2226.0,2166.22,2183.0
PR002623,2026-01-31,MANDI014,Fatehabad,Mustard,5209.51,6132.29,5670.9,5650.0
PR008230,2026-08-12,MANDI021,Bathinda,Sugarcane,3604.66,4374.23,3989.44,3500.0
PR006297,2026-02-08,MANDI004,Ferozepur,Rice,1979.84,2239.0,2109.45,2183.0
PR000560,2026-05-02,,Ferozepur,Sugarcane,3381.14,3998.38,3689.76,3500.0
PR000539,2026-03-03,MANDI045,Moga,Wheat,2120.97,2282.6,2201.78,2275.0
PR007033,2026-06-11,MANDI029,Ferozepur,Makki,2124.33,2428.41,2276.37,2090.0
PR005806,2026-06-09,,,Sugarcane,,4060.22,3829.04,3500.0
PR001623,2026-02-21,MANDI037,Kurukshetra,Narma,6306.15,7526.0,6916.0,6620.0
PR007163,2026-01-04,,Bathinda,Sugarcane,3583.25,4467.0,4024.89,3500.0
PR010714,2026-03-30,MANDI024,Bathinda,Wheat,2334.68,2729.93,2532.31,2275.0
PR010549,2026-03-02,MANDI018,Ferozepur,Ganne,2993.84,3647.0,,3500.0
PR000612,2026-04-09,MANDI034,Ludhiana,Mustard,5837.3,6915.12,6376.21,5650.0
PR009963,2026-06-22,MANDI015,Ambala,Wheat,2059.04,2535.85,2297.44,2275.0
PR008047,2026-08-28,MANDI021,Ferozepur,Maize,2043.86,2372.78,2208.32,2090.0
PR010119,2026-07-20,MANDI041,Fatehabad,Mustard,5402.0,5826.14,5614.18,5650.0
PR005320,2026-01-23,MANDI047,Ambala,Cotton,6089.44,6702.39,6395.91,
PR004614,2026-03-25,MANDI007,Amritsar,Cotton,6064.38,6950.9,6507.64,
PR000367,2026-08-10,MANDI040,Bathinda,Wheat,1936.0,2216.0,2076.0,
PR007844,2026-06-04,MANDI015,Patiala,Sugarcane,3355.43,3743.14,3549.28,3500.0
PR004472,2026-08-26,MANDI018,Sirsa,Mustard,5887.0,6608.19,,5650.0
PR002846,2026-05-18,MANDI024,Bathinda,Ganne,3333.0,4032.0,3682.47,3500.0
PR009818,2026-06-07,,Patiala,Makki,1896.0,2221.0,2058.68,2090.0
PR003688,2026-06-27,MANDI014,Amritsar,Rice,2083.14,2528.0,2305.57,
PR004662,2026-08-08,MANDI034,Amritsar,Sugarcane,3039.19,,3296.0,3500.0
PR002824,2026-09-05,,Sirsa,Maize,2083.89,2539.0,2311.6,2090.0
PR006824,2026-01-28,MANDI008,Amritsar,चावल,2175.34,2330.16,2252.75,
PR002364,2026-08-04,MANDI055,Karnal,Sarso,5363.0,6281.0,5821.83,5650.0
PR007076,2026-07-26,,Moga,Mustard,5653.0,6142.89,5897.89,5650.0
PR006616,2026-05-08,MANDI018,Amritsar,Sugarcane,3183.87,3931.53,,
PR000245,2026-08-18,MANDI031,Bathinda,Makki,2066.83,2269.0,2168.16,2090.0
PR010403,2026-05-23,MANDI032,Ludhiana,Wheat,2040.0,2440.41,2240.0,
PR010904,2026-01-14,MANDI038,Fatehabad,Sugarcane,3586.48,4392.0,3989.43,
PR009118,2026-03-21,MANDI033,Kurukshetra,Rice,2246.0,2761.02,2503.0,2183.0
PR004887,2026-06-12,MANDI013,Amritsar,Mustard,5353.32,,5770.0,5650.0
PR011337,2026-04-24,MANDI007,Moga,Sugarcane,3296.6,4091.0,3694.0,3500.0
PR007096,2026-06-10,MANDI044,Ambala,Sugarcane,3355.72,3624.0,3489.94,3500.0
PR004585,2026-02-14,MANDI047,Fatehabad,Cotton,5715.14,,5916.52,
PR011556,2026-04-25,MANDI031,Bathinda,Rice,2040.23,2209.0,2124.86,2183.0
PR002040,2026-05-23,MANDI011,Ludhiana,Maize,2109.47,2582.96,2346.22,2090.0
PR005639,2026-06-12,MANDI040,Ludhiana,Maize,1960.59,2062.0,2011.32,2090.0
PR007119,2026-04-17,MANDI053,Sirsa,Sugarcane,3524.01,3823.0,3674.0,3500.0
PR010247,2026-08-03,MANDI004,Ludhiana,Narma,,7925.0,7306.8,6620.0
PR004656,2026-09-02,MANDI048,Jalandhar,Ganne,3272.0,4068.2,3670.04,3500.0
PR010966,2026-03-09,MANDI031,Bathinda,Sugarcane,3271.48,3460.57,3366.02,3500.0
PR002065,2026-06-07,MANDI017,Ludhiana,Rice,,2013.68,1947.0,
PR011532,2026-06-09,MANDI036,Kurukshetra,Narma,6473.07,7232.41,,
PR006008,2026-09-03,MANDI016,Bathinda,Cotton,6746.0,8132.4,7439.0,
PR007719,2026-02-10,MANDI015,Ambala,Maize,2149.81,2349.78,2250.0,2090.0
PR009734,2026-04-20,MANDI006,Patiala,Wheat,,,,2275.0
PR009201,2026-02-24,MANDI027,Kurukshetra,Wheat,1975.0,2256.0,,2275.0
PR011380,2026-01-22,MANDI029,Sirsa,Narma,6210.0,7161.99,6686.0,6620.0
PR009128,2026-06-29,MANDI057,Bareilly,Mustard,5729.0,6821.01,6275.2,5650.0
PR011434,2026-09-02,MANDI054,Fatehabad,Chawal,1920.79,2359.11,2139.95,2183.0
PR002538,2026-03-19,MANDI043,Ferozepur,Cotton,6160.71,7023.17,6591.94,6620.0
PR010920,2026-08-14,MANDI053,Amritsar,Mustard,,6546.59,6004.15,5650.0
PR000205,2026-02-18,MANDI042,Amritsar,चावल,2285.55,2468.07,2376.81,2183.0
PR010397,2026-08-23,MANDI034,Ferozepur,Mustard,5120.69,5748.11,5434.4,5650.0
PR003026,2026-07-01,MANDI027,Jalandhar,Mustard,5089.19,6245.53,5667.36,5650.0
PR004092,2026-09-09,,Ludhiana,Cotton,5916.24,6691.0,6304.0,6620.0
PR007327,2026-05-07,MANDI056,Bareilly,Sugarcane,3076.9,3629.77,3353.34,
PR011360,2026-07-14,MANDI010,Jalandhar,Wheat,1949.5,2219.88,2085.0,
PR009980,2026-06-01,MANDI017,Hisar,Cotton,5814.08,6746.46,6280.0,6620.0
PR009708,2026-05-01,MANDI010,Moga,Rice,2086.4,,2167.41,2183.0
PR008094,2026-04-26,MANDI055,Ferozepur,Chawal,2199.0,2738.72,2468.97,2183.0
PR005926,2026-04-16,MANDI037,Kurukshetra,Wheat,2165.0,2641.17,2402.89,2275.0
PR004637,2026-05-17,MANDI041,Karnal,Makki,2073.2,2458.23,2265.72,2090.0
PR010662,2026-04-01,MANDI056,Ludhiana,Maize,1989.0,2156.68,2072.66,
PR001194,2026-05-16,MANDI006,Ludhiana,Wheat,2181.0,2517.48,2349.29,2275.0
PR001189,2026-08-06,MANDI040,Sirsa,Sugarcane,3082.42,3728.2,3405.31,3500.0
PR003173,2026-03-19,MANDI054,Ludhiana,Cotton,5659.0,7057.53,,6620.0
PR005907,2026-01-24,MANDI038,Kurukshetra,Wheat,1939.0,2171.74,2056.0,2275.0
PR003592,2026-01-13,MANDI050,Amritsar,Rice,1961.0,2068.0,2015.0,2183.0
PR000993,2026-02-06,,Moga,Wheat,2173.97,2449.53,2311.75,2275.0
PR002074,2026-04-10,MANDI035,Bathinda,Cotton,5774.73,6117.38,5946.0,6620.0
PR010476,2026-08-29,MANDI051,Saharanpur,Sugarcane,3178.01,3563.69,3370.85,3500.0
PR011193,2026-01-10,MANDI044,Ambala,Maize,2045.75,2264.27,2155.01,2090.0
PR008438,2026-01-05,MANDI003,Ludhiana,Mustard,4882.12,5570.0,5225.99,5650.0
PR011986,2026-06-11,MANDI029,Ludhiana,Maize,1969.29,2452.0,2210.44,
PR006254,2026-04-06,MANDI033,Jalandhar,Mustard,5801.74,6299.57,6051.0,5650.0
PR006698,2026-06-13,MANDI005,Bathinda,Mustard,4841.46,5084.43,4963.0,5650.0
PR003621,2026-03-30,MANDI041,Ferozepur,Wheat,2036.79,2188.56,2112.68,
PR005714,2026-02-23,MANDI046,Fatehabad,Wheat,2152.0,2288.0,2219.75,2275.0
PR009493,2026-07-17,MANDI021,Jalandhar,Mustard,5047.86,5305.0,5176.46,5650.0
PR010798,2026-08-29,MANDI004,Hisar,Mustard,5144.0,6154.63,5649.0,5650.0
PR005264,2026-06-29,MANDI044,Ambala,Cotton,6189.0,7578.31,6883.72,6620.0
PR003260,2026-04-27,MANDI057,Patiala,Mustard,5664.0,6617.18,6140.77,
PR010742,2026-02-27,MANDI055,Ferozepur,Maize,1860.93,2063.0,1961.81,2090.0
PR000101,2026-04-23,,Sirsa,Wheat,1998.0,2289.85,2144.0,2275.0
PR008817,2026-06-02,MANDI042,Patiala,Mustard,5781.86,6693.0,6237.0,5650.0
PR005703,2026-03-11,MANDI014,Ferozepur,Mustard,4859.0,5263.32,5060.92,
PR011432,2026-01-29,MANDI050,Karnal,Sugarcane,3572.0,3831.2,3701.43,3500.0
PR003306,2026-03-22,MANDI040,Ferozepur,Cotton,6326.8,7076.31,6701.56,
PR009933,2026-09-06,MANDI019,Karnal,Sugarcane,3635.51,4484.0,4059.74,3500.0
PR003845,2026-06-15,,Ferozepur,Maize,1990.0,2277.65,2134.07,2090.0
PR004138,2026-02-23,MANDI044,Agra,Makki,1780.0,1910.06,1845.03,2090.0
PR003154,2026-03-24,MANDI016,Kurukshetra,Maize,1986.51,2317.16,2151.83,
PR005002,2026-06-15,MANDI031,Sirsa,Wheat,2074.63,2444.0,2259.0,
PR009823,2026-06-08,MANDI053,Moga,Sugarcane,3134.79,3543.86,3339.0,3500.0
PR007461,2026-06-09,MANDI023,Karnal,Sugarcane,3213.94,3833.0,3524.0,3500.0
PR008819,2026-04-24,MANDI035,Ambala,Mustard,5808.0,6493.57,6150.96,5650.0
PR011467,2026-08-21,MANDI041,Moga,Sugarcane,3346.99,3580.0,3463.0,3500.0
PR006738,2026-02-23,MANDI032,Hisar,Cotton,5952.35,6263.7,6108.0,6620.0
PR007780,2026-04-22,MANDI032,Hisar,Cotton,6384.8,7199.69,6792.24,6620.0
PR000929,2026-02-16,MANDI032,Ludhiana,Sarso,5125.08,5920.0,5522.69,5650.0
PR005193,2026-02-22,MANDI042,Fatehabad,Chawal,1929.39,2204.0,2067.0,2183.0
PR005511,2026-06-10,,Jalandhar,Rice,2081.0,2187.15,2134.15,2183.0
PR009554,2026-05-28,MANDI010,Jalandhar,Rice,1884.0,2231.97,2058.0,2183.0
PR002369,2026-08-16,MANDI016,Sirsa,Cotton,6825.0,7932.0,7379.0,6620.0
PR009594,2026-08-04,MANDI020,Kurukshetra,Sugarcane,3210.74,3975.0,3593.0,3500.0
PR008334,2026-02-22,MANDI013,Ludhiana,Sarso,5569.13,5957.29,5763.21,5650.0
PR001926,2026-08-13,MANDI023,Karnal,Sugarcane,3615.58,3915.0,3765.31,3500.0
PR006793,2026-02-09,MANDI003,Ferozepur,Mustard,,5596.52,5360.37,
PR010710,2026-06-15,MANDI035,Karnal,चावल,1939.0,2291.0,2115.0,2183.0
PR011172,2026-05-03,MANDI015,Ambala,Rice,2128.42,2494.21,2311.0,2183.0
PR000023,2026-05-21,MANDI029,Moga,Narma,6893.25,7877.07,7385.16,6620.0
PR002992,2026-03-02,MANDI052,Patiala,Wheat,1949.77,,2172.83,2275.0
PR000107,2026-07-25,MANDI052,Saharanpur,Sarso,5919.17,6395.78,6157.47,5650.0
PR011894,2026-02-01,MANDI057,Ferozepur,Mustard,5269.3,6187.0,5727.96,5650.0
PR006803,2026-01-16,MANDI006,Amritsar,Cotton,6914.76,7844.34,7380.0,
PR007099,2026-03-09,MANDI043,Fatehabad,Cotton,6401.0,7488.41,6944.94,6620.0
PR010021,2026-07-30,MANDI046,Sirsa,Mustard,4861.77,6010.63,5436.2,5650.0
PR002487,2026-08-05,MANDI013,Moga,Maize,1821.65,2016.9,1919.0,2090.0
PR008839,2026-02-19,MANDI010,Amritsar,Makki,2063.0,2538.54,2300.53,2090.0
PR001431,2026-08-08,MANDI052,Ambala,Ganne,3110.49,3306.0,3208.33,3500.0
PR011817,2026-03-27,MANDI031,Moga,Narma,5974.99,7291.0,6632.84,6620.0
PR004419,2026-08-01,MANDI015,Fatehabad,Mustard,5537.82,6007.1,5772.46,
PR008051,2026-03-01,MANDI037,Fatehabad,Maize,1792.02,2075.89,1933.96,2090.0
PR005149,2026-01-31,MANDI022,Jalandhar,Makki,2005.37,2214.06,2109.72,2090.0
PR000051,2026-05-29,MANDI017,Jalandhar,Mustard,5653.0,,5913.06,5650.0
PR009261,2026-05-14,MANDI054,Bathinda,Sugarcane,,3318.79,3231.87,3500.0
PR003982,2026-07-25,MANDI052,Karnal,Mustard,5394.88,5716.55,5555.71,5650.0
PR006575,2026-05-06,MANDI026,Hisar,Wheat,2179.0,2550.16,2364.48,2275.0
PR005652,2026-06-04,MANDI027,Hisar,Wheat,2148.36,2575.71,2362.03,2275.0
PR009007,2026-05-19,MANDI045,Ludhiana,Chawal,2044.0,2395.0,2219.0,2183.0
PR008190,2026-03-30,MANDI014,Ferozepur,Maize,2149.0,2459.04,2304.14,
PR007497,2026-07-12,MANDI011,Fatehabad,Sarso,5130.48,5907.81,5519.15,5650.0
PR000053,2026-07-24,MANDI040,Bathinda,Sugarcane,3342.73,3861.0,3601.81,3500.0
PR005200,2026-07-21,MANDI029,Ferozepur,Mustard,5005.15,5260.15,5132.65,5650.0
PR004885,2026-02-15,MANDI043,Bathinda,Sugarcane,3371.45,4105.0,3738.33,3500.0
PR002372,2026-02-15,MANDI014,Patiala,Rice,2216.85,2583.0,2399.92,2183.0
PR004652,2026-09-02,MANDI026,Bathinda,Wheat,2362.45,2829.47,2596.0,2275.0
PR000819,2026-08-22,,Amritsar,Wheat,,2577.89,2375.24,2275.0
PR005313,2026-11-08,MANDI033,Ambala,Mustard,4944.0,5255.39,5099.6,5650.0
PR008048,2026-04-06,MANDI013,Fatehabad,Ganne,3313.0,4054.0,3683.54,3500.0
PR005914,2026-06-25,MANDI056,Hisar,Cotton,,6904.23,6595.0,6620.0
PR003000,2026-04-07,MANDI020,Sirsa,Chawal,2079.76,2214.0,2147.03,2183.0
PR004307,2026-02-02,MANDI015,Karnal,Wheat,2175.13,2440.22,2307.67,2275.0
PR009807,2026-08-19,MANDI056,Moga,Rice,2093.32,,2308.62,2183.0
PR001793,2026-05-04,MANDI009,Hisar,Maize,2189.78,2661.08,2425.43,2090.0
PR008443,2026-07-04,MANDI013,Patiala,Cotton,6766.0,7368.36,7067.0,6620.0
PR005448,2026-05-27,MANDI037,Kurukshetra,Wheat,2143.0,2448.33,2295.5,2275.0
PR001035,2026-08-22,MANDI048,Muzaffarnagar,Wheat,2289.63,2566.64,2428.13,
PR005539,2026-02-20,MANDI005,Jalandhar,Mustard,5007.0,5845.58,5426.0,5650.0
PR009309,2026-07-27,MANDI007,Ludhiana,Narma,6022.1,6403.0,6212.0,
PR011407,2026-01-07,,Ambala,Maize,1999.77,2286.14,2142.96,2090.0
PR000425,2026-05-02,MANDI023,Karnal,Rice,2190.0,2608.76,2399.47,2183.0
PR010152,2026-08-02,MANDI004,Kurukshetra,Maize,1951.6,2084.0,2017.9,2090.0
PR002353,2026-08-29,MANDI029,Patiala,Sugarcane,2979.0,3523.0,3250.93,
PR007968,2026-08-16,,Bathinda,Sugarcane,3167.03,3892.0,3529.43,3500.0
PR000467,2026-06-17,MANDI048,Bathinda,Maize,2050.78,2448.0,2249.3,
PR011601,2026-08-18,MANDI027,Patiala,Maize,2156.16,2388.34,2272.25,2090.0
PR000618,2026-06-28,MANDI018,Ambala,Sugarcane,,3484.0,3366.0,3500.0
PR010388,2026-06-25,MANDI033,Patiala,Maize,2033.39,2477.83,2255.61,2090.0
PR003412,2026-06-24,,Karnal,Cotton,,8039.59,7245.68,6620.0
PR011763,2026-02-07,MANDI051,Fatehabad,Rice,2165.0,2390.49,2277.72,2183.0
PR007896,2026-07-23,MANDI056,Fatehabad,Rice,1880.12,2241.0,2061.0,2183.0
PR006028,2026-06-14,MANDI014,Ambala,Maize,2043.0,2237.8,2140.48,2090.0
PR004077,2026-04-23,,Patiala,Mustard,5175.43,6212.28,5693.86,5650.0
PR007593,2026-04-30,MANDI016,Ambala,Cotton,6145.1,7641.84,6893.47,6620.0
PR005029,2026-06-27,MANDI013,Kurukshetra,Wheat,2204.97,2362.45,2283.71,2275.0
PR004070,2026-02-09,MANDI017,Bathinda,Wheat,,2259.89,2117.9,2275.0
PR011057,2026-06-02,MANDI037,Jalandhar,Chawal,2145.0,2675.59,,2183.0
PR001456,2026-01-16,MANDI041,Sirsa,Maize,2117.86,2414.33,2266.1,2090.0
PR009315,2026-01-28,,Patiala,Rice,1871.18,2001.38,1936.28,
PR003890,2026-06-09,MANDI017,Sirsa,Rice,2054.19,2372.0,2213.19,2183.0
PR007564,2026-05-31,MANDI008,Fatehabad,Chawal,2276.66,2697.77,2487.21,2183.0
PR007500,2026-07-22,MANDI045,Ferozepur,Sugarcane,3228.46,3872.43,3550.0,3500.0
PR011369,2026-04-27,MANDI011,Sirsa,Wheat,2150.97,2423.62,2287.3,2275.0
PR007361,2026-03-10,MANDI006,Ferozepur,Maize,2060.0,2537.42,2298.85,2090.0
PR001634,2026-06-13,MANDI029,Amritsar,Mustard,5675.62,6736.0,6206.02,5650.0
PR000492,2026-05-04,MANDI030,Kurukshetra,Cotton,6701.35,8093.09,7397.22,6620.0
PR008883,2026-01-01,MANDI044,Ludhiana,Maize,1996.47,2287.58,2142.02,2090.0
PR004594,2026-03-08,MANDI032,Amritsar,Narma,5861.08,6902.0,,6620.0
PR001863,2026-10-01,MANDI034,Bathinda,Mustard,,6079.03,5707.42,5650.0
PR011081,2026-05-06,MANDI009,Sirsa,Rice,2165.79,2308.17,2237.0,
PR005115,2026-01-10,,Ludhiana,Maize,1877.44,1984.52,1931.0,2090.0
PR007036,2026-07-18,MANDI022,Kurukshetra,Cotton,6826.0,7627.28,7226.43,6620.0
PR010094,2026-04-06,MANDI052,Moga,Rice,2124.0,2402.91,2263.34,2183.0
PR001369,2026-03-27,MANDI026,Jalandhar,Narma,6589.0,,7327.09,6620.0
PR005072,2026-01-19,MANDI025,Ludhiana,Rice,2140.76,2425.0,2282.82,2183.0
PR010471,2026-11-08,MANDI039,Kurukshetra,Cotton,5949.66,7194.0,6571.92,6620.0
PR005441,2026-07-27,MANDI029,Sirsa,Sarso,5931.0,6867.0,6398.98,5650.0
PR007507,2026-01-30,MANDI022,Hisar,Sugarcane,3250.79,3613.37,3432.0,3500.0
PR011595,2026-02-25,MANDI057,Bathinda,Wheat,2320.03,2670.0,2494.86,2275.0
PR010376,2026-01-10,MANDI002,Ambala,Wheat,1959.0,2148.58,,2275.0
PR010766,2026-08-22,MANDI018,Sirsa,Sugarcane,3368.69,4183.0,3776.0,3500.0
PR001295,2026-07-15,MANDI017,Bathinda,Maize,1901.18,2261.29,2081.23,
PR002007,2026-06-25,MANDI036,Hisar,Ganne,3180.13,3726.49,3453.0,3500.0
PR007542,2026-05-07,MANDI052,Karnal,Narma,6468.07,7659.82,7063.95,6620.0
PR006053,2026-07-01,MANDI001,Karnal,Cotton,6711.31,7473.0,7092.0,6620.0
PR002892,2026-03-31,MANDI015,Bathinda,Ganne,3358.5,3853.34,3605.92,3500.0
PR006926,2026-06-19,MANDI016,Karnal,Maize,1864.67,2017.87,1941.0,2090.0
PR002878,2026-07-04,MANDI038,Bathinda,Cotton,5996.0,7003.1,6499.46,6620.0
PR008773,2026-10-03,,Kurukshetra,Mustard,4900.0,5678.0,5289.0,5650.0
PR008663,2026-01-06,MANDI011,Amritsar,Wheat,2139.0,2441.41,2290.0,2275.0
PR010540,2026-07-06,MANDI025,Sirsa,Wheat,2352.9,2536.0,2445.0,2275.0
PR011863,2026-01-08,MANDI007,Ludhiana,Rice,2100.83,2494.95,2297.89,2183.0
PR007924,2026-06-30,MANDI017,Patiala,Makki,1912.0,2328.78,2120.55,
PR007165,2026-07-17,MANDI032,Kurukshetra,Rice,1934.18,2103.22,2018.7,2183.0
PR006409,2026-04-04,MANDI002,Ludhiana,Rice,2003.87,2270.98,2137.42,2183.0
PR007899,2026-02-11,MANDI030,Bathinda,Rice,1902.28,2332.98,2118.0,
PR000182,2026-08-12,MANDI042,Amritsar,Ganne,3325.92,3666.0,3496.0,3500.0
PR004499,2026-05-22,MANDI056,Bareilly,Ganne,3613.39,4395.5,4004.44,3500.0
PR002864,2026-03-13,MANDI046,Kurukshetra,Cotton,5765.86,6454.79,6110.32,6620.0
PR003487,2026-02-05,MANDI057,Amritsar,Sugarcane,3340.19,4066.06,,3500.0
PR004693,2026-03-18,MANDI044,Bathinda,Rice,2164.26,2534.0,2349.02,
PR005082,2026-08-07,,Amritsar,Maize,1898.5,2049.38,1974.0,2090.0
PR005785,2026-08-17,MANDI051,Karnal,Rice,2187.0,2453.29,2319.94,2183.0
PR005711,2026-06-24,MANDI040,Patiala,Maize,2170.67,2588.25,2379.46,
PR005578,2026-06-20,MANDI036,Kurukshetra,Mustard,5354.0,6069.0,5711.69,5650.0
PR005715,2026-02-17,MANDI040,Patiala,Maize,2083.0,2590.92,2337.0,
PR002975,2026-01-28,MANDI030,Hisar,Sugarcane,3149.7,3934.19,3542.0,
PR010756,2026-06-26,MANDI036,Jalandhar,Chawal,2128.97,,2314.11,
PR006188,2026-06-18,MANDI024,Karnal,Cotton,6651.22,7300.0,6975.84,6620.0
PR010846,2026-05-14,MANDI018,Moga,Maize,1968.87,2425.0,2196.72,
PR011468,2026-06-13,MANDI031,Ambala,Mustard,5458.41,6818.87,6138.64,5650.0
PR009745,2026-05-28,MANDI013,Hisar,Maize,2071.92,2566.0,2319.0,2090.0
PR006772,2026-02-20,MANDI010,Jalandhar,Rice,2166.27,2434.93,2300.6,2183.0
PR003460,2026-07-02,MANDI011,Patiala,Wheat,2378.92,2970.17,2675.0,2275.0
PR003960,2026-04-14,MANDI009,Jalandhar,Narma,6241.0,7425.37,6833.0,
PR008125,2026-08-01,MANDI010,Bathinda,Rice,2258.56,2531.69,2395.0,2183.0
PR006004,2026-01-15,MANDI050,Ludhiana,Makki,2185.27,2628.15,2407.0,2090.0
PR009326,2026-07-27,,Kurukshetra,Cotton,6273.36,7568.59,6920.97,6620.0
PR009752,2026-02-26,MANDI049,Muzaffarnagar,Mustard,5071.39,5617.99,5345.0,5650.0
PR003709,2026-12-06,MANDI005,Bathinda,Maize,1979.0,2134.49,2056.87,2090.0
PR006773,2026-05-31,MANDI010,Moga,Chawal,1988.58,2429.0,2209.0,2183.0
PR004372,2026-09-04,MANDI046,Moga,Cotton,6811.46,7650.34,7230.9,6620.0
PR004364,2026-02-12,MANDI029,Hisar,Rice,2262.89,2664.8,2463.85,2183.0
PR001293,2026-03-26,MANDI022,Moga,Sugarcane,3226.0,3755.0,3490.01,3500.0
PR001713,2026-02-06,MANDI056,Ferozepur,Mustard,5162.0,,5668.0,5650.0
PR003221,2026-07-12,MANDI025,Amritsar,Sugarcane,3122.49,,3445.09,3500.0
PR002477,2026-07-16,MANDI007,Patiala,Wheat,2111.61,2612.0,2361.94,2275.0
PR006987,2026-02-23,MANDI027,Hisar,Narma,5837.99,6651.66,6244.83,
PR005014,2026-02-07,MANDI017,Ambala,Wheat,2161.0,2321.42,2241.0,2275.0
PR009895,2026-05-04,MANDI025,Kurukshetra,Rice,2228.25,2767.63,2498.0,2183.0
PR004910,2026-07-08,MANDI029,Jalandhar,Mustard,5358.0,6292.0,5824.86,5650.0
PR000644,2026-07-16,MANDI008,Hisar,चावल,2021.0,2230.0,2125.45,2183.0
PR003958,2026-03-28,MANDI030,Ferozepur,Wheat,2255.04,2526.57,2391.0,2275.0
PR008902,2026-05-21,MANDI026,Ludhiana,Rice,2026.89,2337.0,2181.87,2183.0
PR011525,2026-02-28,MANDI039,,Mustard,5037.0,5674.25,5355.75,5650.0
PR001004,2026-05-01,,Patiala,Sugarcane,3662.0,4409.14,4035.0,3500.0
PR000254,2026-07-24,MANDI026,Hisar,Maize,2154.45,2315.0,,2090.0
PR006918,2026-05-23,MANDI034,Patiala,Wheat,,2227.32,2146.0,2275.0
PR011189,2026-04-08,MANDI055,Ambala,Narma,5915.88,6549.74,6232.81,6620.0
PR001179,2026-12-08,MANDI038,Amritsar,Narma,6739.0,7764.71,7251.86,
PR011463,2026-02-10,MANDI029,Ludhiana,Rice,1924.47,2240.3,2082.39,2183.0
PR000588,2026-02-16,MANDI018,Ferozepur,Chawal,1858.0,2238.0,2048.0,
PR003044,2026-01-26,,Ludhiana,Rice,1883.0,2010.7,1947.0,2183.0
PR006589,2026-04-27,MANDI056,Amritsar,Wheat,2321.56,2752.36,2537.0,2275.0
PR010472,2026-03-29,MANDI018,Fatehabad,Ganne,3573.29,3807.97,3690.63,3500.0
PR000872,2026-03-04,MANDI015,Patiala,Rice,1870.15,1998.24,1934.19,2183.0
PR001512,2026-02-18,MANDI052,Ludhiana,Sugarcane,3091.0,3665.5,3378.22,3500.0
PR006431,2026-04-18,MANDI002,Fatehabad,Wheat,2317.91,2876.0,2596.88,2275.0
PR011458,2026-08-22,MANDI015,Kurukshetra,Rice,2087.14,2201.0,2144.11,2183.0
PR008498,2026-06-19,MANDI044,Patiala,Mustard,5846.97,6774.45,,5650.0
PR006818,2026-01-01,MANDI012,Amritsar,Maize,2079.0,2556.57,2317.85,2090.0
PR007818,2026-06-23,MANDI004,Jalandhar,Sugarcane,3004.82,3597.0,3300.71,3500.0
PR011847,2026-04-07,MANDI044,Ludhiana,Wheat,2005.11,2174.0,,2275.0
PR002616,2026-08-08,MANDI010,Karnal,Maize,1890.09,2273.0,2081.77,2090.0
PR010641,2026-07-25,MANDI050,Amritsar,Mustard,5124.0,5407.0,,
PR006225,2026-04-19,,Ambala,Cotton,6422.0,6926.0,6673.93,6620.0
PR002009,2026-05-20,MANDI041,Fatehabad,Narma,6938.76,7526.84,,6620.0
PR007851,2026-08-31,MANDI023,Karnal,Chawal,2022.52,2375.0,2198.93,2183.0
PR002182,2026-07-09,MANDI001,Fatehabad,Maize,2189.15,2453.87,2322.0,2090.0
PR007241,2026-02-12,MANDI047,Moga,Maize,1782.62,1872.2,1827.41,2090.0
PR006441,2026-04-29,MANDI020,Kurukshetra,Chawal,1883.28,2309.0,2096.0,2183.0
PR004120,2026-08-21,MANDI036,Fatehabad,Makki,2028.43,2177.29,2103.0,
PR004969,2026-01-22,MANDI004,Ludhiana,Wheat,2181.2,2387.05,2284.0,2275.0
PR002436,2026-07-22,MANDI003,Bathinda,Cotton,6553.57,8093.0,7323.05,6620.0
PR008704,2026-01-03,MANDI049,Bathinda,Rice,2225.74,2390.3,2308.0,2183.0
PR006571,2026-06-05,MANDI025,Ferozepur,Sugarcane,3137.0,3364.13,3250.37,3500.0
PR005012,2026-03-14,,,Cotton,6645.0,7668.0,7156.89,6620.0
PR007856,2026-04-06,MANDI007,Patiala,Wheat,2208.96,2421.06,2315.0,
PR009659,2026-03-30,MANDI039,Jalandhar,Rice,1918.0,2243.26,,
PR009800,2026-08-08,MANDI056,Kurukshetra,Ganne,3456.0,3982.1,3719.0,3500.0
PR011752,2026-02-25,MANDI050,Patiala,Maize,2090.0,2271.0,2180.3,2090.0
PR001684,2026-01-04,MANDI031,Fatehabad,Wheat,2187.08,2638.93,2413.0,2275.0
PR000406,2026-03-19,MANDI027,Patiala,Wheat,2146.0,2338.34,2242.0,
PR009071,2026-01-19,MANDI020,Bathinda,Maize,1909.37,2070.0,,
PR003876,2026-01-11,,Fatehabad,Rice,1936.0,2257.0,2096.06,2183.0
PR003685,2026-04-09,MANDI019,Ambala,Cotton,6434.44,6766.0,6600.06,6620.0
PR004114,2026-03-02,MANDI044,Fatehabad,Wheat,1977.0,2080.0,2028.84,
PR000170,2026-03-08,,Bathinda,Sugarcane,3478.14,4160.0,3819.2,
PR009826,2026-01-20,MANDI024,Bathinda,Rice,2161.0,,2328.0,2183.0
PR004726,2026-11-03,MANDI039,Ferozepur,Wheat,1967.0,2275.0,2121.0,2275.0
PR004028,2026-07-13,MANDI038,Sirsa,Wheat,2191.37,2574.0,2382.62,
PR009962,2026-01-02,MANDI035,Ludhiana,Sugarcane,3572.95,4096.59,3834.77,3500.0
PR001401,2026-07-31,MANDI037,Kurukshetra,Wheat,2036.26,2509.78,2273.0,2275.0
PR002782,2026-06-29,MANDI036,Kurukshetra,Sugarcane,3010.08,3440.0,3225.0,3500.0
PR006406,2026-04-06,MANDI016,Ferozepur,Wheat,2325.5,2569.0,2447.24,2275.0
PR010227,2026-08-04,MANDI024,Karnal,Wheat,2293.77,2542.35,2418.06,
PR005345,2026-08-31,MANDI044,Ferozepur,Maize,1830.94,2199.4,2015.17,2090.0
PR005793,2026-05-01,,Fatehabad,Wheat,2255.88,2586.65,2421.0,2275.0
PR004088,2026-05-19,MANDI044,Moga,Mustard,5897.91,6822.92,6360.42,5650.0
PR007113,2026-01-11,MANDI032,Ludhiana,Ganne,,4117.0,3853.0,3500.0
PR011304,2026-05-20,MANDI040,Ambala,Rice,2254.85,2486.13,2370.0,2183.0
PR001892,2026-07-29,MANDI047,Patiala,Mustard,5182.29,5765.0,5473.64,5650.0
PR007954,2026-01-28,MANDI030,Jalandhar,Sugarcane,3259.0,3585.1,3422.0,
PR000565,2026-02-23,MANDI028,Amritsar,Maize,2017.53,2370.12,2193.82,2090.0
PR009937,2026-04-04,MANDI049,Ludhiana,Mustard,5480.04,6539.0,,5650.0
PR007672,2026-01-20,MANDI009,Jalandhar,Mustard,,6301.11,5683.0,5650.0
PR010623,2026-02-27,MANDI030,Sirsa,Maize,1825.78,1941.0,1883.0,2090.0
PR004224,2026-05-20,,Hisar,Mustard,4923.0,5237.49,5080.24,5650.0
PR000078,2026-01-17,MANDI052,Moga,Mustard,5760.2,6105.98,,5650.0
PR003024,2026-04-16,MANDI015,Patiala,Wheat,2165.42,2569.57,2367.49,
PR003793,2026-03-27,MANDI016,Sirsa,Wheat,2149.02,2499.73,2324.37,2275.0
PR008486,2026-08-19,,Patiala,Mustard,5818.43,7075.0,6447.0,5650.0
PR008192,2026-06-21,MANDI017,,Wheat,2200.0,2468.49,2334.14,2275.0
PR007748,2026-07-28,MANDI030,Sirsa,Mustard,5454.0,6487.99,5971.06,5650.0
PR004765,2026-02-14,MANDI036,Sirsa,Rice,2118.75,2408.27,2264.0,2183.0
PR009747,2026-04-28,MANDI047,Amritsar,Rice,2071.0,2270.0,2170.0,2183.0
PR003932,2026-04-26,MANDI005,Kurukshetra,Ganne,3343.06,3812.3,3577.68,
PR005560,2026-01-27,MANDI020,Amritsar,Mustard,5443.47,6285.73,5864.6,5650.0
PR004394,2026-06-08,MANDI050,Ludhiana,Rice,,2213.89,2092.0,2183.0
PR010146,2026-08-16,MANDI042,Fatehabad,Maize,2030.07,2204.9,2117.0,2090.0
PR004746,2026-08-31,MANDI047,Amritsar,Sugarcane,3261.17,3576.4,3418.78,3500.0
PR011781,2026-01-24,,Bathinda,Wheat,1942.76,2070.97,,2275.0
PR003110,2026-08-31,MANDI036,Ambala,Mustard,5526.02,6724.95,6125.48,5650.0
PR011598,2026-08-31,MANDI010,Ferozepur,Rice,1939.0,,,2183.0
PR003694,2026-03-26,MANDI018,Ambala,Maize,1992.0,2291.49,2141.94,2090.0
PR009191,2026-07-26,MANDI007,Amritsar,Maize,2175.41,2654.0,2414.83,2090.0
PR004514,2026-08-23,MANDI017,Ludhiana,Maize,2178.62,2336.0,2257.0,2090.0
PR004679,2026-07-16,MANDI042,Fatehabad,Maize,1851.0,2082.38,1966.58,2090.0
PR007313,2026-01-19,MANDI005,Kurukshetra,Makki,1995.16,,2213.58,
PR009690,2026-08-30,MANDI057,Ambala,Maize,2043.0,2266.0,2154.0,2090.0
PR011682,2026-04-26,MANDI001,Kurukshetra,Maize,1814.0,,1958.61,2090.0
PR008067,2026-01-22,MANDI007,Hisar,Cotton,6429.0,7185.9,6807.42,
PR011890,2026-07-15,MANDI011,Karnal,Maize,1969.02,,2194.0,2090.0
PR009251,2026-03-05,MANDI001,Kurukshetra,Wheat,2000.96,2163.17,2082.0,
PR001933,2026-06-21,MANDI034,Karnal,Narma,5712.85,6458.87,6086.0,
PR000623,2026-04-06,MANDI056,Jalandhar,Sugarcane,3611.22,3965.0,3788.0,3500.0
PR007054,2026-06-19,MANDI030,Hisar,Makki,2073.38,2210.85,,2090.0
PR006833,2026-06-27,MANDI019,Moga,Wheat,2295.08,2700.0,2497.29,
PR002223,2026-03-11,MANDI041,Bathinda,Sugarcane,2991.0,3541.47,3266.38,3500.0
PR006321,2026-05-11,MANDI017,Moga,Maize,1827.0,2275.7,2051.21,2090.0
PR005853,2026-05-26,MANDI022,Jalandhar,Mustard,,6168.0,5754.06,5650.0
PR008246,2026-05-20,MANDI016,Ludhiana,Maize,2123.73,2605.83,2365.0,2090.0
PR010344,2026-03-25,,Jalandhar,Sugarcane,3371.63,3655.0,3513.0,
PR000522,2026-01-29,MANDI051,Bathinda,Sugarcane,3426.0,4074.0,3749.8,3500.0
PR007505,2026-04-15,MANDI051,Karnal,Sugarcane,3122.29,3604.75,3364.0,3500.0
PR009492,2026-07-31,MANDI040,Fatehabad,Cotton,6286.4,7091.17,,6620.0
PR007239,2026-02-27,MANDI055,Bathinda,Mustard,5924.71,7143.63,6534.17,
PR003585,2026-08-21,MANDI052,Patiala,Mustard,5666.35,,6295.78,5650.0
PR003873,2026-08-07,MANDI001,Jalandhar,Wheat,2195.12,2537.0,2366.2,
PR007258,2026-02-20,MANDI007,Kurukshetra,Cotton,6873.72,7540.96,7207.0,6620.0
PR003282,2026-03-16,MANDI043,Bathinda,Wheat,2327.67,2797.58,2562.62,2275.0
PR011705,2026-05-16,MANDI029,Fatehabad,Rice,2003.15,2285.37,2144.26,2183.0
PR004173,2026-08-04,MANDI028,Kurukshetra,Wheat,2144.0,2475.32,2309.54,2275.0
PR009657,2026-03-18,MANDI030,Sirsa,Ganne,3285.85,3961.99,3624.0,3500.0
PR008491,2026-04-12,MANDI037,Hisar,Maize,1824.57,2108.74,1966.66,2090.0
PR007440,2026-12-02,MANDI041,Ludhiana,Wheat,2385.0,2866.0,2625.3,2275.0
PR008515,2026-01-09,MANDI048,Muzaffarnagar,Wheat,1960.46,2322.0,2141.0,2275.0
PR008482,2026-06-29,,Moga,Mustard,4853.1,5683.14,5268.0,
PR004820,2026-06-21,MANDI036,Moga,Narma,6479.46,7339.16,6909.31,6620.0
PR009121,2026-02-15,MANDI006,Hisar,Sugarcane,3344.0,,3752.56,
PR007853,2026-01-26,MANDI004,Karnal,Maize,1835.86,2011.7,1923.78,2090.0
PR004388,2026-08-13,MANDI035,Moga,Cotton,6250.16,7233.38,6741.77,6620.0
PR005868,2026-03-09,MANDI004,Fatehabad,Maize,2162.68,,2323.23,2090.0
PR001819,2026-05-08,MANDI013,Patiala,Maize,1955.0,2328.47,2141.66,2090.0
PR009834,2026-03-11,MANDI057,Bathinda,Ganne,3395.0,4126.75,3761.0,
PR007095,2026-06-22,MANDI039,Karnal,Cotton,6938.0,7668.56,7303.17,6620.0
PR006736,2026-02-20,,Karnal,Maize,,2232.56,2056.0,2090.0
PR004795,2026-02-09,MANDI016,Ferozepur,Rice,1906.94,2028.73,1967.84,2183.0
PR006787,2026-01-31,,Jalandhar,Maize,1782.32,2216.0,1999.0,
PR011126,2026-01-18,MANDI030,Bathinda,Rice,,2251.68,2073.0,
PR000112,2026-03-08,,Bathinda,Wheat,2178.85,2520.39,,2275.0
PR000272,2026-04-23,MANDI016,Bathinda,Wheat,2045.0,2233.96,2139.31,2275.0
PR002611,2026-08-29,,Ludhiana,Mustard,4876.65,5205.0,5040.92,5650.0
PR003976,2026-02-10,MANDI004,Jalandhar,Mustard,5658.69,6522.0,6090.37,
PR011223,2026-02-24,MANDI027,Jalandhar,Maize,1980.0,2145.0,2062.7,2090.0
PR011302,2026-05-08,MANDI014,Amritsar,Wheat,2009.0,2275.0,2142.15,2275.0
PR010307,2026-04-10,,Ambala,Sugarcane,3360.52,,3776.27,3500.0
PR007298,2026-03-28,MANDI017,Ambala,चावल,2043.44,2322.0,2183.0,2183.0
PR008058,2026-09-08,MANDI009,Ambala,Wheat,2106.27,2213.0,2159.83,2275.0
PR004160,2026-12-06,MANDI040,Kurukshetra,Sugarcane,3580.0,4309.0,3944.36,3500.0
PR009381,2026-11-02,MANDI001,Ludhiana,Rice,1865.52,1992.0,1928.95,2183.0
PR005402,2026-06-03,MANDI021,Ferozepur,Maize,1804.39,2074.5,1939.44,
PR006327,2026-03-22,MANDI001,Ludhiana,Ganne,3021.0,3379.19,3199.85,
PR008976,2026-06-23,MANDI056,Ferozepur,Sugarcane,2985.49,3652.0,3318.57,
PR009862,2026-11-02,MANDI052,Ludhiana,Cotton,5956.0,6533.94,6245.0,6620.0
PR003055,2026-01-30,MANDI027,Kurukshetra,Ganne,2991.41,3369.92,3181.0,3500.0
PR007084,2026-02-17,MANDI038,Ambala,Narma,5778.87,6074.32,5927.0,
PR009735,2026-01-02,MANDI008,Karnal,Wheat,2037.42,2539.0,2288.41,2275.0
PR011007,2026-05-12,MANDI001,Bathinda,Maize,1895.69,2269.0,2082.0,2090.0
PR004190,2026-03-01,MANDI043,Bathinda,Rice,1989.4,2093.0,2041.0,2183.0
PR001413,2026-03-27,MANDI026,Fatehabad,Cotton,5699.89,6589.64,6144.76,6620.0
PR009983,2026-02-23,MANDI036,Sirsa,Rice,1865.58,2011.47,1938.53,
PR004642,2026-06-05,MANDI039,Ambala,चावल,2266.0,2804.0,2534.78,2183.0
PR007957,2026-07-02,MANDI045,Fatehabad,Rice,2014.0,2242.08,2128.09,2183.0
PR007584,2026-07-13,MANDI056,Kurukshetra,Maize,1928.42,2099.56,2013.99,2090.0
PR010381,2026-03-28,MANDI016,Fatehabad,Sugarcane,3440.81,3899.0,3670.0,3500.0
PR009617,2026-04-03,MANDI029,Moga,Rice,2133.9,2349.0,2241.34,2183.0
PR011245,2026-08-20,MANDI041,Sirsa,Rice,2227.33,2523.0,2375.0,2183.0
PR002072,2026-01-04,MANDI012,Sirsa,Cotton,6098.98,7435.45,6767.21,6620.0
PR000296,2026-04-19,MANDI033,Bathinda,Wheat,2167.0,2294.38,2231.0,2275.0
PR011848,2026-01-28,MANDI050,Ludhiana,Sugarcane,3110.69,3605.12,3358.0,3500.0
PR005680,2026-01-01,MANDI057,Bareilly,Wheat,2057.0,2516.39,2286.56,
PR003383,2026-04-17,MANDI047,Kurukshetra,Rice,2190.23,2385.0,2288.0,2183.0
PR005423,2026-02-02,MANDI032,Karnal,Rice,2022.22,2130.07,2076.0,2183.0
PR008301,2026-08-15,,Moga,Cotton,6679.17,7291.0,6985.0,6620.0
PR000672,2026-05-05,MANDI010,Ambala,Wheat,2167.0,2317.0,2242.04,
PR006461,2026-01-21,MANDI017,Ludhiana,Maize,2097.83,2419.0,2259.0,2090.0
PR006338,2026-04-11,MANDI025,Karnal,Ganne,3626.36,4147.0,3886.44,
PR002746,2026-01-14,MANDI007,Amritsar,Rice,1981.07,2131.93,2056.5,2183.0
PR002881,2026-03-28,MANDI009,Amritsar,Chawal,2236.44,2580.65,2408.55,2183.0
PR005753,2026-03-05,MANDI049,Muzaffarnagar,Mustard,5051.11,5823.71,5437.41,5650.0
PR008178,2026-05-06,MANDI008,Fatehabad,Mustard,5893.0,6706.3,,
PR009549,2026-05-12,MANDI009,Jalandhar,Ganne,3280.0,3864.61,3572.15,3500.0
PR002866,2026-03-13,,,Sugarcane,3273.0,3601.0,3436.56,3500.0
PR003390,2026-02-04,MANDI034,Fatehabad,Maize,2011.34,2232.84,2122.09,
PR003177,2026-02-15,MANDI036,Karnal,Rice,,2026.3,1957.29,
PR003802,2026-01-06,MANDI057,Bareilly,Rice,2055.0,2406.06,2230.49,2183.0
PR008043,2026-04-12,MANDI021,Sirsa,Maize,1821.0,2041.56,1931.0,
PR011038,2026-07-07,MANDI057,Sirsa,Cotton,6753.0,7376.0,7064.44,6620.0
PR007948,2026-06-28,MANDI050,Karnal,Cotton,5837.0,,6492.68,6620.0
PR011386,2026-08-29,MANDI054,Saharanpur,Mustard,5347.9,6346.74,5847.32,5650.0
PR005789,2026-06-19,MANDI023,Hisar,Rice,2034.35,2467.86,2251.11,2183.0
PR009161,2026-03-26,MANDI022,Fatehabad,Cotton,,6120.0,5958.51,6620.0
PR009730,2026-02-25,MANDI034,Karnal,Wheat,2136.0,2499.78,2318.0,2275.0
PR011749,2026-04-18,MANDI028,Sirsa,Rice,2016.08,2181.0,2098.44,2183.0
PR005207,2026-08-02,MANDI027,Hisar,Wheat,,2290.39,2217.88,2275.0
PR000204,2026-04-15,MANDI028,Ambala,Cotton,5682.94,6920.29,6301.62,6620.0
PR006794,2026-01-09,MANDI014,Ferozepur,Cotton,6531.0,7808.0,7169.32,6620.0
PR003852,2026-03-10,MANDI027,Hisar,Wheat,2251.0,2418.36,2334.88,2275.0
PR001142,2026-03-21,MANDI021,Fatehabad,Sugarcane,3377.46,3648.02,3513.0,3500.0
PR011947,2026-09-08,MANDI042,Karnal,Cotton,6465.53,6918.76,6692.15,
PR002275,2026-06-03,MANDI026,Hisar,Cotton,6488.48,7423.0,6955.96,6620.0
PR000789,2026-08-19,MANDI035,Fatehabad,Ganne,3402.0,3793.19,3598.0,3500.0
PR004675,2026-05-02,,,Maize,,2086.0,1939.03,2090.0
PR006368,2026-04-01,,Karnal,Ganne,3429.0,4083.0,3756.0,3500.0
PR001869,2026-01-03,MANDI045,Bathinda,Wheat,2261.0,2519.23,2390.07,2275.0
PR000281,2026-04-25,MANDI035,Ambala,Rice,2235.0,2765.86,2500.18,2183.0
PR003844,2026-01-12,MANDI023,Karnal,Maize,2090.42,2422.88,2256.65,2090.0
PR003161,2026-05-14,MANDI022,Kurukshetra,Maize,1935.0,2364.96,2150.0,2090.0
PR010466,2026-09-05,MANDI034,Amritsar,Rice,1890.0,2200.0,2044.97,2183.0
PR000964,2026-07-27,MANDI052,Sirsa,Sugarcane,3103.43,3685.0,3394.13,3500.0
PR010271,2026-08-25,MANDI039,Kurukshetra,Wheat,2368.0,2582.83,2475.0,2275.0
PR006428,2026-04-27,MANDI035,Ambala,Cotton,6169.08,6754.0,6461.47,6620.0
PR009585,2026-03-11,MANDI055,Amritsar,Rice,2149.07,,2336.0,2183.0
PR001102,2026-07-12,MANDI039,,Cotton,6569.66,8118.98,7344.32,6620.0
PR001548,2026-01-03,MANDI027,Amritsar,Sugarcane,3558.21,3914.77,3736.49,
PR003565,2026-04-15,MANDI025,Bathinda,Rice,2067.45,2443.38,2255.42,2183.0
PR009465,2026-06-17,MANDI003,Ambala,Rice,1864.06,2156.07,2010.0,2183.0
PR000880,2026-06-10,,,Rice,1989.49,2096.56,2043.03,2183.0
PR005698,2026-02-25,MANDI017,Ludhiana,Sugarcane,3475.13,4234.07,3854.6,3500.0
PR010895,2026-11-05,MANDI042,Bathinda,Mustard,5468.0,6336.0,5902.0,5650.0
PR010308,2026-03-10,MANDI057,Jalandhar,Sarso,5223.0,5621.51,5422.42,5650.0
PR006301,2026-02-23,,Ambala,Sugarcane,3569.32,4326.7,3948.01,
PR002449,2026-03-12,MANDI001,Kurukshetra,Sarso,5499.0,5957.33,5728.0,
PR005111,2026-07-22,MANDI025,Kurukshetra,Narma,5661.0,6298.58,5980.0,6620.0
PR002503,2026-05-09,MANDI037,Kurukshetra,Mustard,5824.31,6431.84,,5650.0
PR005358,2026-05-20,MANDI031,Moga,Wheat,2295.0,2823.0,2559.0,2275.0
PR003618,2026-07-19,MANDI040,Amritsar,Maize,1809.69,1934.0,1871.83,2090.0
PR005791,2026-08-28,MANDI040,Ambala,Wheat,2262.34,2558.0,2410.0,2275.0
PR008813,2026-07-27,MANDI007,Amritsar,Maize,1801.07,2121.71,1961.39,2090.0
PR008303,2026-02-03,,Ludhiana,Rice,2217.39,2401.0,2308.97,2183.0
PR001542,2026-02-28,MANDI049,Moga,Mustard,4880.0,5430.0,5155.0,5650.0
PR007466,2026-08-08,MANDI043,Jalandhar,Mustard,4860.31,,5263.16,
PR008958,2026-03-26,MANDI009,Moga,Rice,2163.0,2341.0,2252.03,2183.0
PR002289,2026-04-06,MANDI027,Ferozepur,Cotton,6550.49,7062.0,6806.0,6620.0
PR005744,2026-05-07,MANDI001,Ferozepur,Sugarcane,3042.0,3202.0,3121.99,
PR008425,2026-09-03,MANDI053,Saharanpur,Cotton,6943.0,7737.63,7340.22,6620.0
PR010432,2026-07-29,MANDI056,Karnal,Sarso,5521.75,5952.84,5737.3,5650.0
PR009839,2026-02-25,MANDI003,Ludhiana,Cotton,6465.0,7188.26,6826.75,
PR008311,2026-12-03,MANDI011,Moga,Maize,1886.0,2121.0,2003.58,2090.0
PR003662,2026-04-03,MANDI006,Hisar,Wheat,1995.91,2460.0,2228.04,2275.0
PR002595,2026-03-26,MANDI016,Patiala,Cotton,6376.57,6784.41,6580.0,6620.0
PR001465,2026-04-02,,Karnal,Mustard,5622.0,6955.32,6288.45,5650.0
PR011621,2026-03-10,MANDI047,Ludhiana,Cotton,6098.16,6441.07,6269.61,6620.0
PR000700,2026-04-20,MANDI051,Bathinda,Mustard,,,6025.89,5650.0
PR008512,2026-06-07,MANDI029,Sirsa,Mustard,5056.0,5870.26,5463.12,5650.0
PR010054,2026-05-25,,Moga,Mustard,5526.95,5883.0,5705.11,5650.0
PR010603,2026-04-13,MANDI008,Sirsa,Wheat,2037.95,2331.0,2184.25,2275.0
PR006176,2026-03-24,MANDI009,Kurukshetra,Sugarcane,3497.0,3921.05,3708.87,3500.0
PR006332,2026-01-02,MANDI037,Ludhiana,Narma,5935.0,6571.35,6253.28,6620.0
PR004610,2026-07-05,,Ambala,Makki,2064.22,2506.0,2285.0,2090.0
PR001193,2026-04-29,MANDI029,Patiala,Narma,6732.27,7988.04,7360.0,6620.0
PR006723,2026-06-18,MANDI029,Sirsa,Mustard,5886.87,7258.0,6572.54,5650.0
PR008895,2026-02-09,MANDI034,Ambala,Sugarcane,2985.57,3163.35,3074.46,
PR007886,2026-07-19,MANDI024,Hisar,Cotton,5835.15,6221.0,6027.94,6620.0
PR004527,2026-03-02,MANDI050,Jalandhar,Rice,1924.71,2227.77,2076.24,
PR011364,2026-03-18,MANDI003,Karnal,Maize,2077.39,2400.82,2239.0,
PR006728,2026-04-06,MANDI019,Karnal,Ganne,3335.27,3593.93,3464.6,3500.0
PR010345,2026-03-14,MANDI026,Patiala,Rice,2010.67,2256.94,,2183.0
PR008624,2026-04-26,MANDI004,Ferozepur,Rice,2055.64,2569.02,,2183.0
PR007343,2026-04-29,MANDI010,Karnal,चावल,2280.31,2598.37,2439.34,2183.0
PR011555,2026-05-13,MANDI026,Fatehabad,Wheat,1956.71,2379.66,2168.18,2275.0
PR004815,2026-07-27,MANDI016,Patiala,Sarso,4823.74,5403.0,5113.21,5650.0
PR009602,2026-09-02,MANDI039,,Ganne,,,3449.0,3500.0
PR001606,2026-03-03,MANDI020,Moga,Maize,1868.15,2060.4,1964.27,2090.0
PR011030,2026-02-16,MANDI001,Amritsar,Cotton,5648.0,6844.69,6246.15,6620.0
PR000729,2026-05-26,MANDI007,Amritsar,Mustard,5870.0,6354.45,6112.0,
PR009767,2026-08-24,MANDI041,Hisar,Rice,2071.75,2496.25,2284.0,2183.0
PR001177,2026-01-30,MANDI012,Ludhiana,Mustard,5829.1,6502.0,6165.4,5650.0
PR011128,2026-01-20,MANDI028,Ferozepur,Mustard,5385.59,5981.44,5683.52,
PR000864,2026-02-28,MANDI015,Ambala,Cotton,5805.32,6549.84,6178.0,6620.0
PR011317,2026-02-02,MANDI034,Sirsa,Mustard,5047.41,5613.04,5330.0,5650.0
PR009038,2026-06-14,MANDI016,Fatehabad,Cotton,6672.0,7974.88,7324.0,6620.0
PR004387,2026-06-16,MANDI056,Jalandhar,Cotton,5832.69,7079.0,6456.0,6620.0
PR003691,2026-07-01,MANDI005,Fatehabad,Mustard,5494.74,5831.0,5663.03,5650.0
PR000558,2026-06-06,MANDI009,Jalandhar,Mustard,5340.44,5901.92,5621.18,
PR008546,2026-03-18,MANDI044,Fatehabad,Wheat,2215.14,2451.47,2333.31,2275.0
PR009948,2026-05-02,MANDI020,Moga,Wheat,2164.97,2554.0,2359.53,
PR009999,2026-07-23,MANDI056,Ludhiana,चावल,1931.0,2353.0,2142.24,2183.0
PR000932,2026-07-25,,Ambala,Cotton,5913.95,6428.81,6171.38,6620.0
PR008985,2026-03-31,MANDI002,Jalandhar,Maize,1992.1,2165.58,2078.84,2090.0
PR005275,2026-06-16,MANDI034,Sirsa,Maize,2092.15,2251.0,2171.0,2090.0
PR005699,2026-07-12,MANDI010,Bathinda,Maize,2050.0,2562.02,,2090.0
PR007662,2026-07-29,MANDI032,Fatehabad,Wheat,2252.0,2563.0,2407.55,2275.0
PR007858,2026-03-23,,Karnal,Maize,2122.77,2389.02,,2090.0
PR011388,2026-01-12,MANDI031,Ludhiana,Wheat,2279.22,2490.85,2385.04,2275.0
PR005038,2026-08-25,MANDI017,Fatehabad,Chawal,1939.0,2342.29,2140.44,2183.0
PR005982,2026-05-29,MANDI013,Patiala,Wheat,2139.0,2470.48,2305.0,2275.0
PR000451,2026-05-12,MANDI036,Moga,Wheat,2002.85,2365.83,2184.34,2275.0
PR006299,2026-01-22,MANDI017,Amritsar,Wheat,2334.08,,2597.27,2275.0
PR000084,2026-06-23,MANDI029,Ambala,Rice,2269.49,2557.09,2413.0,
PR003538,2026-04-23,MANDI025,Karnal,Maize,2127.0,2587.73,2357.37,2090.0
PR005031,2026-05-01,MANDI030,Fatehabad,Mustard,5579.77,6033.0,5806.15,5650.0
PR001916,2026-03-13,,Jalandhar,Maize,2095.05,2383.0,2239.17,2090.0
PR001088,2026-08-11,MANDI007,Amritsar,Wheat,2287.0,2800.51,2543.56,2275.0
PR004041,2026-08-15,MANDI033,Patiala,Chawal,1924.31,2074.84,2000.0,2183.0
PR011700,2026-01-12,MANDI004,Ambala,Mustard,5340.0,5787.01,5564.0,5650.0
PR009288,2026-09-01,MANDI043,Amritsar,Mustard,5418.56,6549.39,5983.97,5650.0
PR008445,2026-04-06,MANDI006,Moga,Wheat,2044.17,2531.24,2287.7,2275.0
PR007545,2026-01-28,MANDI045,Meerut,Maize,2016.15,2284.03,2150.0,2090.0
PR003356,2026-07-11,MANDI036,Moga,Mustard,5777.18,6862.0,6320.0,5650.0
PR003577,2026-06-06,MANDI032,Fatehabad,Rice,2058.71,2168.0,2113.51,2183.0
PR000388,2026-07-02,MANDI044,Bathinda,Rice,2158.55,2490.09,2324.32,
PR000474,2026-03-28,MANDI028,Hisar,Rice,2288.54,2639.28,2463.91,
PR004149,2026-05-06,,Ludhiana,Maize,1793.88,2080.91,1937.4,
PR011793,2026-01-22,MANDI023,Sirsa,Makki,2182.1,2372.9,2277.0,2090.0
PR006085,2026-05-18,MANDI016,Patiala,चावल,2136.0,,,
PR008166,2026-09-02,MANDI054,Patiala,Narma,5830.8,6751.8,6291.3,6620.0
PR008089,2026-07-13,MANDI035,Jalandhar,Ganne,3193.18,3821.47,3507.33,3500.0
PR004490,2026-05-07,MANDI026,Sirsa,Rice,1952.65,2198.0,2075.15,2183.0
PR002178,2026-06-02,MANDI012,Kurukshetra,Cotton,6588.0,8136.0,7362.0,6620.0
PR003096,2026-05-14,MANDI022,Karnal,Wheat,2132.52,2534.16,2333.34,2275.0
PR010494,2026-11-02,,Hisar,Wheat,1988.0,2478.0,,2275.0
PR005247,2026-02-08,MANDI052,Hisar,Narma,6390.45,,7014.65,
PR001907,2026-06-08,MANDI033,Patiala,Maize,1851.0,2071.0,1960.71,2090.0
PR008725,2026-08-09,MANDI048,Ambala,Mustard,5852.0,7035.73,6443.83,5650.0
PR011540,2026-04-30,MANDI039,Ludhiana,Maize,2092.8,2298.98,2195.89,2090.0
PR011383,2026-04-25,,,Ganne,3666.48,4349.0,4007.79,
PR002647,2026-09-06,,,Rice,1967.0,2117.22,2042.0,2183.0
PR011024,2026-04-19,MANDI036,Moga,Wheat,2204.0,2362.46,2283.0,2275.0
PR000426,2026-05-12,MANDI005,Hisar,Sarso,4900.45,5777.73,5339.09,5650.0
PR008737,2026-02-19,,Jalandhar,Wheat,2129.41,2437.02,2283.22,2275.0
PR005105,2026-05-10,MANDI028,Moga,Sugarcane,3127.84,,3476.0,3500.0
PR001687,2026-03-16,MANDI049,Jalandhar,Sarso,4887.54,5856.52,5372.0,5650.0
PR009412,2026-01-13,MANDI038,Bathinda,Cotton,6927.76,7402.0,7165.0,6620.0
PR000738,2026-01-06,MANDI008,Amritsar,Wheat,2160.71,2360.36,2260.54,
PR004581,2026-04-19,MANDI008,Ludhiana,Mustard,5201.0,6169.33,5685.35,5650.0
PR011577,2026-07-26,MANDI023,Kurukshetra,Sugarcane,3021.0,3214.83,3118.0,3500.0
PR005774,2026-04-11,MANDI043,Patiala,Wheat,2076.47,2448.0,2262.37,2275.0
PR002577,2026-03-10,MANDI050,Ludhiana,Narma,5870.17,6974.46,6422.0,6620.0
PR007694,2026-01-14,,Patiala,Rice,1939.91,2298.0,2119.0,
PR001980,2026-06-26,MANDI009,Ambala,Wheat,,2339.66,2226.97,2275.0
PR010196,2026-02-12,,Amritsar,Sugarcane,3507.78,3925.0,3716.59,3500.0
PR002155,2026-01-11,MANDI045,Ambala,Wheat,2309.0,2869.93,2589.37,
PR000416,2026-01-12,MANDI001,Ludhiana,Sarso,5804.0,7004.0,,5650.0
PR005161,2026-04-08,,Bathinda,Wheat,2003.79,2351.72,2178.0,2275.0
PR009589,2026-09-02,MANDI055,Kurukshetra,Wheat,2221.58,2618.88,2420.0,2275.0
PR001532,2026-08-17,MANDI047,Kurukshetra,Narma,5993.73,6861.8,6427.76,6620.0
PR001119,2026-08-13,MANDI001,Bathinda,Makki,2140.0,2298.0,2219.0,2090.0
PR003595,2026-05-27,,Sirsa,Wheat,2304.0,2658.84,2481.0,2275.0
PR006901,2026-08-21,MANDI057,Sirsa,Mustard,5099.22,6025.0,5561.95,5650.0
PR000111,2026-01-17,MANDI049,Kurukshetra,Sugarcane,3064.84,3786.0,3425.23,3500.0
PR002206,2026-08-30,MANDI051,Ferozepur,Makki,2184.37,2660.0,2422.0,2090.0
PR004023,2026-02-20,MANDI005,Ferozepur,Sugarcane,3583.21,4200.0,3891.84,3500.0
PR004024,2026-02-22,MANDI053,Ambala,Maize,1895.0,2142.86,2019.07,2090.0
PR009569,2026-06-03,MANDI008,Jalandhar,Wheat,2016.03,2389.0,2202.0,
PR007155,2026-06-13,MANDI016,Bathinda,Rice,2172.09,2351.0,2262.0,2183.0
PR004985,2026-01-07,MANDI001,Amritsar,Wheat,2112.0,2621.29,2366.76,
PR003937,2026-01-25,MANDI035,Kurukshetra,Ganne,3509.69,3936.36,3723.02,
PR003079,2026-02-09,MANDI010,Kurukshetra,Maize,2066.0,2520.11,2293.0,2090.0
PR011253,2026-06-02,,,Cotton,6291.93,7421.87,6856.9,
PR008952,2026-02-09,MANDI027,Patiala,Maize,2119.0,2435.07,2276.85,2090.0
PR009091,2026-05-26,MANDI021,Patiala,Maize,1814.28,2159.35,1987.0,2090.0
PR001421,2026-04-17,MANDI045,Jalandhar,Ganne,3096.85,3609.94,3353.39,
PR003122,2026-01-15,MANDI002,Ludhiana,Sugarcane,3237.71,3730.05,3483.88,
PR000199,2026-06-20,MANDI056,Kurukshetra,Wheat,,2430.74,2308.76,2275.0
PR009387,2026-02-03,,,Chawal,2251.0,2528.0,,
PR010686,2026-09-02,MANDI008,Amritsar,Mustard,5456.35,6035.44,5745.9,5650.0
PR006781,2026-03-23,MANDI014,Bathinda,Wheat,2287.0,2451.44,,2275.0
PR007254,2026-05-12,MANDI005,Ferozepur,Maize,1783.8,2014.52,,2090.0
PR006552,2026-08-16,,Moga,Mustard,5266.14,5774.0,5520.08,5650.0
PR004814,2026-01-31,MANDI025,Fatehabad,Narma,6188.13,7440.0,6813.9,6620.0
PR003159,2026-01-18,,,Rice,1922.74,2179.38,2051.06,2183.0
PR004812,2026-04-15,MANDI036,Kurukshetra,चावल,2050.0,2306.0,2178.14,2183.0
PR009042,2026-01-10,MANDI038,Ambala,Maize,1904.0,2155.38,2029.47,2090.0
PR004832,2026-02-06,MANDI042,Fatehabad,Maize,2001.0,2455.0,2227.91,2090.0
PR001538,2026-08-19,MANDI024,Karnal,Rice,2040.29,2231.0,2136.0,2183.0
PR009739,2026-05-07,MANDI025,Hisar,Narma,6191.91,6623.94,6407.92,6620.0
PR003058,2026-06-15,MANDI056,Hisar,Wheat,2128.71,2352.66,2241.0,2275.0
PR011867,2026-08-22,MANDI004,Karnal,Wheat,2323.41,2865.41,2594.41,2275.0
PR001724,2026-02-02,MANDI011,Bathinda,Mustard,5682.0,6770.25,,5650.0
PR005798,2026-05-08,MANDI004,Kurukshetra,Sugarcane,3627.0,3813.91,3721.0,3500.0
PR006797,2026-05-13,,Kurukshetra,Mustard,4812.26,5554.0,5183.0,5650.0
PR004500,2026-07-01,,Ludhiana,Mustard,5413.25,6384.0,,5650.0
PR004537,2026-06-21,,,Cotton,6188.0,6759.26,6473.47,6620.0
PR007640,2026-02-06,MANDI018,Ambala,Maize,1816.76,2043.0,1929.69,2090.0
PR010568,2026-05-23,MANDI033,Bathinda,Wheat,2218.0,2730.0,2473.76,2275.0
PR000706,2026-10-06,MANDI039,Kurukshetra,Mustard,4920.51,5306.94,5114.0,5650.0
PR009648,2026-01-28,MANDI021,Jalandhar,Cotton,6904.0,7284.0,7094.0,
PR011406,2026-08-07,MANDI010,Karnal,Wheat,1998.4,2291.0,2145.0,2275.0
PR004309,2026-08-04,MANDI015,Sirsa,Sugarcane,3267.6,3849.2,3558.0,
PR007203,2026-04-12,MANDI012,Amritsar,Cotton,6505.0,,7176.38,6620.0
PR004925,2026-03-04,,Amritsar,Maize,2137.0,2428.81,2283.02,2090.0
PR008084,2026-08-28,MANDI041,Fatehabad,Wheat,2271.49,2757.0,2514.02,2275.0
PR005460,2026-03-29,MANDI025,Kurukshetra,Sugarcane,3393.0,4111.97,3752.0,3500.0
PR006457,2026-01-22,MANDI031,Bathinda,Sugarcane,3514.09,3863.8,3688.95,3500.0
PR005221,2026-04-02,MANDI037,Kurukshetra,Sugarcane,3344.78,3857.15,3600.96,3500.0
PR002968,2026-06-13,MANDI052,Amritsar,चावल,1962.49,2095.25,2029.0,2183.0
PR001023,2026-06-01,MANDI013,Fatehabad,Wheat,2160.79,2613.6,2387.2,
PR006458,2026-03-16,MANDI023,Ambala,Sugarcane,3586.93,4248.45,3917.69,3500.0
PR008305,2026-02-23,MANDI008,Moga,Mustard,5582.0,6311.24,5946.54,5650.0
PR011678,2026-01-24,MANDI043,Amritsar,Chawal,2165.2,2280.16,2222.68,
PR009420,2026-04-25,MANDI035,Sirsa,Sugarcane,3322.77,3731.39,3527.08,3500.0
PR006774,2026-08-18,MANDI013,Fatehabad,Wheat,2380.47,2753.7,2567.0,2275.0
PR004896,2026-12-04,MANDI054,Amritsar,Cotton,6877.0,8330.0,7603.42,6620.0
PR004266,2026-02-24,MANDI053,Ambala,Sugarcane,3144.14,3653.0,3399.0,
PR004596,2026-06-09,MANDI006,Moga,Mustard,4921.0,5726.51,5324.0,5650.0
PR003997,2026-04-21,MANDI036,Kurukshetra,Ganne,3510.0,4191.0,3850.73,3500.0
PR007864,2026-08-31,MANDI053,Ambala,Sugarcane,3497.0,4017.03,3757.0,
PR006412,2026-06-30,,Kurukshetra,Ganne,3099.03,3654.43,3376.73,
PR011788,2026-01-23,,Fatehabad,Wheat,2179.0,2698.11,2438.32,2275.0
PR006658,2026-08-03,,Amritsar,Mustard,5323.0,5822.54,,5650.0
PR000806,2026-08-02,MANDI056,Kurukshetra,Maize,2035.0,2138.24,2086.62,2090.0
PR007876,2026-09-08,MANDI044,Sirsa,Chawal,2005.01,2221.9,2113.45,2183.0
PR001790,2026-04-14,MANDI004,Moga,Cotton,5868.0,7225.0,6547.0,6620.0
PR005724,2026-02-06,MANDI049,Amritsar,Narma,6781.86,7895.0,7338.3,6620.0
PR008918,2026-06-11,,,Rice,1948.57,2394.8,2171.69,2183.0
PR009836,2026-08-04,MANDI015,Moga,Sarso,4919.1,6115.0,,5650.0
PR003416,2026-04-17,MANDI016,Hisar,Ganne,3502.0,4025.0,3763.59,3500.0
PR004073,2026-01-26,MANDI027,Kurukshetra,चावल,1871.86,1991.0,1931.54,
PR010488,2026-04-22,MANDI020,Ludhiana,Cotton,6281.0,7441.29,6861.0,6620.0
PR009256,2026-02-27,MANDI057,Ambala,Narma,6347.0,6818.52,6583.0,6620.0
PR005312,2026-11-02,MANDI033,Bathinda,Makki,1999.6,2146.84,2073.22,
PR001374,2026-07-10,MANDI036,Kurukshetra,Ganne,,3556.83,3375.77,3500.0
PR009227,2026-08-15,MANDI045,Sirsa,Rice,2228.55,2415.97,2322.26,2183.0
PR002808,2026-03-14,MANDI013,Ludhiana,Makki,2018.55,2502.17,2260.0,2090.0
PR007630,2026-06-09,MANDI016,Jalandhar,Mustard,5740.53,6074.05,5907.29,5650.0
PR004678,2026-08-26,MANDI055,Bareilly,Maize,2104.0,2462.0,2282.91,
PR005108,2026-02-10,MANDI026,Hisar,Wheat,2093.0,2247.0,2170.0,2275.0
PR010733,2026-06-12,MANDI003,Ambala,Maize,,,2260.25,2090.0
PR003375,2026-07-01,MANDI018,Moga,Rice,2054.97,2386.29,2220.63,2183.0
PR007972,2026-06-28,MANDI017,Jalandhar,Ganne,3038.7,3740.0,3389.0,3500.0
PR010608,2026-02-03,MANDI011,Karnal,Sarso,,6035.44,5825.22,5650.0
PR009923,2026-01-20,MANDI052,Patiala,Sugarcane,3027.0,3498.0,3262.0,
PR006377,2026-06-23,MANDI040,Ambala,Cotton,6618.0,8058.49,7338.0,6620.0
PR004413,2026-11-08,MANDI049,Patiala,Cotton,6421.0,7956.62,7188.81,
PR002055,2026-07-05,MANDI057,Fatehabad,Rice,1971.5,2162.72,2067.11,2183.0
PR004750,2026-02-20,MANDI002,Jalandhar,Sugarcane,3005.51,,3193.0,3500.0
PR002924,2026-08-25,MANDI036,Patiala,Sugarcane,3153.38,3373.61,3263.5,3500.0
PR011579,2026-04-04,MANDI049,Fatehabad,Sugarcane,3343.0,3684.0,3514.0,3500.0
PR000279,2026-08-07,MANDI029,Bathinda,Mustard,5176.99,6288.69,5732.84,5650.0
PR006643,2026-03-02,MANDI055,Kurukshetra,Sugarcane,3424.7,3985.28,3704.99,
PR009009,2026-02-25,MANDI037,Hisar,Wheat,2190.22,2473.04,2332.0,2275.0
PR008662,2026-02-14,MANDI037,Ambala,Sugarcane,2994.32,3664.98,3329.65,3500.0
PR006478,2026-02-02,,Amritsar,Rice,1885.8,2155.78,2020.79,
PR002567,2026-05-21,,Patiala,Rice,1862.0,2113.62,1987.66,
PR000687,2026-05-20,MANDI039,Ludhiana,Wheat,1992.36,2217.09,2104.72,2275.0
PR005274,2026-06-23,MANDI018,Ferozepur,चावल,1983.0,2283.72,2133.25,2183.0
PR002334,2026-01-07,,Hisar,Cotton,5905.25,6778.0,6341.54,6620.0
PR001091,2026-02-14,MANDI029,Karnal,Makki,2183.0,2606.0,2394.7,2090.0
PR009570,2026-07-28,MANDI050,Muzaffarnagar,Cotton,6719.19,7458.9,7089.05,6620.0
PR010207,2026-03-04,MANDI010,Sirsa,Rice,2058.5,2347.52,2203.0,
PR008736,2026-01-27,MANDI053,Ludhiana,चावल,2062.0,2432.96,2247.71,2183.0
PR008979,2026-07-06,MANDI026,Hisar,Sugarcane,3279.68,4095.24,3687.46,
PR008722,2026-04-20,MANDI009,Sirsa,Wheat,2346.23,2468.87,2407.55,
PR010717,2026-04-01,MANDI037,Ludhiana,Narma,,,6273.0,6620.0
PR009336,2026-04-10,MANDI057,Patiala,Cotton,6635.8,8239.0,7437.0,6620.0
PR005033,2026-01-13,MANDI018,Kurukshetra,Wheat,2346.19,2793.34,2569.77,2275.0
PR010218,2026-02-22,MANDI052,Fatehabad,Maize,1822.78,2253.89,,2090.0
PR011940,2026-08-11,MANDI038,Moga,Makki,1825.98,2101.0,1963.57,2090.0
PR011131,2026-03-18,MANDI031,Karnal,Sugarcane,3358.28,4036.3,3697.29,
PR002576,2026-03-28,MANDI051,Sirsa,Narma,6748.44,7656.0,7202.08,6620.0
PR005824,2026-07-30,MANDI012,Bathinda,Ganne,3279.0,3844.0,3561.0,3500.0
PR008634,2026-01-20,MANDI045,Kurukshetra,Cotton,5838.0,6871.66,,
PR011117,2026-01-04,MANDI055,Bathinda,Narma,6938.36,8021.0,,
PR011052,2026-02-14,MANDI011,Sirsa,Rice,2101.81,2530.44,2316.13,
PR005927,2026-09-06,,Amritsar,Mustard,5606.32,6641.9,6124.11,5650.0
PR011040,2026-12-08,MANDI043,Agra,Sarso,5109.76,6043.28,5576.52,5650.0
PR001123,2026-05-09,MANDI041,Moga,Wheat,1988.0,2217.2,2102.63,2275.0
PR006169,2026-07-27,MANDI040,Bathinda,Mustard,4889.85,5307.66,5098.75,5650.0
PR006484,2026-05-30,,Patiala,Cotton,5637.88,6340.38,5989.13,6620.0
PR000710,2026-01-02,MANDI017,Patiala,Maize,1932.0,2221.0,2076.37,
PR000024,2026-04-09,MANDI046,Ambala,Chawal,2101.0,2319.2,2210.1,2183.0
PR010871,2026-02-06,MANDI040,Karnal,Maize,2141.77,2422.0,,2090.0
PR002925,2026-05-03,MANDI016,Patiala,Wheat,2312.2,,2396.0,2275.0
PR008031,2026-01-29,MANDI032,Bathinda,Cotton,6363.19,6859.23,6611.21,6620.0
PR004921,2026-07-23,MANDI041,Fatehabad,Sarso,5651.0,,5900.0,5650.0
PR010332,2026-03-29,MANDI047,Kurukshetra,Rice,2067.94,2201.14,2135.0,2183.0
PR006831,2026-09-04,MANDI016,Patiala,Maize,1897.0,2260.97,2079.0,2090.0
PR001417,2026-04-20,MANDI048,Patiala,Mustard,5815.25,,6441.29,
PR009039,2026-04-19,MANDI036,Kurukshetra,Narma,6878.0,7238.8,7058.16,6620.0
PR000611,2026-01-16,MANDI011,Patiala,Cotton,6348.82,6960.0,6654.49,
PR010082,2026-06-12,MANDI035,Ferozepur,Rice,2174.0,2496.0,2335.08,2183.0
PR001124,2026-09-05,,Fatehabad,Maize,2167.0,2417.09,2291.89,
PR005653,2026-05-13,MANDI048,Ferozepur,Mustard,,6451.74,,5650.0
PR000796,2026-04-24,MANDI010,Kurukshetra,Cotton,5702.0,6904.67,6303.33,6620.0
PR003155,2026-02-20,MANDI007,Fatehabad,Narma,6889.0,7879.51,7384.0,
PR010794,2026-06-11,MANDI029,Patiala,Sugarcane,3673.86,3885.36,3780.0,3500.0
PR006861,2026-08-18,MANDI056,Patiala,Wheat,1967.76,2178.0,2072.95,2275.0
PR004870,2026-06-17,MANDI043,Fatehabad,Sugarcane,3112.12,3833.17,,3500.0
PR010416,2026-05-11,MANDI050,Bathinda,Mustard,5481.0,6280.59,5880.79,5650.0
PR002385,2026-04-08,MANDI019,Bathinda,Sarso,5395.0,6250.0,5822.77,5650.0
PR008968,2026-02-03,MANDI050,Patiala,Sugarcane,3128.93,3888.53,3508.73,3500.0
PR002272,2026-01-25,,Amritsar,Rice,1877.0,2177.64,2027.23,
PR008907,2026-05-11,MANDI046,Ambala,Wheat,1991.28,2109.0,2050.0,2275.0
PR005743,2026-03-02,MANDI016,Hisar,Sugarcane,3083.0,3771.56,3427.46,3500.0
PR009011,2026-08-20,MANDI008,Amritsar,Maize,2034.59,2196.62,2115.61,2090.0
PR008369,2026-07-11,MANDI008,Amritsar,Wheat,2294.57,2563.0,2428.99,2275.0
PR011913,2026-03-26,,,Sugarcane,3082.0,3629.61,3356.0,3500.0
PR002459,2026-02-06,MANDI016,Patiala,Maize,2159.0,2515.82,2337.2,
PR004254,2026-02-16,MANDI014,Bathinda,Mustard,5436.77,6327.0,5882.0,5650.0
PR010482,2026-04-13,MANDI004,Hisar,Mustard,5088.65,5507.63,5298.14,5650.0
PR005886,2026-05-23,MANDI049,Karnal,Wheat,2234.0,2539.39,2386.9,2275.0
PR002098,2026-08-09,MANDI001,Hisar,Sugarcane,3634.22,4289.0,3961.61,
PR000439,2026-07-30,MANDI039,Ambala,Chawal,2118.4,2378.13,2248.26,2183.0
PR008603,2026-05-11,MANDI009,Kurukshetra,Cotton,6787.73,7162.23,,6620.0
PR000748,2026-01-06,MANDI033,Ferozepur,Sugarcane,3366.08,3578.36,3472.22,3500.0
PR004926,2026-01-20,MANDI006,Karnal,Sarso,4880.0,5821.0,5350.13,5650.0
PR010971,2026-01-14,MANDI039,Moga,Mustard,5881.7,6791.48,6336.59,5650.0
PR006538,2026-01-24,MANDI001,Patiala,Sugarcane,3188.0,3414.58,3301.38,3500.0
PR000116,2026-08-23,MANDI054,Moga,Sarso,5249.26,6075.0,5661.99,
PR010391,2026-07-09,MANDI040,Karnal,Mustard,4991.73,5528.0,5259.89,5650.0
PR008017,2026-07-08,MANDI007,Amritsar,Rice,1867.83,2278.59,2073.21,2183.0
PR011714,2026-06-13,MANDI011,Moga,Mustard,5134.0,5875.0,5504.39,5650.0
PR004049,2026-06-23,MANDI013,Patiala,Ganne,3033.97,3773.0,3403.52,
PR011528,2026-02-20,MANDI015,Ferozepur,Maize,2176.84,2497.6,2337.0,2090.0
PR009571,2026-01-05,MANDI007,Ludhiana,Rice,2048.42,2211.0,2129.59,2183.0
PR003957,2026-05-30,,Ambala,Wheat,2261.87,2617.65,2439.76,2275.0
PR002730,2026-03-05,MANDI044,Ludhiana,Cotton,6060.53,7460.48,6760.51,
PR001963,2026-01-23,MANDI019,Moga,Rice,2266.0,2640.45,2452.97,
PR010563,2026-04-26,,Karnal,Maize,1887.22,2048.18,1967.7,2090.0
PR001614,2026-04-02,MANDI002,Hisar,Wheat,2314.16,2461.38,2388.0,2275.0
PR005436,2026-04-26,MANDI052,Bathinda,Mustard,5534.0,6908.97,6221.0,5650.0
PR009626,2026-09-04,MANDI010,Karnal,Maize,2149.0,2556.0,2352.32,2090.0
PR010201,2026-03-15,MANDI008,Hisar,Sugarcane,3340.0,3930.25,3635.0,3500.0
PR006994,2026-04-12,MANDI029,Ludhiana,Wheat,1973.27,2252.0,2112.52,
PR006230,2026-03-20,,Hisar,Sugarcane,3300.0,3714.12,3506.89,3500.0
PR002938,2026-06-26,MANDI044,Ambala,Sugarcane,3197.77,3852.0,3524.65,3500.0
PR004178,2026-06-29,MANDI033,Jalandhar,Cotton,6406.64,7731.74,,6620.0
PR005937,2026-06-20,MANDI006,Ferozepur,Wheat,2241.49,,2409.72,2275.0
PR004362,2026-01-12,MANDI023,Amritsar,Sugarcane,3022.49,3659.35,3341.0,3500.0
PR002518,2026-03-04,MANDI057,Bareilly,Mustard,5832.08,7064.61,6448.35,5650.0
PR005410,2026-05-22,MANDI049,Kurukshetra,Wheat,2026.35,2433.0,2229.77,
PR009919,2026-03-27,MANDI034,Sirsa,Cotton,,6493.0,6337.74,
PR000509,2026-08-22,MANDI029,Patiala,Rice,2089.48,2590.85,2340.16,2183.0
PR007425,2026-03-16,,Fatehabad,Maize,1791.42,1965.61,1878.51,
PR009844,2026-09-02,MANDI014,Fatehabad,Rice,2096.0,2443.09,2269.73,
PR003333,2026-08-13,MANDI011,Amritsar,Cotton,6913.28,7266.15,7089.72,6620.0
PR001939,2026-07-30,MANDI005,Patiala,Wheat,2307.0,2437.0,2372.0,2275.0
PR004622,2026-05-23,MANDI012,Ambala,Wheat,2379.0,2565.52,2472.34,
PR004625,2026-01-26,MANDI045,Fatehabad,Sarso,5082.51,5836.97,5460.0,
PR000129,2026-01-14,,Amritsar,Sarso,5831.8,6318.28,6075.0,5650.0
PR003910,2026-02-15,,Kurukshetra,Cotton,,7116.0,6535.74,6620.0
PR010328,2026-08-23,MANDI040,Bathinda,Sugarcane,3434.3,4066.47,3750.39,
PR003608,2026-06-09,,Ferozepur,Wheat,2147.0,2496.0,2321.2,2275.0
PR010275,2026-08-14,MANDI046,Ferozepur,Cotton,6027.96,7483.0,6755.43,6620.0
PR001956,2026-11-06,MANDI021,Ambala,Cotton,6924.0,7815.65,7369.95,6620.0
PR003948,2026-04-30,,Ambala,Cotton,6228.07,7613.48,6920.78,6620.0
PR001366,2026-02-09,MANDI009,Kurukshetra,Mustard,5699.0,6757.49,6228.47,5650.0
PR009808,2026-03-09,MANDI023,Patiala,Mustard,5352.6,5852.55,5602.57,5650.0
PR010414,2026-03-12,MANDI043,Bathinda,Sarso,5243.86,,5582.0,5650.0
PR003687,2026-03-27,MANDI009,Jalandhar,चावल,1897.67,2340.71,2119.19,2183.0
PR007509,2026-08-29,MANDI053,Fatehabad,Sugarcane,3426.41,3642.41,3534.41,
PR007531,2026-02-02,MANDI030,Karnal,Wheat,2355.73,2600.0,2477.8,2275.0
PR000083,2026-03-09,MANDI042,Moga,Sugarcane,3671.83,4051.0,3862.0,3500.0
PR005983,2026-02-03,MANDI004,Moga,Narma,5953.0,6904.14,6429.0,6620.0
PR009903,2026-04-10,MANDI025,Patiala,Ganne,3510.72,4344.46,3928.0,3500.0
PR002989,2026-03-31,MANDI007,Karnal,Mustard,5118.0,6185.3,5651.64,
PR001889,2026-02-04,MANDI049,Amritsar,Maize,,2301.6,2127.66,2090.0
PR009700,2026-04-05,MANDI008,Amritsar,Wheat,2099.0,2502.26,2301.0,2275.0
PR011962,2026-03-15,MANDI005,Patiala,Narma,6521.12,8073.56,7297.34,6620.0
PR006305,2026-04-02,MANDI047,Muzaffarnagar,Sugarcane,3458.0,3665.11,3561.74,3500.0
PR001688,2026-01-30,MANDI030,Sirsa,Narma,6476.0,7025.72,6750.85,
PR009113,2026-02-08,MANDI050,Ferozepur,Mustard,5025.73,5295.65,5160.69,5650.0
PR010138,2026-07-28,MANDI013,Moga,Maize,1883.0,2278.34,2080.52,2090.0
PR001065,2026-01-17,MANDI024,Sirsa,Cotton,5867.13,6669.43,6268.28,
PR002739,2026-07-22,MANDI036,Ferozepur,Sugarcane,3636.0,4360.19,3997.91,3500.0
PR001185,2026-08-05,MANDI050,Ludhiana,Cotton,6758.0,7917.0,7338.0,6620.0
PR005673,2026-04-16,MANDI034,Ambala,Mustard,5874.72,6670.24,6272.0,5650.0
PR006934,2026-08-14,MANDI005,Ludhiana,Maize,1855.67,2183.45,2019.56,
PR003184,2026-06-06,,Patiala,Rice,2283.68,2652.07,2468.0,
PR000976,2026-04-01,,,Wheat,1953.8,2112.1,2032.95,2275.0
PR008571,2026-06-26,MANDI044,Kurukshetra,Wheat,1957.0,2095.0,2025.98,2275.0
PR001113,2026-04-11,MANDI032,Fatehabad,Narma,6332.27,7408.47,6870.37,6620.0
PR009672,2026-06-20,MANDI020,Moga,Wheat,2310.61,2800.42,2556.0,2275.0
PR005948,2026-04-04,MANDI046,Sirsa,Wheat,2066.0,2311.47,2189.0,2275.0
PR011672,2026-05-11,MANDI028,Bathinda,Narma,5769.0,6778.0,6273.0,
PR010346,2026-02-08,MANDI011,Hisar,Mustard,5665.9,6793.0,6229.53,5650.0
PR010891,2026-01-26,MANDI008,Karnal,Cotton,6738.44,7279.0,7009.0,6620.0
PR002008,2026-07-20,MANDI029,Moga,Maize,1865.31,2208.14,2036.73,2090.0
PR002505,2026-06-09,MANDI057,Bareilly,Mustard,4952.0,6113.0,5532.0,5650.0
PR006748,2026-02-06,MANDI017,Ferozepur,Sugarcane,3178.96,,3481.77,3500.0
PR010163,2026-02-22,MANDI050,Ferozepur,Wheat,2296.0,2602.94,2449.6,2275.0
PR006364,2026-05-18,MANDI046,Patiala,Sugarcane,3385.0,3763.0,3573.99,3500.0
PR006757,2026-05-24,MANDI026,Ferozepur,Maize,1922.0,2042.35,1982.0,
PR001016,2026-03-29,MANDI056,Jalandhar,Maize,1996.31,2246.0,2121.4,2090.0
PR008593,2026-02-05,MANDI047,Fatehabad,Wheat,2257.81,2571.0,,2275.0
PR008386,2026-04-16,MANDI056,Ludhiana,Mustard,5201.3,5515.0,5358.0,5650.0
PR000171,2026-01-23,MANDI006,Amritsar,Sugarcane,3123.15,3604.0,3363.79,3500.0
PR003065,2026-10-05,MANDI037,Ambala,Rice,2159.53,2590.96,2375.24,2183.0
PR007872,2026-06-30,MANDI022,Moga,Wheat,2214.23,2665.0,2439.49,2275.0
PR007826,2026-05-12,MANDI039,Sirsa,Wheat,2150.21,2270.13,2210.17,2275.0
PR000533,2026-07-24,MANDI012,Kurukshetra,चावल,,2535.0,2325.0,2183.0
PR002493,2026-06-14,MANDI025,Karnal,Sugarcane,3004.68,3279.9,3142.0,3500.0
PR000809,2026-08-02,MANDI025,Sirsa,Wheat,2024.88,2502.4,2263.64,2275.0
PR003968,2026-08-03,MANDI027,Ludhiana,Cotton,6847.73,7771.24,7309.48,6620.0
PR010373,2026-01-13,MANDI014,Moga,Mustard,5100.33,5411.47,5255.9,5650.0
PR009803,2026-02-03,MANDI001,Sirsa,Sugarcane,3453.19,3717.0,3585.16,3500.0
PR010222,2026-02-04,MANDI037,Patiala,Makki,1919.0,2228.9,2074.0,2090.0
PR011263,2026-02-16,MANDI020,Ludhiana,Sarso,5145.15,5612.91,5379.03,
PR007721,2026-08-24,MANDI042,Kurukshetra,Maize,1935.0,2374.4,2154.71,2090.0
PR003493,2026-09-09,MANDI016,Patiala,Maize,1899.0,2254.93,2076.99,2090.0
PR007701,2026-04-22,MANDI034,Ambala,Narma,6936.0,8321.0,7628.52,6620.0
PR001791,2026-03-26,MANDI036,Ferozepur,Maize,1924.01,2278.02,2101.0,2090.0
PR005191,2026-02-26,MANDI005,Karnal,Cotton,6804.0,7720.9,,6620.0
PR006641,2026-09-03,MANDI031,Sirsa,Rice,2233.91,2417.0,2325.28,2183.0
PR008467,2026-01-19,MANDI029,Jalandhar,Sugarcane,3382.0,3934.0,3658.17,3500.0
PR009119,2026-07-14,MANDI019,Patiala,Maize,2067.51,2566.84,2317.17,2090.0
PR006148,2026-07-22,MANDI047,Patiala,Narma,6514.0,7605.62,7059.95,6620.0
PR011104,2026-08-30,MANDI002,Hisar,Wheat,2187.93,2352.36,2270.15,2275.0
PR004898,2026-01-06,,Sirsa,Rice,2188.57,2567.57,2378.07,2183.0
PR007101,2026-05-24,MANDI026,Hisar,Mustard,5168.0,5821.0,5494.4,5650.0
PR003755,2026-02-21,MANDI007,Bathinda,Cotton,6093.0,7174.0,6633.56,6620.0
PR009231,2026-07-25,MANDI006,Fatehabad,Sugarcane,,4066.0,3762.41,3500.0
PR006454,2026-08-02,MANDI047,Jalandhar,Maize,1975.22,2265.77,2120.49,2090.0
PR007273,2026-06-24,MANDI008,Ambala,Makki,1833.0,2115.0,1973.79,2090.0
PR002908,2026-07-14,MANDI043,Karnal,Sarso,,6261.0,6001.0,5650.0
PR003780,2026-06-04,MANDI023,Karnal,Cotton,6894.0,8425.35,7660.0,6620.0
PR006374,2026-09-01,MANDI027,Bathinda,Mustard,5302.68,6374.0,5838.31,5650.0
PR002160,2026-05-06,MANDI027,Ludhiana,Wheat,1961.15,2193.09,2077.12,2275.0
PR002734,2026-02-13,MANDI017,,Wheat,2050.1,2291.48,2170.79,
PR004184,2026-03-01,MANDI037,Bathinda,Makki,1937.9,2369.2,2153.55,2090.0
PR000387,2026-08-05,MANDI008,Moga,Rice,2039.67,2234.0,2136.85,
PR002039,2026-08-02,MANDI007,Amritsar,Cotton,6712.0,7289.55,7001.0,
PR010039,2026-04-04,,Ludhiana,Wheat,2018.14,2164.0,2090.89,2275.0
PR000511,2026-02-04,MANDI056,Amritsar,Wheat,1945.0,2348.38,2147.0,2275.0
PR010398,2026-07-29,MANDI007,Kurukshetra,Sugarcane,2978.79,3690.0,3335.0,3500.0
PR006950,2026-06-15,MANDI009,Fatehabad,Cotton,6674.0,7953.98,,
PR011261,2026-02-17,MANDI012,Patiala,Wheat,2307.02,2881.77,2594.4,2275.0
PR003041,2026-04-22,MANDI051,Ferozepur,Maize,1982.72,2281.05,2131.88,2090.0
PR008269,2026-09-04,MANDI006,Bathinda,Sugarcane,3321.42,3801.0,3561.34,3500.0
PR005226,2026-04-12,MANDI002,Bathinda,Sugarcane,,3647.1,3394.96,3500.0
PR005507,2026-01-27,MANDI056,Kurukshetra,Rice,1989.0,2280.16,2134.74,2183.0
PR003600,2026-08-27,MANDI008,Ambala,Maize,,2289.14,2210.2,2090.0
PR000468,2026-07-27,MANDI011,Fatehabad,Mustard,5857.05,,6218.12,5650.0
PR008391,2026-08-29,MANDI033,Jalandhar,Ganne,3313.52,3561.27,3437.0,3500.0
PR009628,2026-06-06,,,Sugarcane,3122.87,3696.1,3409.0,3500.0
PR010750,2026-03-20,MANDI048,Karnal,Sugarcane,3667.0,,3946.0,
PR002420,2026-01-15,MANDI026,Kurukshetra,Mustard,5502.0,6773.0,6137.53,
PR011204,2026-02-04,MANDI054,Bathinda,Sugarcane,2999.28,3475.01,3237.15,
PR005340,2026-04-21,MANDI054,Saharanpur,Wheat,2056.39,2364.0,2210.22,2275.0
PR004262,2026-07-11,MANDI039,Fatehabad,Mustard,5090.21,6231.26,5660.73,5650.0
PR004132,2026-06-18,MANDI028,Karnal,Maize,2104.0,2330.43,2217.16,2090.0
PR009697,2026-06-03,MANDI049,Ambala,Cotton,6219.0,7602.5,6910.55,6620.0
PR004762,2026-04-02,MANDI002,Ludhiana,Maize,1844.65,2064.29,1954.47,2090.0
PR003902,2026-02-16,MANDI015,Ambala,Maize,1800.62,1928.5,1864.56,2090.0
PR004503,2026-01-31,MANDI022,Ferozepur,Wheat,2275.93,2812.8,2544.0,
PR001071,2026-08-26,MANDI043,Patiala,Sugarcane,3451.3,4251.11,3851.21,
PR011499,2026-02-22,MANDI052,Saharanpur,Wheat,2292.14,,,2275.0
PR006917,2026-06-28,MANDI005,Ferozepur,Sarso,5551.79,6827.99,6189.89,
PR000401,2026-01-10,,Patiala,Maize,2126.49,,2231.71,2090.0
PR004339,2026-06-09,MANDI035,Sirsa,Maize,2142.51,2376.84,,2090.0
PR011661,2026-05-28,MANDI057,Amritsar,Sugarcane,,3899.86,3654.0,3500.0
PR008013,2026-01-10,MANDI048,Jalandhar,Cotton,6072.0,7344.0,6708.0,6620.0
PR011247,2026-04-17,MANDI013,Fatehabad,Wheat,2136.64,2634.38,2385.51,2275.0
PR007920,2026-06-01,MANDI017,Patiala,Sugarcane,3369.0,3714.28,3541.51,3500.0
PR001069,2026-10-01,MANDI006,Fatehabad,Rice,1884.79,2323.36,2104.0,2183.0
PR007501,2026-06-14,MANDI015,Patiala,Wheat,2119.67,2368.0,2243.65,2275.0
PR010353,2026-02-20,,Sirsa,Rice,1858.28,2217.27,2038.0,2183.0
PR010826,2026-01-03,MANDI023,Karnal,Cotton,6401.68,7029.0,6715.19,6620.0
PR002330,2026-08-14,MANDI022,Sirsa,Wheat,,2292.0,2126.0,
PR008797,2026-04-07,MANDI030,Sirsa,Cotton,6737.0,7475.13,7106.16,6620.0
PR000140,2026-02-01,MANDI013,Fatehabad,Cotton,6251.0,6933.71,6592.0,6620.0
PR009886,2026-03-05,MANDI002,Amritsar,Mustard,,5909.37,5566.16,5650.0
PR004042,2026-04-17,MANDI043,Fatehabad,Rice,1964.05,2132.71,2048.38,2183.0
PR003616,2026-02-06,MANDI039,Ambala,Maize,2175.0,2575.68,2375.0,2090.0
PR001725,2026-06-16,,Fatehabad,Rice,1985.0,2184.0,2085.0,2183.0
PR000596,2026-05-24,MANDI024,Ambala,Cotton,6255.14,7216.33,6736.0,6620.0
PR011055,2026-05-04,MANDI004,Patiala,Chawal,2059.0,2200.11,,2183.0
PR010230,2026-07-19,MANDI046,Patiala,Sarso,5368.6,5751.12,5559.86,
PR003253,2026-03-22,MANDI019,Moga,Maize,1803.0,1899.0,1850.93,2090.0
PR003269,2026-05-26,MANDI023,Patiala,Rice,2247.19,2794.34,2520.76,2183.0
PR001056,2026-02-03,MANDI014,Patiala,Sugarcane,3360.73,3608.6,3485.0,3500.0
PR000621,2026-09-06,MANDI046,Hisar,Mustard,5523.67,6553.5,6038.58,5650.0
PR006866,2026-07-30,MANDI056,Ferozepur,Wheat,2329.78,2683.26,2507.0,
PR002464,2026-07-26,,Hisar,चावल,2203.21,2635.87,2420.0,
PR010689,2026-08-06,MANDI029,Sirsa,Maize,1892.73,2089.42,1991.0,2090.0
PR011720,2026-04-03,MANDI016,Hisar,Maize,1783.68,2219.75,2001.71,2090.0
PR001495,2026-02-17,MANDI050,Sirsa,Maize,2089.0,2480.0,2284.78,2090.0
PR011757,2026-08-05,,Patiala,चावल,1899.44,2288.0,2093.69,2183.0
PR008196,2026-04-11,MANDI049,Ambala,Maize,1958.11,2084.99,2021.55,2090.0
PR006975,2026-02-03,MANDI046,Ludhiana,Sugarcane,3223.58,3826.2,3524.89,3500.0
PR006705,2026-01-25,MANDI028,Sirsa,Mustard,5827.0,6258.58,6042.59,5650.0
PR005799,2026-03-11,MANDI022,Sirsa,Cotton,6820.97,7817.0,7319.13,6620.0
PR005618,2026-07-23,MANDI021,Karnal,Cotton,6869.4,8472.0,7670.0,6620.0
PR003461,2026-07-29,MANDI025,Moga,Sugarcane,3079.15,3661.63,3370.39,3500.0
PR003992,2026-06-12,MANDI043,Fatehabad,Maize,2166.0,2293.04,2229.7,2090.0
PR010547,2026-06-23,MANDI040,Karnal,Wheat,2344.79,2541.41,2443.1,
PR004668,2026-03-01,MANDI041,Ludhiana,Chawal,2244.0,2385.34,2315.0,2183.0
PR009178,2026-02-14,,Fatehabad,Mustard,4877.0,5640.79,5259.0,5650.0
PR010852,2026-04-22,MANDI024,Jalandhar,Rice,1974.96,2366.0,2170.49,2183.0
PR001804,2026-03-06,MANDI024,Moga,Mustard,5128.97,5546.66,5337.81,5650.0
PR003423,2026-07-24,MANDI001,Ludhiana,Maize,2149.25,2446.6,2297.93,2090.0
PR004769,2026-05-05,MANDI004,Hisar,Mustard,5666.74,6604.65,6136.0,5650.0
PR008900,2026-06-07,,Jalandhar,Cotton,6366.0,7416.65,6891.42,6620.0
PR002531,2026-07-17,MANDI016,Moga,Rice,1880.12,2242.56,2061.34,2183.0
PR011610,2026-03-13,MANDI047,Karnal,Sarso,5506.0,5842.86,5674.3,
PR001501,2026-01-22,MANDI001,Amritsar,Rice,1865.63,1992.61,1929.12,2183.0
PR002879,2026-03-22,MANDI026,Ludhiana,Sugarcane,3374.84,3584.02,3479.43,
PR011659,2026-08-18,MANDI011,Patiala,Cotton,6208.0,7720.39,6964.26,6620.0
PR008407,2026-05-08,MANDI026,Amritsar,Cotton,,6415.0,6147.56,6620.0
PR003832,2026-03-14,MANDI012,Fatehabad,Mustard,5864.7,7037.77,6451.24,
PR005528,2026-06-16,MANDI049,Ludhiana,Sugarcane,3562.48,4285.47,3923.98,3500.0
PR004725,2026-06-27,MANDI037,Kurukshetra,Sugarcane,3007.89,3516.72,3262.3,
PR007161,2026-05-25,MANDI052,Bathinda,Rice,2066.0,2450.53,2258.27,2183.0
PR004705,2026-06-04,MANDI037,Ludhiana,Wheat,2072.5,2542.47,2307.48,2275.0
PR009204,2026-01-31,MANDI013,Hisar,Mustard,,6085.0,5689.39,5650.0
PR004676,2026-03-06,MANDI041,Karnal,Mustard,5438.56,6289.65,5864.11,5650.0
PR010038,2026-05-06,MANDI034,Jalandhar,Maize,2048.97,2199.93,2124.45,2090.0
PR008632,2026-06-22,MANDI046,Amritsar,Wheat,2093.0,2213.63,2153.56,2275.0
PR010649,2026-02-18,MANDI023,Ludhiana,Rice,1905.4,2326.36,2115.88,2183.0
PR000946,2026-02-25,MANDI027,Jalandhar,Mustard,5134.0,5750.3,5441.98,5650.0
PR000385,2026-03-22,MANDI044,Patiala,Sugarcane,3098.53,,3390.27,
PR000033,2026-08-08,MANDI026,Jalandhar,Rice,2170.28,2338.68,2254.48,2183.0
PR006029,2026-03-23,,Amritsar,Cotton,6517.0,6874.72,6695.74,
PR007153,2026-01-02,MANDI049,Ambala,Rice,1968.0,2159.93,2064.09,2183.0
PR009460,2026-02-02,MANDI050,Kurukshetra,Sugarcane,2982.0,3303.84,3142.86,3500.0
PR006350,2026-07-23,MANDI024,Jalandhar,Makki,1829.39,2169.22,1999.3,
PR007546,2026-04-02,MANDI038,Kurukshetra,Cotton,6459.0,7138.0,,6620.0
PR009870,2026-12-06,MANDI045,Fatehabad,Cotton,6829.21,7915.04,7372.13,6620.0
PR000933,2026-04-23,MANDI037,Ambala,Rice,2064.46,2476.51,2270.48,2183.0
PR004168,2026-09-03,MANDI025,Fatehabad,Sarso,5503.64,6183.0,5843.17,
PR010206,2026-04-25,MANDI015,Karnal,Maize,,2304.0,2083.06,2090.0
PR011641,2026-05-17,MANDI001,Sirsa,Sugarcane,3269.79,,3401.77,
PR000266,2026-03-19,MANDI056,Ludhiana,Rice,1927.99,2032.28,,2183.0
PR004130,2026-01-23,MANDI008,Ferozepur,Rice,2083.22,2544.76,2313.99,2183.0
PR005142,2026-07-23,MANDI035,Kurukshetra,Maize,2173.44,2396.87,2285.16,2090.0
PR003853,2026-09-03,MANDI055,Ferozepur,Rice,2013.0,2372.0,2192.0,2183.0
PR011484,2026-01-12,MANDI019,Bathinda,Wheat,2211.69,2332.46,2272.08,2275.0
PR007250,2026-01-19,,Ferozepur,Wheat,2381.32,2677.76,2530.0,
PR003631,2026-03-22,MANDI054,Jalandhar,Maize,1968.0,2168.68,2068.0,2090.0
PR006522,2026-09-02,MANDI012,Kurukshetra,Cotton,6934.22,7396.0,7165.0,6620.0
PR006421,2026-05-15,MANDI018,Sirsa,Maize,2059.69,2412.0,2236.0,2090.0
PR000904,2026-06-14,MANDI009,Jalandhar,Sugarcane,2975.83,3613.52,3294.67,
PR006763,2026-06-15,MANDI018,Karnal,Cotton,6746.79,8252.22,7499.51,6620.0
PR002110,2026-05-31,MANDI014,Patiala,Sugarcane,3390.0,3789.0,3590.0,3500.0
PR011787,2026-03-15,MANDI051,Ludhiana,Wheat,2212.0,2375.84,2293.99,
PR000437,2026-04-02,MANDI005,Amritsar,Mustard,5296.0,6324.65,,5650.0
PR004505,2026-03-04,MANDI032,,Cotton,5653.66,6545.2,6099.0,6620.0
PR007380,2026-07-30,MANDI009,Jalandhar,Makki,1914.0,2174.9,2044.49,2090.0
PR001594,2026-03-01,MANDI005,Kurukshetra,Cotton,5697.98,6792.85,6245.0,
PR002589,2026-05-24,MANDI053,Saharanpur,Sugarcane,3472.3,3950.98,3711.64,3500.0
PR009130,2026-07-01,MANDI042,Fatehabad,Sugarcane,3186.71,3520.0,,3500.0
PR006668,2026-08-20,MANDI050,Jalandhar,Sugarcane,3376.38,,3676.16,3500.0
PR005559,2026-06-21,MANDI043,Hisar,Maize,2133.0,2541.13,2337.0,2090.0
PR008240,2026-01-20,MANDI045,Ambala,Rice,,2430.0,2246.76,
PR008960,2026-06-19,MANDI022,Jalandhar,Narma,6056.0,,6711.61,6620.0
PR002288,2026-01-28,MANDI051,Kurukshetra,Mustard,4883.0,5867.48,5375.19,5650.0
PR004667,2026-04-27,MANDI042,Hisar,Rice,1914.72,2183.28,2049.0,
PR004183,2026-02-24,MANDI027,Ambala,Narma,6684.03,7944.0,,6620.0
PR010114,2026-04-08,MANDI034,Amritsar,Rice,2189.53,2484.53,2337.0,2183.0
PR005416,2026-09-09,MANDI018,Amritsar,Maize,1970.49,2268.51,2119.5,2090.0
PR007984,2026-04-10,MANDI040,Ambala,Rice,1926.18,2394.0,2159.9,
PR002226,2026-05-29,MANDI018,Ludhiana,Rice,1908.01,2031.85,1969.93,2183.0
PR002094,2026-02-13,MANDI051,Jalandhar,Cotton,6305.52,7193.74,6749.63,6620.0
PR001042,2026-06-16,MANDI008,Fatehabad,Rice,2175.75,2587.0,2381.0,2183.0
PR006117,2026-08-06,MANDI017,Moga,Mustard,5925.0,6363.34,6144.0,5650.0
PR010644,2026-08-23,MANDI040,Patiala,Mustard,,6244.8,5634.0,
PR004665,2026-04-02,MANDI050,Ambala,Rice,2222.52,2503.75,,2183.0
PR002130,2026-08-20,,Karnal,Cotton,6322.75,7696.94,7009.84,
PR005831,2026-06-26,MANDI039,Ferozepur,Rice,2198.0,2654.26,2426.37,2183.0
PR007067,2026-05-12,MANDI053,Moga,Cotton,6078.0,6889.12,6483.71,6620.0
PR006967,2026-05-29,MANDI012,Ferozepur,Wheat,2292.0,2778.65,2536.0,2275.0
PR010924,2026-07-23,MANDI025,Jalandhar,Mustard,5597.0,6158.0,5877.34,5650.0
PR003831,2026-01-12,MANDI049,Bathinda,Rice,2288.39,2722.38,2505.0,2183.0
PR007664,2026-04-22,MANDI037,Kurukshetra,Cotton,6599.9,7981.54,7291.0,6620.0
PR001280,2026-07-09,MANDI004,Patiala,Maize,1852.0,2112.35,1982.02,2090.0
PR009993,2026-03-06,MANDI007,Jalandhar,Rice,2052.58,2397.07,2224.82,
PR006922,2026-03-02,MANDI044,Agra,Mustard,5445.09,6275.65,5860.37,5650.0
PR004973,2026-02-12,MANDI005,Moga,Ganne,3572.0,4184.0,3878.0,3500.0
PR009580,2026-03-23,MANDI057,Kurukshetra,Wheat,2357.81,2734.04,2545.93,2275.0
PR005028,2026-08-10,MANDI024,Karnal,Wheat,2267.23,2769.18,2518.21,2275.0
PR004460,2026-07-28,MANDI015,Patiala,Rice,,2248.0,2083.42,2183.0
PR005736,2026-05-05,,Amritsar,Sugarcane,3555.99,4327.0,3941.69,
PR006286,2026-01-23,MANDI044,Bathinda,Maize,1804.0,2071.59,1937.72,2090.0
PR006433,2026-02-13,,Ambala,Cotton,6668.0,8046.29,7357.08,6620.0
PR008572,2026-06-21,,Jalandhar,Ganne,3042.93,3532.0,3287.0,
PR002721,2026-05-16,MANDI034,Kurukshetra,Cotton,6689.0,7402.0,7045.66,6620.0
PR007789,2026-07-17,MANDI048,Sirsa,Wheat,2338.0,2776.4,2557.3,2275.0
PR010606,2026-08-05,MANDI028,Patiala,Narma,,8055.0,7307.44,6620.0
PR001118,2026-03-18,MANDI008,Moga,Maize,2055.03,2211.0,2133.16,
PR006260,2026-04-23,MANDI035,Ambala,Mustard,5835.0,6639.32,6237.0,5650.0
PR011479,2026-07-31,MANDI018,Moga,Cotton,5894.33,7200.12,6547.23,6620.0
PR010112,2026-08-06,,Amritsar,Maize,2086.0,2372.95,2230.0,2090.0
PR009830,2026-03-26,MANDI038,Ambala,Narma,5826.53,6604.38,6215.46,6620.0
PR008550,2026-05-04,MANDI030,Sirsa,Rice,2119.0,2612.92,2366.16,2183.0
PR002582,2026-06-26,MANDI036,Karnal,Wheat,2145.67,2322.64,2234.0,2275.0
PR002401,2026-01-13,MANDI002,Jalandhar,Wheat,1993.0,2163.96,2078.67,2275.0
PR008473,2026-07-30,MANDI046,Ferozepur,Rice,2245.66,2557.52,2401.59,2183.0
PR008885,2026-04-28,MANDI018,Moga,Sugarcane,3127.06,3821.93,3474.0,3500.0
PR002202,2026-06-05,MANDI029,Bathinda,Cotton,5750.0,6620.73,6185.4,
PR002325,2026-08-07,MANDI012,Moga,Makki,1861.0,2249.27,2055.15,2090.0
PR004397,2026-07-07,MANDI011,Patiala,Cotton,,7511.0,6781.51,
PR002439,2026-07-20,,Jalandhar,Wheat,2154.72,2617.27,2385.99,2275.0
PR009386,2026-03-25,MANDI007,Jalandhar,Mustard,5525.0,6749.0,6136.58,
PR006472,2026-07-18,MANDI031,Sirsa,Ganne,3523.0,4354.67,,3500.0
PR006071,2026-06-17,MANDI019,Ludhiana,Rice,2214.05,2529.91,2371.98,
PR003516,2026-06-01,MANDI005,Karnal,Maize,1936.0,,2029.67,
PR000429,2026-05-04,MANDI056,Hisar,Wheat,2144.29,2328.81,2237.0,2275.0
PR010991,2026-11-06,MANDI024,Kurukshetra,Cotton,6334.32,6750.43,,6620.0
PR007669,2026-08-25,MANDI053,Ferozepur,Sugarcane,3560.7,3767.6,3664.15,
PR007139,2026-01-24,MANDI034,Ludhiana,Maize,1860.0,2172.0,2016.0,2090.0
PR006221,2026-08-03,MANDI046,Karnal,Rice,2059.0,2185.69,2122.47,2183.0
PR004809,2026-04-13,MANDI014,Sirsa,Mustard,5427.05,5958.0,5692.72,5650.0
PR007242,2026-02-21,MANDI040,Hisar,Mustard,5599.88,6851.0,6225.3,5650.0
PR001732,2026-03-02,MANDI050,Fatehabad,Sarso,5206.78,5761.32,5484.0,5650.0
PR001133,2026-05-10,MANDI017,Amritsar,Wheat,2203.07,2503.99,2353.53,2275.0
PR006168,2026-02-18,MANDI031,Hisar,Wheat,2052.0,2399.24,2225.5,2275.0
PR010921,2026-12-06,MANDI039,Patiala,Sugarcane,3104.0,3512.0,3307.91,
PR005819,2026-03-16,MANDI022,Ludhiana,Maize,1928.0,2046.0,1987.0,2090.0
PR011494,2026-07-07,MANDI043,Ambala,Mustard,4929.33,5969.0,5449.0,5650.0
PR009182,2026-06-17,MANDI053,Saharanpur,Rice,2243.56,2485.0,2364.0,2183.0
PR004441,2026-01-10,,Ambala,Cotton,5940.61,7017.95,6479.28,6620.0
PR009012,2026-01-23,,Bathinda,Sugarcane,3663.0,4030.0,3846.29,3500.0
PR010994,2026-08-17,MANDI029,Patiala,Maize,2066.0,2428.57,,
PR010781,2026-03-30,MANDI021,Karnal,Sarso,5893.84,7251.79,6573.0,5650.0
PR009283,2026-01-17,MANDI044,Agra,Sugarcane,3482.21,3989.0,3736.0,3500.0
PR011544,2026-08-14,MANDI015,Bathinda,Rice,2247.0,2557.34,2402.34,2183.0
PR001618,2026-05-23,MANDI040,Moga,Wheat,2117.11,2284.63,2201.0,2275.0
PR011365,2026-07-14,,Hisar,Sugarcane,3351.46,4100.15,3725.8,3500.0
PR004304,2026-01-01,MANDI034,Amritsar,Mustard,5923.0,6789.25,6356.0,5650.0
PR003946,2026-03-01,MANDI036,Hisar,Wheat,2314.7,2825.0,2570.09,2275.0
PR005934,2026-12-07,MANDI050,Moga,Mustard,5830.76,6522.62,6177.0,5650.0
PR011152,2026-03-04,,Ambala,Cotton,6646.0,7101.32,6873.48,6620.0
PR001563,2026-07-23,MANDI023,Ferozepur,Rice,2179.0,2562.74,2371.0,
PR008827,2026-01-15,MANDI037,Sirsa,Rice,2123.72,2443.02,2283.0,2183.0
PR009957,2026-03-20,MANDI032,Bathinda,Wheat,2090.58,2580.61,2336.0,2275.0
PR006734,2026-03-25,MANDI008,Amritsar,Rice,1883.0,2121.0,2002.2,2183.0
PR004935,2026-02-12,MANDI029,Sirsa,Sugarcane,3429.11,4178.7,3803.91,3500.0
PR009511,2026-07-03,MANDI012,Patiala,Narma,6261.97,7587.04,6925.0,6620.0
PR011121,2026-07-08,MANDI010,Amritsar,Makki,2051.82,,2259.0,2090.0
PR002858,2026-07-16,MANDI018,Bathinda,Sarso,5909.34,6337.15,6123.0,5650.0
PR004847,2026-01-29,MANDI056,Hisar,Chawal,2213.0,2550.65,2382.0,2183.0
PR005229,2026-06-10,MANDI010,Karnal,Mustard,5327.15,5604.74,5465.94,5650.0
PR001842,2026-02-25,MANDI054,Saharanpur,Sugarcane,,3331.0,3163.0,
PR010195,2026-05-09,MANDI049,Bathinda,Sarso,5094.77,5725.0,5410.0,5650.0
PR007377,2026-07-10,MANDI032,Fatehabad,Sugarcane,3089.82,3752.65,3421.24,3500.0
PR003126,2026-03-17,,Amritsar,Mustard,5181.0,5821.24,5501.1,5650.0
PR010982,2026-04-21,MANDI002,Moga,Maize,2109.0,2363.42,2235.98,2090.0
PR007502,2026-08-11,MANDI018,Hisar,Wheat,1955.31,2352.7,,2275.0
PR011495,2026-08-30,MANDI018,Hisar,Ganne,3118.72,3849.14,3483.93,3500.0
PR010219,2026-04-17,MANDI011,Patiala,Sugarcane,3492.0,3973.0,3732.54,
PR004361,2026-06-20,MANDI017,,Wheat,2103.43,2494.05,2299.0,2275.0
PR000020,2026-05-27,MANDI052,Saharanpur,Mustard,5841.58,7008.0,6425.0,5650.0
PR002377,2026-04-02,MANDI047,Muzaffarnagar,Cotton,6028.66,6420.0,6224.33,6620.0
PR008448,2026-02-16,MANDI053,Amritsar,Mustard,4812.93,5495.17,5154.05,
PR003380,2026-04-18,MANDI022,Sirsa,Cotton,6830.55,7607.75,7219.0,6620.0
PR007763,2026-01-16,MANDI022,Fatehabad,Chawal,2286.87,2661.0,2473.82,2183.0
PR005526,2026-09-04,MANDI009,Sirsa,Mustard,5122.0,5417.52,,5650.0
PR007830,2026-01-25,MANDI014,Bathinda,Mustard,5731.0,6483.22,6107.0,5650.0
PR007683,2026-08-08,MANDI042,Bathinda,Ganne,3612.2,4307.9,3960.05,3500.0
PR007102,2026-02-08,MANDI032,Bathinda,Maize,1978.81,2177.0,2078.0,
PR007441,2026-09-06,MANDI009,Jalandhar,Maize,1825.6,1949.91,1887.76,
PR002811,2026-01-20,MANDI017,Ludhiana,Chawal,,2284.0,2196.0,2183.0
PR008220,2026-06-16,MANDI012,Amritsar,Cotton,6184.46,7523.45,6854.0,6620.0
PR011177,2026-06-30,MANDI028,Sirsa,Rice,1927.94,2316.96,2122.0,2183.0
PR001165,2026-04-19,,Ludhiana,Cotton,5853.94,6605.57,6229.75,6620.0
PR006509,2026-01-02,MANDI030,Jalandhar,Cotton,6588.46,7894.41,7241.0,
PR007295,2026-02-12,MANDI051,Saharanpur,Wheat,2112.6,2431.0,2271.61,2275.0
PR005969,2026-06-24,MANDI048,Amritsar,Sugarcane,3672.45,4410.0,4041.24,
PR000146,2026-03-01,,Karnal,Ganne,3486.08,4190.85,3838.0,3500.0
PR011609,2026-01-07,MANDI003,Moga,Rice,,2374.67,2139.59,2183.0
PR005373,2026-07-17,MANDI033,Jalandhar,Narma,6381.0,7202.81,6791.8,6620.0
PR003856,2026-08-12,MANDI055,Karnal,Wheat,2251.0,2424.29,2337.68,
PR001137,2026-05-23,MANDI051,Ferozepur,Mustard,5385.38,6664.59,6025.0,
PR011413,2026-03-18,MANDI046,Amritsar,Ganne,3172.31,3476.0,3324.23,3500.0
PR003765,2026-04-06,MANDI044,Ludhiana,Narma,5787.0,6768.07,6278.0,
PR004089,2026-08-21,MANDI007,Patiala,Sugarcane,3267.33,3898.0,3582.84,3500.0
PR002413,2026-03-07,MANDI029,Sirsa,Wheat,1957.26,2116.0,2036.48,2275.0
PR001596,2026-03-24,MANDI049,Hisar,Sugarcane,3120.0,3682.59,3401.0,3500.0
PR003884,2026-04-16,MANDI036,Sirsa,Maize,1821.22,2178.0,1999.0,2090.0
PR004476,2026-02-26,MANDI013,Hisar,Maize,2054.49,2264.04,2159.27,2090.0
PR010589,2026-04-21,MANDI050,Moga,Makki,1797.49,1965.5,1881.0,
PR011830,2026-07-16,MANDI054,Kurukshetra,Wheat,2179.51,2448.1,2313.81,
PR003627,2026-08-01,MANDI014,Patiala,Sugarcane,3006.0,3340.0,3173.0,3500.0
PR002552,2026-08-27,MANDI053,Kurukshetra,Rice,2027.32,2478.92,2253.0,2183.0
PR000820,2026-08-14,MANDI032,Sirsa,Sugarcane,3591.28,4381.52,3986.0,3500.0
PR000975,2026-02-16,MANDI027,Hisar,Maize,1918.67,2279.0,2099.0,2090.0
PR005678,2026-06-22,MANDI027,Patiala,Wheat,2025.11,2257.72,2141.41,2275.0
PR001037,2026-05-26,MANDI010,Hisar,Maize,2124.32,2299.0,2211.62,2090.0
PR007893,2026-05-08,MANDI049,Hisar,Sugarcane,3240.58,3663.0,3452.03,3500.0
PR004909,2026-03-19,,Ludhiana,Sarso,4838.08,5101.08,4970.0,5650.0
PR011301,2026-04-19,MANDI014,Moga,Rice,2070.24,2266.47,2168.36,2183.0
PR010392,2026-01-18,MANDI052,Kurukshetra,Sugarcane,3066.0,3382.83,3224.26,3500.0
PR004008,2026-08-12,MANDI054,Saharanpur,Cotton,6666.92,7577.66,7122.29,6620.0
PR001205,2026-12-01,,Ludhiana,Sugarcane,,4148.48,3754.9,3500.0
PR000098,2026-05-22,MANDI037,Ambala,Sugarcane,3183.0,,3432.21,3500.0
PR009267,2026-03-17,MANDI038,Kurukshetra,Rice,2274.06,2563.47,2418.76,2183.0
PR006179,2026-02-06,MANDI056,Ludhiana,Maize,1854.0,2187.02,2021.0,2090.0
PR008253,2026-04-03,,Ferozepur,Sugarcane,3204.98,3598.0,3402.0,3500.0
PR001186,2026-03-14,MANDI026,Hisar,Sugarcane,3230.0,3950.49,3590.15,3500.0
PR010969,2026-06-09,,Kurukshetra,Chawal,1905.0,2039.0,1971.68,2183.0
PR010049,2026-01-19,MANDI034,Ludhiana,Sugarcane,3062.43,3227.09,3144.76,3500.0
PR007453,2026-08-31,MANDI042,Ambala,Maize,2013.0,2386.2,2199.62,2090.0
PR010706,2026-07-07,MANDI048,Moga,Rice,1962.84,2149.0,2056.0,2183.0
PR003348,2026-03-20,MANDI055,Bareilly,Maize,2029.04,2483.19,2256.0,
PR000149,2026-04-22,MANDI044,Fatehabad,Sugarcane,3089.07,3785.19,3437.13,
PR003898,2026-08-07,MANDI017,Ferozepur,Chawal,1860.08,1955.33,1907.71,2183.0
PR001419,2026-05-12,MANDI029,Ambala,Mustard,5812.0,7182.27,6496.9,5650.0
PR007229,2026-01-18,,Amritsar,Wheat,2347.0,2487.4,,2275.0
PR005771,2026-05-08,MANDI001,Kurukshetra,Sugarcane,3311.81,3847.0,3579.47,3500.0
PR003191,2026-07-24,MANDI053,Patiala,Rice,1873.0,1996.1,1935.0,
PR009321,2026-04-17,MANDI040,Amritsar,Chawal,,2376.28,2171.33,2183.0
PR011320,2026-04-07,MANDI011,Karnal,Ganne,3650.44,3904.38,3777.41,
PR002233,2026-06-24,MANDI005,Karnal,Wheat,2125.32,2446.05,2286.0,
PR003476,2026-03-21,MANDI020,Ferozepur,Sugarcane,3351.38,4151.71,3751.54,3500.0
PR005622,2026-06-29,MANDI018,Fatehabad,Maize,2059.0,2250.2,2154.0,2090.0
PR001180,2026-03-26,MANDI029,Amritsar,Cotton,6789.0,7896.67,7342.63,
PR002309,2026-03-22,MANDI030,Bathinda,Sarso,5846.0,6796.89,6321.0,5650.0
PR003351,2026-08-22,,Hisar,Ganne,3369.0,3698.82,3533.93,3500.0
PR001796,2026-09-06,MANDI001,Fatehabad,Wheat,1997.99,2264.0,2131.05,2275.0
PR009301,2026-02-18,MANDI047,Ambala,Rice,,2641.92,2457.88,
PR007565,2026-04-18,MANDI054,Patiala,Maize,1876.75,2202.27,2039.51,
PR010527,2026-05-27,MANDI009,Amritsar,Cotton,6280.1,6713.0,6496.49,6620.0
PR010266,2026-07-31,MANDI021,Karnal,Wheat,2355.0,2526.29,2440.56,2275.0
PR010451,2026-04-22,,Bathinda,Maize,1865.0,2327.0,2096.32,2090.0
PR009863,2026-03-26,MANDI046,Ambala,Maize,1979.0,2081.0,2030.0,2090.0
PR011433,2026-03-20,MANDI037,Patiala,Sugarcane,3277.84,3519.0,,
PR003575,2026-04-27,MANDI038,Sirsa,Mustard,5442.59,6649.24,6046.0,
PR008434,2026-03-16,MANDI031,Jalandhar,Sugarcane,3601.0,3984.09,3792.0,3500.0
PR003567,2026-02-02,MANDI037,Ferozepur,Maize,2100.0,2602.0,2351.11,2090.0
PR003716,2026-06-12,MANDI043,Hisar,Sugarcane,3475.47,4129.0,3802.07,3500.0
PR002315,2026-07-31,MANDI019,Ludhiana,Maize,1933.14,2339.19,2136.0,2090.0
PR006228,2026-04-26,,,Maize,2058.93,2230.57,2144.75,
PR006346,2026-02-08,MANDI037,Karnal,Rice,2259.76,2731.65,2495.7,2183.0
PR005979,2026-08-03,MANDI026,Hisar,Makki,1941.0,2089.47,2015.23,
PR000131,2026-03-18,,Patiala,Chawal,2077.0,2209.33,2143.33,2183.0
PR000855,2026-08-23,MANDI006,Jalandhar,Sugarcane,3636.08,4236.85,3936.47,3500.0
PR006600,2026-05-13,MANDI014,Ambala,Mustard,5436.28,6759.69,6097.98,5650.0
PR000115,2026-04-01,MANDI038,Ludhiana,Maize,1882.5,2202.0,2042.27,2090.0
PR000962,2026-03-06,MANDI039,Moga,Cotton,,7778.0,7240.33,6620.0
PR009271,2026-04-24,MANDI020,Jalandhar,Rice,1895.36,2046.55,1971.0,2183.0
PR003817,2026-08-25,MANDI020,Hisar,Mustard,5653.39,6995.62,6325.0,5650.0
PR008789,2026-03-27,MANDI045,Sirsa,Cotton,6469.72,7527.57,6999.0,6620.0
PR010617,2026-12-02,MANDI052,Saharanpur,Cotton,6212.09,7545.41,6879.0,
PR004995,2026-04-26,MANDI020,Jalandhar,Maize,2025.0,2148.75,2086.89,2090.0
PR000790,2026-05-26,MANDI006,Ludhiana,Mustard,5639.96,6218.18,5929.0,5650.0
PR002905,2026-03-26,MANDI042,Ludhiana,Sugarcane,3210.0,3424.81,3317.49,3500.0
PR009124,2026-04-02,MANDI008,Karnal,चावल,2217.0,2669.7,2443.3,2183.0
PR000594,2026-06-07,,Ludhiana,Wheat,2252.28,,2442.1,2275.0
PR008037,2026-07-27,,Fatehabad,Ganne,3133.24,3862.0,3497.0,3500.0
PR006052,2026-07-18,,Kurukshetra,Wheat,2170.22,2520.26,2345.0,2275.0
PR010084,2026-04-07,MANDI056,Jalandhar,Wheat,2135.45,2387.45,2261.45,2275.0
PR008949,2026-03-15,MANDI025,Kurukshetra,Rice,2231.34,2349.4,2290.0,2183.0
PR000291,2026-08-27,MANDI016,Karnal,Wheat,2256.46,2464.56,2361.0,
PR005619,2026-04-06,MANDI024,Bathinda,Maize,1837.8,2235.64,2037.0,2090.0
PR005769,2026-03-25,MANDI053,Fatehabad,Sugarcane,3495.74,4123.89,3809.81,3500.0
PR006123,2026-06-22,MANDI055,Sirsa,Mustard,5465.57,6406.62,,5650.0
PR011084,2026-04-11,MANDI045,Ambala,Narma,6263.41,6695.73,6479.57,6620.0
PR011148,2026-08-20,MANDI018,Fatehabad,Sugarcane,3509.0,,3719.7,3500.0
PR008200,2026-08-27,MANDI052,Saharanpur,Narma,5798.0,6441.0,6119.0,6620.0
PR008954,2026-06-25,,Jalandhar,Maize,1859.24,2251.0,2055.26,2090.0
PR005326,2026-08-05,MANDI030,Moga,Wheat,2060.26,,2311.79,2275.0
PR010491,2026-08-16,MANDI037,Moga,Wheat,2348.87,2779.0,2564.11,2275.0
PR006175,2026-06-21,MANDI035,Moga,Chawal,2198.3,2637.9,2418.1,2183.0
PR011784,2026-08-19,MANDI051,Ferozepur,Maize,1928.81,2219.02,2073.91,2090.0
PR004688,2026-03-06,MANDI004,Ambala,Maize,2020.0,2187.0,2103.63,2090.0
PR006744,2026-05-14,MANDI005,Amritsar,Wheat,1950.45,2237.0,2093.58,2275.0
PR011053,2026-01-10,MANDI026,Hisar,Cotton,6645.0,7817.0,7231.0,6620.0
PR006712,2026-08-18,MANDI031,Hisar,Makki,2182.6,2368.49,2276.0,
PR008775,2026-06-06,MANDI038,Karnal,Sugarcane,3051.0,3699.14,3374.82,3500.0
PR002682,2026-05-05,MANDI049,Muzaffarnagar,Cotton,6109.0,6620.2,6364.75,6620.0
PR005612,2026-02-11,MANDI014,Sirsa,Mustard,5427.63,6470.19,5948.91,5650.0
PR001765,2026-02-14,MANDI052,Kurukshetra,Mustard,5331.77,,5707.0,
PR008751,2026-06-15,MANDI048,Fatehabad,Mustard,4838.0,5792.52,5315.46,
PR011989,2026-05-03,MANDI001,Sirsa,Rice,2239.0,2724.0,2481.41,2183.0
PR008728,2026-06-07,MANDI046,,Ganne,3325.0,3640.77,3483.0,3500.0
PR010480,2026-01-21,MANDI036,Kurukshetra,Sarso,5453.01,6484.99,5969.0,5650.0
PR010817,2026-06-27,MANDI012,Jalandhar,Wheat,1988.57,2398.12,2193.0,2275.0
PR004462,2026-05-19,MANDI023,Moga,Maize,2163.49,2583.72,2374.0,2090.0
PR000835,2026-03-24,MANDI025,Karnal,Sugarcane,3275.56,3595.0,,3500.0
PR008263,2026-05-16,MANDI002,Ludhiana,Mustard,5651.0,6562.0,6106.46,5650.0
PR002585,2026-02-07,MANDI009,Kurukshetra,Wheat,2132.79,2515.84,2324.32,
PR000172,2026-05-07,MANDI005,Ludhiana,Rice,2204.7,2542.98,2374.0,2183.0
PR004648,2026-03-04,MANDI056,Bareilly,Maize,1986.52,2145.0,2065.56,2090.0
PR007336,2026-04-28,MANDI022,Hisar,Sugarcane,3364.88,4058.9,3712.0,3500.0
PR001502,2026-04-07,MANDI056,Jalandhar,Mustard,,6614.98,5968.58,5650.0
PR006704,2026-05-14,MANDI003,Fatehabad,Mustard,4905.0,5908.54,5406.91,5650.0
PR008534,2026-03-16,MANDI041,Jalandhar,Maize,1897.71,2029.07,1963.39,2090.0
PR007556,2026-01-03,MANDI029,Amritsar,Mustard,5174.0,5851.79,5513.0,
PR008795,2026-04-03,MANDI009,Jalandhar,Wheat,,2618.0,2372.77,2275.0
PR005728,2026-02-13,MANDI010,Ludhiana,Sugarcane,3581.0,4025.28,3803.0,
PR005529,2026-08-04,,Sirsa,Ganne,3426.7,,3695.7,
PR004572,2026-01-14,MANDI055,Bareilly,Mustard,5425.0,6588.07,6007.0,5650.0
PR000913,2026-01-11,MANDI041,Fatehabad,Ganne,3426.0,4282.06,3854.11,3500.0
PR009486,2026-04-05,MANDI024,Jalandhar,Rice,1889.99,2026.3,,
PR009656,2026-04-13,MANDI023,Moga,Ganne,3335.0,3572.0,3454.0,3500.0
PR002394,2026-06-16,MANDI018,Ferozepur,Cotton,6579.0,8190.82,7384.81,6620.0
PR006844,2026-01-01,MANDI055,Bareilly,Wheat,,2392.64,2257.69,2275.0
PR003050,2026-06-20,MANDI001,Ambala,Rice,1932.19,2280.27,2106.0,
PR011268,2026-05-25,MANDI004,Ludhiana,Rice,1973.71,2201.7,2088.0,2183.0
PR009996,2026-09-07,MANDI041,Amritsar,Rice,2024.56,2189.72,2107.0,2183.0
PR005049,2026-06-09,,,Sugarcane,3239.97,3517.0,3378.49,3500.0
PR009090,2026-06-07,MANDI019,Ludhiana,Makki,1837.49,2257.0,2047.23,2090.0
PR010061,2026-08-08,MANDI013,Jalandhar,Sugarcane,3155.36,3841.08,3498.22,3500.0
PR001184,2026-05-18,MANDI034,Jalandhar,Sarso,5555.86,6273.0,5914.6,
PR004027,2026-03-09,MANDI044,Fatehabad,Mustard,4944.41,5904.41,5424.0,
PR006497,2026-05-19,MANDI053,Saharanpur,Cotton,6838.37,7456.26,7147.32,6620.0
PR000198,2026-04-13,MANDI031,Karnal,Maize,,2070.09,1937.0,2090.0
PR006961,2026-01-05,MANDI051,Ferozepur,Sarso,5084.38,5611.33,,
PR001624,2026-06-03,,Hisar,चावल,2115.45,2235.52,2175.49,2183.0
PR005641,2026-07-26,MANDI032,,Wheat,,2224.92,2168.0,2275.0
PR009516,2026-03-11,MANDI002,Fatehabad,Rice,1994.0,2407.8,2201.0,2183.0
PR001117,2026-09-05,MANDI012,Ambala,Sugarcane,3299.63,3908.36,3604.0,
PR007458,2026-02-17,MANDI010,Patiala,Wheat,2041.2,2384.0,2213.0,2275.0
PR001566,2026-08-17,MANDI003,Patiala,Wheat,2345.67,2772.0,2559.05,
PR007838,2026-05-18,MANDI048,Patiala,Mustard,5573.58,6479.67,6026.63,5650.0
PR006407,2026-04-09,MANDI016,Bathinda,Sugarcane,3424.16,4062.0,3743.17,
PR003128,2026-04-23,MANDI056,Ferozepur,Ganne,2985.89,3206.31,3096.1,3500.0
PR000302,2026-04-14,MANDI047,Patiala,Makki,1886.39,2119.63,2003.01,2090.0
PR000317,2026-03-01,MANDI021,Jalandhar,Cotton,5950.0,7178.0,6564.0,6620.0
PR010442,2026-05-29,MANDI029,Patiala,Rice,1888.31,,2068.0,2183.0
PR003597,2026-06-09,,Kurukshetra,Narma,6391.87,7489.0,6940.61,
PR007571,2026-02-28,MANDI047,Sirsa,Rice,2232.93,2456.38,,2183.0
PR011037,2026-03-22,MANDI018,Ferozepur,Maize,2108.0,2524.46,2316.0,
PR010734,2026-08-27,MANDI027,Hisar,Rice,2134.87,2652.53,2394.0,2183.0
PR004050,2026-05-24,MANDI006,Hisar,Ganne,3549.0,3892.0,3720.54,3500.0
PR001817,2026-05-03,MANDI003,Hisar,Cotton,6056.77,7446.68,6751.72,
PR010290,2026-07-07,MANDI015,Amritsar,Sugarcane,3201.0,3884.0,3542.0,3500.0
PR008314,2026-03-16,MANDI006,Moga,Mustard,5792.0,6663.0,,5650.0
PR007646,2026-01-31,MANDI027,Karnal,Rice,1962.69,2421.0,2192.0,2183.0
PR004601,2026-08-09,MANDI052,Saharanpur,Wheat,2110.0,2322.45,2216.0,2275.0
PR005658,2026-04-12,MANDI040,Ludhiana,Makki,1810.0,,1972.47,2090.0
PR009647,2026-08-20,MANDI018,Ferozepur,Cotton,6287.0,6719.8,6503.29,
PR000364,2026-06-15,MANDI015,Hisar,Wheat,2264.37,2687.0,2475.59,
PR011916,2026-06-30,MANDI016,Fatehabad,Sugarcane,3288.98,4019.75,3654.0,3500.0
PR002527,2026-08-01,MANDI011,Moga,Cotton,6042.73,6540.25,6291.0,
PR007931,2026-05-17,MANDI012,Patiala,Mustard,5637.0,5935.0,5786.0,5650.0
PR004058,2026-01-16,MANDI029,Ludhiana,Sugarcane,,,3529.0,3500.0
PR004277,2026-04-22,MANDI020,Ambala,Sarso,5391.0,5978.25,5684.63,5650.0
PR006593,2026-01-06,MANDI018,Kurukshetra,Rice,2177.1,2293.0,2235.22,
PR011280,2026-09-03,MANDI041,Kurukshetra,Sugarcane,3011.67,3371.26,3191.46,3500.0
PR008928,2026-05-09,MANDI004,Ferozepur,Chawal,1998.53,2435.17,2216.85,2183.0
PR002120,2026-01-03,MANDI027,Ambala,Maize,2090.0,2477.0,2284.0,2090.0
PR011372,2026-06-29,MANDI041,Jalandhar,Mustard,5007.28,5779.6,5393.0,5650.0
PR009743,2026-05-27,MANDI027,Fatehabad,Ganne,3227.41,3657.2,3442.31,3500.0
PR003981,2026-05-04,MANDI011,Patiala,Maize,,2054.98,1984.74,2090.0
PR009295,2026-08-22,MANDI034,Kurukshetra,Wheat,2022.22,2473.32,2247.77,2275.0
PR002354,2026-06-14,MANDI006,Ambala,Sarso,5089.49,5620.24,5355.0,5650.0
PR005701,2026-04-27,MANDI026,Ferozepur,Makki,1864.19,2167.0,,
PR011608,2026-03-24,MANDI055,Moga,Mustard,4881.45,5489.0,5185.18,5650.0
PR003766,2026-07-20,MANDI002,Ludhiana,Maize,2019.0,2223.0,2121.0,2090.0
PR006878,2026-05-23,MANDI031,Fatehabad,Sugarcane,3672.28,3869.0,3770.77,3500.0
PR009444,2026-05-28,MANDI048,Hisar,Rice,2183.14,2569.59,2376.36,2183.0
PR007467,2026-06-01,MANDI036,Fatehabad,Sarso,5578.22,6886.97,6232.6,5650.0
PR001436,2026-06-09,MANDI020,Hisar,Sugarcane,3598.11,4438.56,4018.34,3500.0
PR000535,2026-04-08,MANDI050,Patiala,Ganne,3154.88,3586.0,3370.0,3500.0
PR003087,2026-09-03,MANDI026,Ambala,Maize,1788.82,2034.0,1911.55,2090.0
PR010485,2026-07-28,MANDI045,Sirsa,Mustard,5315.24,,5684.0,5650.0
PR007011,2026-05-24,MANDI036,Jalandhar,Rice,1991.0,2099.03,2044.87,2183.0
PR001710,2026-01-27,MANDI003,Kurukshetra,Sugarcane,3476.93,3952.17,3714.55,3500.0
PR011273,2026-08-31,MANDI008,Ferozepur,Maize,1843.97,2046.05,1945.0,2090.0
PR006361,2026-01-08,,Karnal,Mustard,,6327.76,6113.75,5650.0
PR000097,2026-01-29,MANDI053,Sirsa,चावल,2051.71,2190.12,2120.92,
PR010267,2026-03-25,MANDI055,Ferozepur,Wheat,2136.73,2367.93,,
PR006727,2026-08-01,MANDI004,Ludhiana,Mustard,4808.11,5538.0,5173.0,5650.0
PR007044,2026-02-05,MANDI005,Karnal,Maize,2149.85,2640.68,2395.27,2090.0
PR009476,2026-08-07,MANDI054,Patiala,Wheat,2209.56,2640.42,2425.0,2275.0
PR007031,2026-04-09,MANDI046,Ludhiana,Maize,2136.01,2508.0,2322.2,2090.0
PR006908,2026-04-22,MANDI007,Sirsa,Narma,6787.89,8184.54,7486.22,6620.0
PR011722,2026-05-03,,Ferozepur,Mustard,5835.0,7291.0,6563.0,5650.0
PR010405,2026-02-08,MANDI013,Patiala,Maize,1779.0,1897.25,1838.36,
PR005407,2026-07-27,MANDI031,Sirsa,Wheat,2317.0,2836.0,2577.0,
PR005805,2026-01-23,MANDI022,Karnal,Maize,1890.88,2173.23,2032.06,
PR008279,2026-02-17,MANDI032,Kurukshetra,Ganne,3652.89,3935.7,3794.3,3500.0
PR001734,2026-04-06,,Karnal,Cotton,6210.39,6803.3,6507.0,6620.0
PR009665,2026-07-08,MANDI043,Karnal,Rice,2238.57,2692.0,2465.07,2183.0
PR007700,2026-07-22,MANDI028,Karnal,Sarso,5854.77,6585.0,6220.02,5650.0
PR003054,2026-06-24,MANDI002,Moga,चावल,2106.22,2489.9,2298.0,2183.0
PR002850,2026-02-14,MANDI056,Bareilly,Wheat,1973.31,2187.34,2080.32,
PR002044,2026-04-20,MANDI034,Ferozepur,Mustard,5249.12,6513.19,5881.0,5650.0
PR001630,2026-06-25,MANDI022,Ferozepur,Narma,5931.0,6646.0,6289.0,
PR002888,2026-09-01,MANDI005,Patiala,Mustard,5411.01,5907.35,5659.18,5650.0
PR000114,2026-07-23,MANDI030,Ferozepur,Sugarcane,3086.0,3659.47,3373.0,3500.0
PR002109,2026-08-30,MANDI038,Jalandhar,Maize,1881.65,2241.48,2061.56,2090.0
PR002637,2026-03-25,MANDI048,Fatehabad,Wheat,,2498.07,2267.33,2275.0
PR005585,2026-04-10,MANDI030,Karnal,Rice,1865.0,2050.62,1957.92,2183.0
PR006255,2026-01-12,MANDI054,Fatehabad,Rice,2250.0,2791.0,2521.0,2183.0
PR008232,2026-01-29,MANDI029,Fatehabad,Wheat,2281.34,2546.0,2413.63,2275.0
PR002425,2026-03-19,MANDI004,Jalandhar,Sugarcane,3225.0,3854.07,3539.59,
PR008640,2026-07-20,MANDI050,Jalandhar,Rice,2254.0,,2342.25,2183.0
PR009372,2026-03-22,MANDI050,Kurukshetra,Cotton,5954.31,6338.81,6147.0,6620.0
PR008395,2026-04-11,MANDI049,Muzaffarnagar,Narma,,7376.35,6884.49,6620.0
PR003066,2026-03-24,MANDI024,Sirsa,Sugarcane,3062.29,3477.0,3269.5,3500.0
PR007674,2026-05-11,MANDI029,Jalandhar,Makki,2047.47,2232.27,2139.87,
PR010192,2026-05-21,MANDI009,Amritsar,Maize,1975.13,2451.94,2213.54,2090.0
PR002381,2026-08-07,,Jalandhar,Makki,1854.88,1959.94,1907.41,
PR009661,2026-06-16,MANDI011,Ambala,Wheat,2153.04,2668.74,2410.89,2275.0
PR002742,2026-05-03,MANDI005,Ambala,Ganne,3619.0,4201.27,3909.99,3500.0
PR007268,2026-05-12,MANDI048,Fatehabad,Sugarcane,3259.77,3513.0,,3500.0
PR003320,2026-02-12,MANDI017,Sirsa,Mustard,5187.0,6354.14,5770.0,5650.0
PR011106,2026-05-27,MANDI029,Ludhiana,Maize,1784.95,2216.9,2000.93,2090.0
PR000827,2026-02-02,MANDI010,Jalandhar,Cotton,6760.0,7253.0,7006.0,6620.0
PR006105,2026-07-27,MANDI055,Amritsar,चावल,1900.79,2258.05,,
PR011725,2026-05-31,MANDI005,Amritsar,Wheat,2025.51,2156.11,2090.81,2275.0
PR008912,2026-08-13,MANDI049,Amritsar,Maize,1994.0,2336.85,2165.0,2090.0
PR009218,2026-02-18,MANDI043,Ludhiana,Ganne,3650.34,4276.32,3963.33,
PR004122,2026-08-14,MANDI054,Kurukshetra,Cotton,6011.12,6968.75,6489.94,6620.0
PR005321,2026-07-02,MANDI035,Ambala,Mustard,5392.05,6068.68,5730.36,5650.0
PR006842,2026-03-31,MANDI039,Patiala,Narma,5684.07,6070.94,5878.0,6620.0
PR010704,2026-07-18,MANDI055,Hisar,Sugarcane,3242.0,3574.0,3407.96,3500.0
PR004270,2026-01-18,MANDI011,Ferozepur,Narma,,7639.88,7277.0,
PR005478,2026-03-24,MANDI004,Sirsa,Cotton,6047.82,6884.04,6466.0,6620.0
PR008503,2026-05-15,MANDI026,Kurukshetra,Maize,2139.28,2295.87,2218.0,2090.0
PR002870,2026-03-02,MANDI041,Amritsar,Sugarcane,3006.54,3740.94,3374.0,3500.0
PR007518,2026-03-25,,,Cotton,,7114.25,6735.0,6620.0
PR004511,2026-07-30,MANDI027,Ambala,Maize,1879.77,2107.61,1993.69,2090.0
PR009681,2026-07-17,MANDI006,Bathinda,Maize,2177.42,2345.97,2261.7,
PR010545,2026-07-14,,Amritsar,Ganne,3668.0,4572.0,4120.31,3500.0
PR005621,2026-05-29,MANDI007,Amritsar,Sugarcane,3118.0,3551.35,3335.0,
PR011596,2026-04-01,MANDI022,Moga,Mustard,5912.51,7056.2,6484.0,5650.0
PR001499,2026-04-30,MANDI014,Ferozepur,Maize,2017.26,2366.77,2192.02,2090.0
PR007742,2026-05-11,,Amritsar,Sugarcane,3576.0,4282.21,3929.2,3500.0
PR008533,2026-02-23,MANDI026,Hisar,Rice,1902.39,2217.43,2059.91,
PR000915,2026-04-29,MANDI033,Bathinda,Rice,2201.01,2491.0,2346.0,2183.0
PR002321,2026-03-14,MANDI003,Ludhiana,Maize,2031.43,2507.52,2269.48,
PR001472,2026-06-03,MANDI032,Fatehabad,Sugarcane,3185.0,3398.25,3292.0,
PR000030,2026-08-13,MANDI021,Ferozepur,Wheat,1995.5,2129.76,2062.63,
PR010535,2026-04-16,MANDI040,Bathinda,Sugarcane,3235.0,3658.95,3447.0,
PR003015,2026-06-08,MANDI003,Moga,Sarso,5163.73,5937.65,5550.69,5650.0
PR003777,2026-01-24,MANDI042,Karnal,Maize,2076.33,2572.09,2324.0,2090.0
PR001260,2026-02-08,MANDI038,Moga,Mustard,4924.12,5690.58,5307.35,5650.0
PR002361,2026-05-03,MANDI026,Patiala,Wheat,2260.0,2474.31,2367.0,2275.0
PR011734,2026-02-10,MANDI001,Moga,Rice,1878.98,2047.5,1963.24,2183.0
PR005814,2026-09-07,MANDI050,Muzaffarnagar,Wheat,2246.0,2732.38,2489.0,2275.0
PR011396,2026-08-21,MANDI012,Karnal,Mustard,5073.0,6274.44,5674.0,5650.0
PR002506,2026-03-17,MANDI043,Jalandhar,Mustard,,6280.0,5936.81,5650.0
PR002843,2026-06-06,MANDI005,Bathinda,Rice,1976.1,2126.72,2051.41,2183.0
PR000850,2026-02-23,MANDI013,Ludhiana,Wheat,,2291.33,2128.0,2275.0
PR007670,2026-05-30,MANDI018,Kurukshetra,चावल,1960.26,,2077.0,2183.0
PR010204,2026-07-08,MANDI039,Jalandhar,Makki,1836.0,2114.0,1975.0,
PR006752,2026-01-28,MANDI051,Hisar,Maize,2091.4,2574.2,2332.8,2090.0
PR006545,2026-02-18,MANDI001,Bathinda,Wheat,2104.0,2522.0,2312.89,2275.0
PR003121,2026-01-03,MANDI004,Ferozepur,Cotton,6713.61,7482.19,7097.9,6620.0
PR001697,2026-04-03,MANDI005,Kurukshetra,Cotton,6068.3,7253.16,6660.73,
PR002626,2026-03-27,MANDI003,Karnal,Wheat,2269.91,,2442.71,2275.0
PR008260,2026-03-28,MANDI029,Sirsa,Cotton,6294.47,7468.6,6882.0,6620.0
PR010802,2026-06-03,MANDI041,Fatehabad,Ganne,3364.82,4165.36,3765.09,3500.0
PR011385,2026-03-19,MANDI038,Moga,Cotton,6884.0,8019.0,7451.43,
PR001378,2026-01-07,MANDI014,Bathinda,Rice,2221.49,2449.82,2336.0,2183.0
PR000800,2026-08-28,MANDI053,Kurukshetra,Maize,,2237.55,2128.0,2090.0
PR003289,2026-08-25,MANDI020,Patiala,Rice,1910.99,2281.48,2096.23,2183.0
PR010246,2026-06-13,MANDI011,Fatehabad,Wheat,2336.48,2821.99,2579.24,
PR003328,2026-05-10,MANDI042,Ferozepur,Makki,2090.86,2494.19,2292.52,2090.0
PR011325,2026-01-07,MANDI001,Karnal,चावल,1976.0,2453.0,2214.47,
PR002559,2026-07-11,MANDI020,Fatehabad,Sarso,4837.61,5687.0,5262.28,5650.0
PR001585,2026-01-17,MANDI023,Amritsar,Mustard,5441.72,5813.31,5627.52,5650.0
PR011561,2026-07-01,MANDI027,Patiala,Maize,1926.31,2110.19,2018.25,2090.0
PR001616,2026-06-13,MANDI049,Bathinda,Maize,1881.99,2319.97,2101.0,2090.0
PR010361,2026-06-24,MANDI014,Sirsa,Cotton,6603.17,7340.98,6972.0,6620.0
PR008765,2026-01-31,MANDI026,Jalandhar,Wheat,2386.5,2546.72,2466.61,2275.0
PR005397,2026-05-09,MANDI004,Moga,Rice,2271.47,2708.15,2490.0,2183.0
PR002164,2026-07-04,,Ambala,Mustard,,6306.8,5708.03,5650.0
PR007233,2026-05-23,MANDI031,Sirsa,Rice,1952.0,2170.0,2060.9,2183.0
PR009622,2026-01-15,MANDI015,Amritsar,Sugarcane,3400.71,3601.0,3501.0,3500.0
PR011026,2026-03-25,MANDI054,Amritsar,Ganne,3426.0,4209.06,3817.45,3500.0
PR007194,2026-04-05,MANDI056,Ferozepur,Wheat,2013.82,2368.0,2191.0,2275.0
PR003010,2026-07-17,MANDI052,Kurukshetra,Wheat,2158.47,2681.0,2419.66,2275.0
PR005915,2026-03-29,MANDI001,Patiala,Maize,2138.23,,2363.0,2090.0
PR003042,2026-06-25,MANDI025,Patiala,Sugarcane,2975.23,3173.08,3074.0,3500.0
PR008510,2026-07-06,MANDI017,Ludhiana,Rice,2281.0,2518.46,2399.76,2183.0
PR006424,2026-03-27,,Moga,Rice,2216.98,2512.0,2364.69,2183.0
PR000972,2026-01-18,,Kurukshetra,Sugarcane,3142.91,3822.07,3482.0,3500.0
PR009406,2026-05-23,MANDI011,Ludhiana,Sugarcane,3153.24,3672.97,3413.11,3500.0
PR006621,2026-05-05,MANDI019,Sirsa,Maize,2164.49,2425.0,2294.53,
PR007774,2026-09-05,MANDI055,Karnal,Sugarcane,3628.0,4050.37,3839.41,3500.0
PR005074,2026-02-09,,Kurukshetra,Sugarcane,3048.0,3719.22,3383.65,3500.0
PR002831,2026-06-02,MANDI034,Ferozepur,Sugarcane,3625.24,4114.1,,3500.0
PR005910,2026-07-28,MANDI028,Ferozepur,Wheat,2354.0,2498.48,2426.0,2275.0
PR011686,2026-05-23,MANDI054,Ferozepur,Sugarcane,3189.0,3378.66,3283.97,3500.0
PR011771,2026-04-22,MANDI040,Hisar,Sugarcane,3414.21,4171.56,3792.88,3500.0
PR003153,2026-04-10,MANDI051,Amritsar,Mustard,5803.06,7139.32,6471.19,5650.0
PR005067,2026-08-21,MANDI027,Bathinda,Cotton,6407.0,7258.97,6833.09,6620.0
PR004609,2026-03-06,MANDI021,Karnal,Cotton,6135.0,6524.79,6330.14,6620.0
PR008972,2026-04-21,MANDI015,Fatehabad,Sugarcane,3609.55,4117.45,3863.5,3500.0
PR009606,2026-02-27,MANDI047,Ludhiana,Wheat,2372.37,2932.0,2652.1,
PR004134,2026-03-12,MANDI046,Jalandhar,Maize,1896.0,2021.65,1959.0,2090.0
PR000910,2026-08-07,MANDI006,Karnal,Rice,1919.43,2071.89,1995.66,2183.0
PR007354,2026-02-27,MANDI049,Karnal,Sugarcane,3224.0,3493.72,3358.69,
PR004989,2026-08-29,,Jalandhar,Wheat,1945.84,2397.86,2171.85,2275.0
PR010664,2026-02-17,MANDI023,Moga,Wheat,2364.99,2876.0,2621.0,2275.0
PR005087,2026-07-06,MANDI039,Hisar,Narma,5871.0,6368.0,6119.25,
PR000791,2026-09-04,MANDI030,Kurukshetra,Maize,,2195.41,2134.0,2090.0
PR004315,2026-07-15,MANDI008,Amritsar,Mustard,5905.97,6561.32,6234.0,5650.0
PR004292,2026-06-20,MANDI045,Patiala,Sarso,5164.0,5549.46,5356.66,5650.0
PR002768,2026-03-31,,,Sugarcane,3361.97,3646.67,3504.0,
PR011438,2026-02-18,MANDI039,Fatehabad,Maize,1790.86,,1929.0,2090.0
PR008479,2026-08-01,MANDI048,Fatehabad,Sugarcane,3345.04,3846.0,3595.35,3500.0
PR008055,2026-05-18,MANDI020,Fatehabad,Maize,1795.34,2223.09,2009.0,2090.0
PR000247,2026-05-06,MANDI029,Ferozepur,Maize,2004.5,2253.78,2129.14,2090.0
PR007583,2026-05-16,MANDI011,Sirsa,Maize,2149.88,2566.7,2358.29,2090.0
PR001948,2026-04-15,MANDI003,Patiala,Cotton,5985.0,7138.63,6562.0,6620.0
PR000815,2026-08-22,MANDI010,Amritsar,Wheat,2341.6,2836.08,2588.84,2275.0
PR004384,2026-08-05,MANDI023,Amritsar,Mustard,5825.32,7254.73,6540.03,5650.0
PR001931,2026-02-17,MANDI030,Moga,Sugarcane,3357.0,3607.93,3482.43,3500.0
PR005967,2026-03-02,,Jalandhar,Mustard,5838.65,7168.18,6503.42,5650.0
PR005155,2026-05-15,MANDI026,Moga,Sugarcane,3530.78,4027.12,3779.0,3500.0
PR002725,2026-03-08,MANDI032,,Cotton,5731.06,7112.16,6422.0,
PR005731,2026-03-07,MANDI043,Ambala,Narma,5636.05,6961.0,6298.71,6620.0
PR010841,2026-08-26,MANDI011,Sirsa,Wheat,2320.03,2629.0,2475.0,2275.0
PR006097,2026-04-30,MANDI028,Hisar,Wheat,2152.0,2386.15,2268.87,2275.0
PR004843,2026-05-28,MANDI029,Moga,Maize,,2247.75,2149.0,2090.0
PR010810,2026-04-07,,Ludhiana,Cotton,6565.06,6949.0,6757.26,6620.0
PR002081,2026-01-05,MANDI011,Jalandhar,Wheat,2347.0,2743.0,2545.0,2275.0
PR010830,2026-04-28,MANDI057,Bareilly,Cotton,6169.0,7628.0,,6620.0
PR001259,2026-07-13,MANDI041,Bathinda,Maize,2073.0,2353.74,2213.32,2090.0
PR002466,2026-06-26,MANDI026,Ludhiana,Wheat,2269.98,2522.35,2396.0,2275.0
PR001422,2026-02-05,MANDI039,Ferozepur,Cotton,6784.69,7150.05,6967.37,6620.0
PR005995,2026-04-07,MANDI053,Bathinda,Wheat,2013.0,2275.71,2144.0,2275.0
PR006133,2026-01-11,MANDI051,Ludhiana,Cotton,6107.0,6743.0,6424.55,
PR004401,2026-04-25,MANDI037,Amritsar,Mustard,5144.41,6167.14,5655.77,5650.0
PR011611,2026-01-25,,Hisar,Ganne,,3762.0,3450.0,3500.0
PR000016,2026-09-01,MANDI009,Hisar,Wheat,2222.0,2365.54,2293.77,2275.0
PR010349,2026-05-13,MANDI023,Kurukshetra,Wheat,2097.0,,2296.53,2275.0
PR007432,2026-07-02,MANDI048,Karnal,Rice,1940.73,2084.04,2012.38,
PR010455,2026-04-24,MANDI001,Ferozepur,Wheat,2126.0,2449.04,2287.46,2275.0
PR004239,2026-06-11,MANDI046,,Wheat,2067.54,2226.24,2146.89,2275.0
PR011314,2026-08-10,MANDI024,Jalandhar,Maize,1951.1,2195.0,2073.0,2090.0
PR002608,2026-07-25,MANDI053,Ambala,Cotton,6207.57,,6593.0,
PR008666,2026-04-30,MANDI003,Ambala,Narma,6239.0,7340.81,6790.0,6620.0
PR001590,2026-07-10,MANDI036,Jalandhar,Maize,1956.0,2291.44,2123.7,2090.0
PR007777,2026-03-02,,Sirsa,Rice,2038.82,2544.36,2291.59,
PR009805,2026-06-15,MANDI002,Ambala,Rice,2203.87,2559.98,2381.92,
PR009172,2026-02-09,MANDI052,Patiala,Mustard,5800.0,6547.0,6173.69,5650.0
PR011619,2026-01-04,MANDI022,Patiala,Maize,2123.51,2250.79,,
PR001028,2026-04-09,MANDI040,Moga,Maize,2181.9,2602.28,2392.09,
PR008295,2026-08-25,MANDI052,Karnal,Mustard,4919.31,6003.93,5461.62,5650.0
PR010858,2026-08-27,MANDI043,Sirsa,Sugarcane,3452.01,3780.0,3616.21,3500.0
PR005761,2026-07-17,MANDI046,Sirsa,Wheat,2129.21,2587.0,2357.98,2275.0
PR003138,2026-01-03,MANDI032,Amritsar,Rice,2172.35,2707.25,,
PR001468,2026-06-21,MANDI005,Ambala,Sugarcane,3216.81,3772.84,3494.83,3500.0
PR004020,2026-03-03,MANDI057,Ambala,Sugarcane,3237.0,3512.85,3374.76,3500.0
PR005738,2026-09-02,MANDI032,Sirsa,Mustard,4912.21,5713.14,5312.68,5650.0
PR003440,2026-04-01,MANDI052,Bathinda,Mustard,5211.47,5933.0,5572.02,5650.0
PR003572,2026-04-28,MANDI038,Sirsa,Maize,1843.17,2215.0,,2090.0
PR009600,2026-08-26,MANDI056,Karnal,Wheat,2040.0,,2254.0,2275.0
PR008180,2026-05-02,MANDI037,Ferozepur,Wheat,2229.38,2677.95,2454.0,
PR000032,2026-05-26,MANDI045,Fatehabad,Cotton,6705.8,8315.69,7511.0,6620.0
PR009696,2026-06-24,,,Wheat,2359.88,2945.0,2653.0,2275.0
PR011281,2026-01-05,MANDI048,Ambala,Sugarcane,3274.0,3978.15,,
PR009949,2026-02-14,MANDI005,Kurukshetra,Wheat,2156.49,2659.29,,
PR001799,2026-09-05,MANDI006,Patiala,Mustard,5375.83,6078.0,5727.0,5650.0
PR005099,2026-01-31,MANDI009,Ludhiana,Sarso,5727.22,6906.4,,5650.0
PR003760,2026-03-16,,Sirsa,Rice,2038.86,2155.0,2097.04,2183.0
PR001703,2026-04-18,,Amritsar,Cotton,6048.33,7431.74,6740.04,6620.0
PR003303,2026-01-17,MANDI009,Moga,Wheat,2137.74,2256.35,2197.04,2275.0
PR007938,2026-06-28,MANDI049,Kurukshetra,Cotton,5940.0,7066.0,6502.82,
PR007402,2026-06-02,MANDI016,Jalandhar,Rice,2288.83,2801.0,2544.97,2183.0
PR008899,2026-06-22,MANDI005,Kurukshetra,Chawal,,2216.0,2135.0,2183.0
PR010543,2026-02-09,MANDI039,Sirsa,Sugarcane,3580.0,3776.32,3678.18,
PR011287,2026-03-24,MANDI055,Ferozepur,Wheat,2305.8,2801.32,2553.56,2275.0
PR001529,2026-03-28,,,Sugarcane,3402.0,4153.0,3777.31,3500.0
PR011236,2026-05-09,MANDI032,Moga,Wheat,2336.06,2635.16,2486.0,
PR004256,2026-05-30,MANDI010,Amritsar,Sarso,5661.0,6958.0,6309.55,5650.0
PR011441,2026-01-03,MANDI051,Fatehabad,Mustard,5660.0,7039.0,6349.51,5650.0
PR009906,2026-05-13,MANDI028,Hisar,Sugarcane,3281.42,3463.0,,3500.0
PR003651,2026-08-31,MANDI038,Kurukshetra,Mustard,4946.7,5950.52,,5650.0
PR007811,2026-08-07,MANDI051,Ludhiana,Rice,2258.78,2794.31,2526.54,2183.0
PR011404,2026-03-26,MANDI033,Patiala,Rice,2288.0,2845.0,2566.68,2183.0
PR010404,2026-05-30,MANDI010,Sirsa,Cotton,,7790.66,7161.03,
PR008753,2026-08-11,MANDI028,Hisar,Mustard,5446.0,5810.75,5629.0,5650.0
PR007133,2026-06-28,MANDI010,Amritsar,Sugarcane,3393.09,3797.42,3595.25,3500.0
PR008685,2026-05-27,MANDI010,Karnal,Maize,1945.76,2392.47,2169.12,2090.0
PR009403,2026-03-22,MANDI013,Kurukshetra,Narma,5638.0,6425.85,6032.12,6620.0
PR009129,2026-04-11,MANDI026,Amritsar,Chawal,1927.08,2344.0,2135.69,
PR007611,2026-02-25,MANDI014,Patiala,Rice,2156.0,2501.0,2328.98,2183.0
PR010715,2026-02-07,MANDI018,Jalandhar,Mustard,5343.78,5806.58,5575.18,5650.0
PR008092,2026-07-25,MANDI004,Patiala,Wheat,1941.93,2317.0,,2275.0
PR005068,2026-02-15,MANDI004,Bathinda,Wheat,2241.0,2532.21,2386.56,
PR001988,2026-01-02,MANDI042,Ambala,Sugarcane,3410.0,4251.57,3830.61,3500.0
PR001350,2026-04-26,MANDI006,Jalandhar,Wheat,2264.0,2482.92,2374.0,2275.0
PR003290,2026-01-24,MANDI007,Kurukshetra,Maize,,2072.92,1995.0,2090.0
PR001918,2026-04-20,MANDI008,Amritsar,Rice,2138.0,2469.84,2304.14,2183.0
PR002452,2026-07-04,MANDI040,Amritsar,Cotton,6944.0,8331.08,7637.63,6620.0
PR010722,2026-03-04,,Amritsar,Maize,2080.55,2227.0,2153.88,2090.0
PR005011,2026-03-18,MANDI048,Muzaffarnagar,Wheat,2310.06,2538.15,2424.0,2275.0
PR000984,2026-08-09,MANDI037,Ferozepur,Maize,2036.96,2267.0,2152.0,2090.0
PR005399,2026-08-11,MANDI043,Fatehabad,Sugarcane,3327.02,3538.42,3432.72,3500.0
PR010214,2026-04-20,MANDI057,Bareilly,Cotton,6450.8,7198.0,6824.0,6620.0
PR011169,2026-04-15,MANDI026,Hisar,Rice,1885.34,2207.37,2046.0,
PR011395,2026-08-21,MANDI039,Jalandhar,Sarso,5506.04,6300.0,5902.84,5650.0
PR008205,2026-08-02,MANDI020,Ferozepur,Rice,2162.48,2608.82,2386.0,2183.0
PR006181,2026-06-25,MANDI053,Amritsar,Sugarcane,3236.0,3882.0,3559.04,3500.0
PR007141,2026-01-30,MANDI052,Ferozepur,Mustard,5556.66,6606.61,6081.63,5650.0
PR010538,2026-05-24,MANDI039,Amritsar,Maize,2126.0,2406.0,,
PR009679,2026-04-01,MANDI032,Ambala,Sugarcane,3398.0,3814.0,3605.87,3500.0
PR006809,2026-04-20,MANDI056,Moga,Mustard,5869.8,7148.34,6509.07,5650.0
PR002175,2026-07-08,MANDI001,Kurukshetra,Rice,2186.0,2321.44,2253.6,2183.0
PR002156,2026-06-24,MANDI027,Kurukshetra,Maize,2140.0,2391.96,2265.81,2090.0
PR010980,2026-06-27,MANDI007,Fatehabad,Mustard,,5776.48,,5650.0
PR000514,2026-05-24,MANDI056,Ambala,Sugarcane,3590.0,4312.4,3951.25,3500.0
PR009677,2026-07-18,,Moga,Rice,2015.04,2387.38,2201.21,2183.0
PR004302,2026-06-08,MANDI047,Jalandhar,Mustard,5584.0,6765.46,6175.0,
PR007870,2026-05-25,MANDI015,Fatehabad,Mustard,5277.51,5912.0,5594.75,5650.0
PR001357,2026-04-28,MANDI030,Amritsar,Mustard,5605.0,6969.18,6287.04,5650.0
PR001080,2026-09-03,MANDI039,Kurukshetra,Rice,2166.0,2380.56,2273.21,2183.0
PR001843,2026-05-26,,Fatehabad,Sugarcane,3488.0,4241.0,3864.47,3500.0
PR003463,2026-09-09,,Ferozepur,Mustard,5079.69,,5220.25,5650.0
PR004942,2026-06-05,,Moga,Sarso,4835.31,5146.0,4991.0,5650.0
PR010368,2026-08-02,MANDI030,Ambala,Sugarcane,3354.1,3578.49,3466.0,3500.0
PR004127,2026-09-03,MANDI045,Ludhiana,Rice,2233.26,2781.0,2507.0,
PR008522,2026-09-07,,Patiala,Cotton,6679.27,7250.54,6964.9,6620.0
PR009620,2026-06-26,MANDI045,Ludhiana,Cotton,6826.0,,7645.0,
PR000968,2026-07-24,MANDI055,Sirsa,Maize,1985.0,,2225.15,2090.0
PR007138,2026-01-05,MANDI001,Karnal,Maize,1936.54,2333.34,2135.0,2090.0
PR004501,2026-01-09,MANDI014,Kurukshetra,Cotton,6601.6,7403.0,7002.0,
PR007536,2026-07-29,MANDI033,Ferozepur,Mustard,5603.22,6731.0,6167.0,5650.0
PR005705,2026-05-30,MANDI025,Moga,Maize,2118.22,,2288.0,2090.0
PR000329,2026-09-09,MANDI034,Jalandhar,Ganne,3444.0,4007.87,3726.02,
PR002651,2026-08-20,MANDI023,Kurukshetra,Wheat,2267.76,2447.0,2357.0,2275.0
PR001671,2026-03-05,MANDI049,Jalandhar,Cotton,6807.23,7817.58,7312.0,6620.0
PR002221,2026-02-28,MANDI007,Jalandhar,Sarso,5310.53,6038.57,,
PR003132,2026-06-29,MANDI046,,Mustard,5581.0,5994.37,5787.8,5650.0
PR008105,2026-08-24,MANDI003,Bathinda,Rice,,2512.79,2340.0,2183.0
PR010384,2026-06-04,MANDI022,Ambala,Sarso,4838.0,5283.0,5060.86,5650.0
PR008898,2026-08-22,MANDI005,Jalandhar,चावल,2037.0,2473.59,2255.37,2183.0
PR010877,2026-05-25,MANDI024,Bathinda,Sugarcane,3613.25,,3967.43,3500.0
PR003927,2026-07-04,,Jalandhar,Cotton,5799.78,6315.07,6057.43,
PR006821,2026-07-04,MANDI039,Karnal,Ganne,3661.0,4551.21,4105.85,3500.0
PR002410,2026-01-06,MANDI021,Patiala,Maize,2116.0,2376.0,2246.0,2090.0
PR000597,2026-03-26,MANDI020,Moga,Cotton,6251.63,7501.72,6876.68,6620.0
PR010514,2026-08-28,MANDI014,Patiala,Maize,1811.39,2011.37,1911.38,2090.0
PR010748,2026-08-07,MANDI045,Karnal,Cotton,6511.21,7649.85,7080.53,6620.0
PR010932,2026-07-11,MANDI047,Sirsa,Rice,2239.57,2572.96,2406.26,2183.0
PR005611,2026-03-25,MANDI056,Bareilly,Sugarcane,3546.7,3829.12,3687.91,3500.0
PR001014,2026-09-06,MANDI055,Patiala,Wheat,2184.09,2611.22,2397.65,2275.0
PR002790,2026-02-03,MANDI025,Sirsa,Mustard,5660.25,6765.94,6213.1,5650.0
PR000286,2026-03-04,MANDI039,Hisar,Wheat,2334.21,2568.0,2450.94,2275.0
PR005063,2026-07-03,MANDI056,Ludhiana,Wheat,1975.0,,2098.67,2275.0
PR001321,2026-02-06,MANDI003,Bathinda,Rice,1909.91,2121.71,2015.81,2183.0
PR002993,2026-06-20,MANDI056,Bathinda,Maize,1943.14,2163.92,2054.0,2090.0
PR011471,2026-01-27,MANDI014,Kurukshetra,Cotton,5811.0,6807.89,6309.57,6620.0
PR004905,2026-08-09,MANDI033,Ambala,Sugarcane,3360.0,3826.0,3592.93,3500.0
PR005691,2026-01-05,MANDI033,Patiala,Sugarcane,3483.51,4224.0,3853.95,
PR002800,2026-07-24,MANDI049,Amritsar,Maize,1817.73,2038.0,1927.98,2090.0
PR005572,2026-05-20,MANDI048,Muzaffarnagar,Sugarcane,3549.0,4021.02,3785.0,3500.0
PR006816,2026-05-07,MANDI027,Karnal,Chawal,1974.55,2434.0,2204.36,2183.0
PR007624,2026-05-25,MANDI028,Ludhiana,Sugarcane,3397.76,3864.05,3630.9,3500.0
PR007963,2026-01-24,MANDI034,Fatehabad,Sugarcane,3379.06,3927.3,3653.18,
PR000128,2026-07-27,MANDI044,Agra,Narma,,7883.47,7315.92,6620.0
PR002598,2026-09-05,MANDI055,Fatehabad,Rice,2155.49,2296.95,2226.22,2183.0
PR000220,2026-01-10,MANDI041,Ferozepur,Rice,1907.89,2163.0,2035.0,2183.0
PR001214,2026-04-24,,,Wheat,2198.0,2689.4,2443.84,2275.0
PR006578,2026-06-16,MANDI026,Ferozepur,Mustard,5133.0,6397.13,5765.16,5650.0
PR010023,2026-04-28,MANDI048,Moga,Rice,2209.13,2394.54,2302.0,2183.0
PR002255,2026-08-10,MANDI030,Bathinda,Maize,1858.0,2205.0,2031.58,2090.0
PR010590,2026-05-31,MANDI035,Ambala,Rice,2123.94,2427.0,2275.0,2183.0
PR010122,2026-06-03,MANDI033,Jalandhar,Sugarcane,3654.91,4457.54,4056.23,3500.0
PR010236,2026-07-24,MANDI012,Jalandhar,Mustard,5709.14,6988.46,6348.8,5650.0
PR004780,2026-05-13,,Karnal,Maize,2135.0,2307.2,2221.14,2090.0
PR002478,2026-01-23,MANDI039,Bathinda,Rice,1919.0,,2030.17,2183.0
PR011843,2026-02-05,MANDI025,Karnal,Maize,2116.97,2591.27,,2090.0
PR006320,2026-01-04,MANDI041,Moga,Rice,2198.0,2732.68,2465.39,2183.0
PR007463,2026-07-27,MANDI006,Kurukshetra,Rice,1887.0,,2042.36,
PR002952,2026-03-27,MANDI015,Fatehabad,Sugarcane,3224.0,3683.0,3453.0,3500.0
PR001695,2026-08-30,MANDI030,Fatehabad,Wheat,2130.46,,2280.13,2275.0
PR005660,2026-03-08,,Patiala,Wheat,2110.2,2572.0,2341.12,
PR004374,2026-06-06,MANDI030,Ambala,Maize,2003.14,2301.0,2152.0,
PR006791,2026-02-25,MANDI015,Hisar,Cotton,5699.58,6857.64,6278.61,
PR002921,2026-05-13,MANDI042,Fatehabad,Narma,6012.69,6983.0,6498.07,6620.0
PR006938,2026-03-24,MANDI035,Ludhiana,Sarso,4896.0,,5453.0,5650.0
PR000878,2026-05-29,MANDI011,Ludhiana,Cotton,6811.26,7310.39,7061.0,6620.0
PR005892,2026-03-17,MANDI037,Kurukshetra,Ganne,3264.0,3812.92,3538.67,
PR003486,2026-05-14,MANDI018,Moga,Cotton,6738.6,,7478.0,6620.0
PR011987,2026-01-02,MANDI007,Amritsar,Makki,1799.0,1980.19,1889.0,2090.0
PR007023,2026-02-02,MANDI005,Moga,Rice,2096.76,,2151.71,
PR010342,2026-07-14,MANDI016,Jalandhar,Wheat,2349.0,2502.17,2425.65,
PR003321,2026-07-02,MANDI030,Bathinda,Mustard,5293.89,6183.0,5738.58,5650.0
PR001561,2026-01-10,MANDI053,Moga,Cotton,6424.24,7587.7,7006.0,6620.0
PR000360,2026-02-27,MANDI055,Ferozepur,Sarso,5783.52,7220.0,6501.62,5650.0
PR009751,2026-02-04,MANDI054,Kurukshetra,Rice,2232.22,2539.69,2385.96,
PR007199,2026-06-29,MANDI034,Fatehabad,Wheat,2003.18,2227.74,2115.46,2275.0
PR010386,2026-06-07,MANDI002,Ludhiana,Rice,2009.14,2394.77,,2183.0
PR009497,2026-08-02,MANDI001,Jalandhar,Ganne,3436.0,3659.0,3547.77,3500.0
PR000967,2026-08-13,MANDI022,Bathinda,Wheat,2046.92,2167.82,2107.37,
PR011741,2026-07-09,MANDI036,Ferozepur,Maize,1792.26,1973.52,1883.0,2090.0
PR006337,2026-03-15,MANDI052,Sirsa,Sugarcane,3253.13,3580.83,3416.98,3500.0
PR005461,2026-07-08,MANDI055,Bareilly,Rice,2246.0,2780.19,2513.1,2183.0
PR011604,2026-04-06,MANDI031,Sirsa,Maize,1862.0,1967.0,1914.23,2090.0
PR011130,2026-02-03,MANDI008,Ludhiana,Mustard,5339.68,6549.31,5944.5,5650.0
PR011960,2026-06-19,MANDI020,Ferozepur,Mustard,5019.76,5762.35,5391.0,5650.0
PR001021,2026-08-30,MANDI041,Ludhiana,Sugarcane,3023.0,3655.0,3339.37,3500.0
PR008639,2026-06-19,MANDI047,Ambala,Cotton,6936.41,7741.0,7338.76,
PR000562,2026-06-03,MANDI028,Hisar,Sugarcane,3427.42,3711.0,3569.0,3500.0
PR000253,2026-01-31,MANDI022,Kurukshetra,Wheat,1957.0,2286.0,2121.09,2275.0
PR002196,2026-03-04,MANDI020,Ambala,Wheat,1954.43,2058.9,2006.66,2275.0
PR006648,2026-02-04,MANDI031,Ambala,Sarso,5190.94,5512.0,5351.44,5650.0
PR005245,2026-07-12,MANDI044,Agra,Wheat,1956.43,2417.64,2187.03,2275.0
PR003280,2026-04-07,MANDI013,Patiala,Wheat,1965.85,2078.0,2022.0,2275.0
PR002606,2026-04-25,MANDI002,Ambala,Cotton,5769.66,6341.0,6055.19,6620.0
PR000512,2026-01-05,MANDI040,Kurukshetra,चावल,2144.0,2537.9,2341.0,2183.0
PR004592,2026-05-13,MANDI024,Patiala,Maize,1801.63,2116.76,1959.19,2090.0
PR010989,2026-06-17,MANDI004,Kurukshetra,Maize,1969.36,2432.46,2200.91,2090.0
PR005921,2026-01-16,,Amritsar,Sugarcane,3458.49,4094.52,3777.0,3500.0
PR002475,2026-03-18,MANDI017,Jalandhar,Ganne,3603.0,3907.0,3755.31,3500.0
PR003527,2026-10-07,MANDI036,Patiala,Wheat,1986.0,2117.64,2051.98,2275.0
PR001677,2026-03-24,MANDI049,Ambala,चावल,2138.44,2547.0,2342.84,
PR009035,2026-05-10,MANDI044,Agra,Maize,2044.24,2444.84,2245.0,
PR009076,2026-03-30,MANDI004,Ludhiana,Sugarcane,3469.0,4141.16,3805.0,3500.0
PR009175,2026-06-07,MANDI033,Jalandhar,Maize,2184.0,2454.64,2319.0,2090.0
PR006610,2026-09-03,MANDI006,Sirsa,Cotton,5885.42,6512.83,6199.13,
PR000733,2026-08-16,MANDI029,Jalandhar,Maize,2005.61,2132.0,,
PR010042,2026-07-03,MANDI036,Kurukshetra,Sarso,5706.64,6371.0,6038.64,5650.0
PR005123,2026-01-21,MANDI002,Jalandhar,Maize,1990.19,2439.69,2214.94,2090.0
PR000244,2026-01-08,MANDI018,Moga,Mustard,5789.39,6935.24,6362.0,5650.0
PR007544,2026-02-23,MANDI048,Ludhiana,Rice,2136.2,2402.43,2269.0,
PR010371,2026-03-18,MANDI024,Ambala,Wheat,1948.0,2421.07,2184.66,2275.0
PR004463,2026-05-18,MANDI039,Patiala,Rice,2012.0,,2176.0,2183.0
PR005052,2026-06-16,,Ludhiana,Rice,1911.96,2103.62,2008.0,2183.0
PR003084,2026-07-06,MANDI057,Ludhiana,Mustard,5387.68,6593.0,5990.3,5650.0
PR009449,2026-03-02,MANDI010,Patiala,Sarso,4850.74,5798.0,5324.0,5650.0
PR011709,2026-08-29,MANDI056,Bathinda,Wheat,2311.17,2721.32,2516.24,2275.0
PR010296,2026-07-06,MANDI020,Amritsar,Sugarcane,3181.38,3399.0,3290.21,3500.0
PR009051,2026-01-15,MANDI006,Ambala,Rice,2048.85,2292.0,2170.27,2183.0
PR006404,2026-01-15,MANDI018,Hisar,चावल,1955.74,2066.0,2010.81,2183.0
PR008214,2026-09-03,MANDI020,Bathinda,Wheat,2241.82,2574.0,2408.1,2275.0
PR008606,2026-04-13,MANDI029,Jalandhar,Rice,1975.91,2315.79,2146.0,2183.0
PR004916,2026-05-13,MANDI056,Ferozepur,Mustard,5781.0,6840.55,6310.93,5650.0
PR007642,2026-02-10,MANDI048,Hisar,Ganne,3621.52,4415.37,4018.45,3500.0
PR000592,2026-04-13,MANDI045,Ludhiana,Maize,1905.0,2268.0,2087.0,
PR000088,2026-01-28,MANDI023,Fatehabad,Ganne,3098.74,3762.77,3431.0,3500.0
PR007641,2026-03-21,MANDI048,Karnal,Mustard,4810.98,5408.23,5110.0,
PR004082,2026-04-01,MANDI024,Kurukshetra,Ganne,3302.0,3861.31,,3500.0
PR008906,2026-04-12,,Ferozepur,Makki,2163.4,2638.0,2400.46,
PR002446,2026-09-07,MANDI018,Amritsar,Maize,2022.94,2524.56,2274.0,2090.0
PR011270,2026-03-02,MANDI007,Ferozepur,Makki,1873.29,2048.53,1961.0,2090.0
PR010382,2026-08-20,MANDI012,Patiala,Sarso,5647.52,7013.0,6330.43,5650.0
PR007989,2026-08-25,,Patiala,Wheat,2374.02,2699.02,2536.52,2275.0
PR001867,2026-02-23,MANDI022,Amritsar,Sugarcane,3064.0,3474.9,,
PR002027,2026-03-28,MANDI057,Jalandhar,Mustard,5417.0,6366.1,5892.0,5650.0
PR009356,2026-02-20,,Ferozepur,Wheat,2251.09,2529.51,2390.3,2275.0
PR005242,2026-06-18,MANDI003,Ludhiana,Maize,1950.23,2374.97,2163.0,
PR011568,2026-01-06,MANDI012,Kurukshetra,Wheat,2301.73,2857.0,2579.27,2275.0
PR004128,2026-06-28,MANDI057,Ludhiana,Makki,2091.28,2512.0,2302.0,2090.0
PR001346,2026-07-18,,Fatehabad,Maize,1867.0,1995.19,1931.26,2090.0
PR009860,2026-05-11,MANDI043,Sirsa,Cotton,6436.0,8015.0,,6620.0
PR001513,2026-06-23,MANDI004,Patiala,Sarso,5472.0,6722.03,6096.92,
PR009176,2026-03-02,MANDI005,Amritsar,Maize,2126.42,2572.68,2349.55,2090.0
PR010593,2026-05-29,MANDI043,Ferozepur,Maize,1938.48,2309.59,2124.04,2090.0
PR004577,2026-09-04,,Ludhiana,Narma,6365.07,7592.0,6978.0,6620.0
PR006735,2026-08-15,,Amritsar,Mustard,5799.0,6981.53,6390.13,
PR000187,2026-06-10,MANDI016,Moga,Wheat,2023.0,2214.88,2119.0,2275.0
PR000235,2026-07-20,,Patiala,Cotton,5698.0,6527.0,6112.28,6620.0
PR006247,2026-07-30,MANDI004,Karnal,Wheat,2040.96,2422.74,2231.85,2275.0
PR001483,2026-04-01,MANDI049,Jalandhar,Cotton,6734.09,7617.93,7176.01,6620.0
PR003835,2026-02-12,MANDI047,Moga,Rice,1901.99,2305.96,2103.97,
PR008665,2026-05-04,MANDI029,Sirsa,Sugarcane,3154.07,3531.69,3343.0,
PR005646,2026-01-01,MANDI015,Bathinda,Sarso,5421.05,6348.0,5885.0,5650.0
PR011138,2026-01-14,MANDI009,Jalandhar,चावल,1888.34,2219.87,2054.11,2183.0
PR005157,2026-02-06,MANDI031,Patiala,Makki,2129.05,2659.39,2394.22,2090.0
PR010556,2026-02-02,MANDI016,Hisar,Mustard,5689.63,6554.22,6122.0,5650.0
PR008582,2026-01-09,MANDI028,Moga,Rice,,2686.0,2443.96,2183.0
PR008821,2026-03-25,MANDI001,Sirsa,Maize,1835.23,2274.0,2054.84,
PR011875,2026-02-03,MANDI055,Karnal,Cotton,6325.03,7364.82,6845.0,6620.0
PR011217,2026-03-21,MANDI017,Bathinda,Cotton,6236.63,7317.18,6777.0,6620.0
PR008611,2026-07-22,,Fatehabad,Maize,2046.22,2399.57,2222.89,2090.0
PR010803,2026-04-28,MANDI045,Ludhiana,Maize,2173.66,2386.36,,2090.0
PR000392,2026-06-29,MANDI016,Kurukshetra,Maize,1825.82,2255.0,2040.0,
PR006024,2026-02-12,MANDI008,Hisar,Wheat,2356.0,2527.0,2441.2,
PR003288,2026-02-06,MANDI033,Ambala,Sugarcane,3351.31,3638.89,3495.0,3500.0
PR006786,2026-04-08,MANDI036,Bathinda,Maize,2106.0,2362.3,2234.26,2090.0
PR007185,2026-02-28,MANDI015,Kurukshetra,Maize,1889.0,2005.0,,2090.0
PR001264,2026-06-29,MANDI038,Sirsa,Mustard,5720.0,6866.0,6293.0,5650.0
PR002077,2026-03-21,MANDI020,Ferozepur,Cotton,6551.54,8121.0,7336.27,6620.0
PR008235,2026-07-02,MANDI030,Hisar,Chawal,2208.0,2375.46,,2183.0
PR011906,2026-03-16,MANDI022,Amritsar,Rice,2215.27,2396.0,2305.79,2183.0
PR001814,2026-05-15,MANDI038,Patiala,Makki,1833.0,1965.31,1899.0,2090.0
PR008825,2026-01-25,MANDI030,Amritsar,Wheat,,2452.59,2269.07,2275.0
PR005365,2026-03-09,,Ludhiana,Rice,1926.66,2088.77,2008.0,2183.0
PR002801,2026-03-19,MANDI042,Moga,Cotton,5719.42,6995.67,6357.54,
PR001797,2026-07-04,MANDI043,Fatehabad,Sarso,5176.43,5909.01,5542.72,5650.0
PR011801,2026-04-03,MANDI010,Fatehabad,Wheat,2199.24,2542.5,2370.87,2275.0
PR001434,2026-09-02,MANDI036,Karnal,Maize,1857.0,2238.4,2047.61,2090.0
PR007822,2026-09-02,MANDI007,Moga,Wheat,2363.0,2534.0,2448.91,2275.0
PR001384,2026-06-29,MANDI017,Moga,चावल,2191.0,2661.0,2426.0,2183.0
PR002004,2026-07-20,MANDI008,Patiala,Rice,2013.0,2298.37,2155.8,2183.0
PR001206,2026-07-14,MANDI055,Sirsa,Mustard,5587.0,6608.81,6097.72,5650.0
PR010923,2026-06-22,MANDI003,Bathinda,Mustard,5209.51,,5367.56,5650.0
PR004852,2026-05-03,MANDI038,Ludhiana,Cotton,6190.34,7245.82,6718.08,6620.0
PR006380,2026-09-03,,Karnal,Makki,1934.59,2369.3,2151.94,2090.0
PR000901,2026-08-05,MANDI019,Ambala,Sugarcane,3138.27,3635.16,3386.71,3500.0
PR001166,2026-03-07,MANDI049,Fatehabad,Wheat,1944.48,2360.31,2152.4,2275.0
PR010343,2026-02-15,,Bathinda,Wheat,2342.0,2748.5,2545.38,2275.0
PR002102,2026-03-25,MANDI047,Bathinda,Narma,6445.58,7101.0,6773.16,6620.0
PR001914,2026-01-31,MANDI008,Ludhiana,Mustard,5145.96,5796.0,5471.03,5650.0
PR006399,2026-06-20,MANDI022,Ludhiana,Rice,2116.54,2280.01,2198.27,2183.0
PR006981,2026-07-10,MANDI007,Ambala,Rice,2083.01,2513.74,2298.0,2183.0
PR002572,2026-01-10,MANDI012,Ludhiana,Maize,1824.0,2132.79,1978.0,
PR007021,2026-02-02,MANDI025,Karnal,Sugarcane,3326.0,4134.38,3730.41,3500.0
PR006912,2026-08-06,,,Chawal,1975.28,2281.0,2128.0,2183.0
PR000399,2026-05-28,,Ludhiana,Maize,2061.09,2324.0,2192.44,
PR006451,2026-05-31,,Ambala,Mustard,5502.89,6529.16,6016.03,5650.0
PR009513,2026-07-16,MANDI010,Kurukshetra,Mustard,5633.67,,,5650.0
PR011868,2026-04-07,MANDI022,Fatehabad,Wheat,2115.03,2436.77,2275.9,
PR008670,2026-04-28,MANDI037,Moga,Cotton,5877.0,6529.52,6203.0,6620.0
PR005890,2026-12-03,MANDI017,Kurukshetra,Rice,2133.33,2456.79,2295.06,2183.0
PR001500,2026-07-30,MANDI048,Karnal,Wheat,2076.89,2292.35,2184.62,2275.0
PR002345,2026-04-24,MANDI034,Moga,Rice,2054.86,2279.55,2167.2,2183.0
PR001363,2026-08-17,MANDI032,Ferozepur,चावल,2041.24,2313.0,,2183.0
PR002216,2026-06-23,MANDI003,Ambala,चावल,2153.81,2428.0,2291.11,2183.0
PR005961,2026-01-10,MANDI039,Ludhiana,Wheat,2335.7,2762.0,,2275.0
PR002306,2026-01-03,MANDI009,Fatehabad,Rice,2270.88,2813.0,2541.73,2183.0
PR009989,2026-02-02,MANDI002,Sirsa,Wheat,2363.23,2588.0,2475.79,2275.0
PR001514,2026-07-26,MANDI026,Ludhiana,Wheat,1986.49,2151.14,2068.82,2275.0
PR007859,2026-04-07,MANDI049,Moga,Makki,1882.13,2342.76,2112.0,
PR001083,2026-04-01,MANDI057,Sirsa,Cotton,5698.42,6941.0,6319.76,
PR011216,2026-06-23,MANDI042,Fatehabad,Sarso,5007.0,5453.0,5229.58,
PR011893,2026-01-07,MANDI040,Patiala,Rice,1860.0,2322.05,2090.85,2183.0
PR000018,2026-06-02,MANDI022,Amritsar,Sugarcane,3361.0,3801.87,3581.52,3500.0
PR005278,2026-08-29,MANDI025,Moga,Cotton,6662.0,6998.0,6829.99,
PR010255,2026-04-01,MANDI045,Patiala,Rice,1862.0,2051.85,1956.92,2183.0
PR000019,2026-04-22,MANDI026,Ferozepur,Chawal,1890.13,2025.1,1957.61,2183.0
PR001476,2026-03-23,MANDI005,Sirsa,Wheat,2197.02,,2369.21,2275.0
PR010422,2026-06-23,MANDI014,Amritsar,Mustard,4804.27,5258.76,5032.0,5650.0
PR009060,2026-03-17,MANDI049,Muzaffarnagar,Cotton,,6887.5,6453.37,6620.0
PR003144,2026-06-16,MANDI019,Sirsa,Makki,2104.4,2431.58,2268.0,2090.0
PR010670,2026-03-12,MANDI018,Moga,Makki,2044.73,2398.91,2222.0,2090.0
PR007793,2026-02-25,,Ludhiana,Maize,1965.53,2329.68,2147.6,2090.0
PR009729,2026-07-24,MANDI053,Ferozepur,Wheat,2115.85,2456.54,2286.2,2275.0
PR004635,2026-08-04,MANDI003,Amritsar,Maize,1923.85,2033.51,1978.68,2090.0
PR008489,2026-07-30,MANDI016,Amritsar,Sugarcane,3519.62,3906.64,3713.0,
PR003534,2026-04-12,MANDI002,Ludhiana,Maize,2097.85,2482.0,2289.85,2090.0
PR011631,2026-03-22,,Karnal,Maize,2132.03,2406.42,2269.0,2090.0
PR003454,2026-07-20,MANDI023,Sirsa,Mustard,5355.84,6610.0,5982.84,5650.0
PR006183,2026-01-30,MANDI033,Fatehabad,Maize,2188.0,2539.59,2364.0,2090.0
PR002025,2026-03-26,,Moga,Cotton,,,7483.0,6620.0
PR008078,2026-05-31,MANDI044,Sirsa,Maize,1977.0,2348.67,2162.64,2090.0
PR007707,2026-02-16,MANDI029,Sirsa,Sugarcane,3216.0,3533.0,3374.0,3500.0
PR001140,2026-04-27,MANDI020,Patiala,Mustard,5726.77,6069.0,5898.0,5650.0
PR010669,2026-04-16,MANDI044,Amritsar,Maize,1970.03,,2046.03,2090.0
PR000563,2026-07-24,MANDI021,Fatehabad,Sugarcane,3635.4,4398.43,4017.0,
PR009746,2026-01-16,MANDI029,Sirsa,Cotton,6672.0,8263.48,7467.56,6620.0
PR011850,2026-08-21,MANDI053,Patiala,Wheat,2350.65,2737.35,2544.0,2275.0
PR007610,2026-07-24,MANDI048,Muzaffarnagar,Cotton,5838.03,6650.0,6244.13,6620.0
PR004673,2026-03-23,MANDI052,Saharanpur,Cotton,6248.0,6932.79,,6620.0
PR002295,2026-08-21,MANDI024,Ferozepur,Wheat,2253.74,,2456.24,2275.0
PR004881,2026-03-05,MANDI014,Hisar,चावल,1858.81,2135.28,1997.05,2183.0
PR004246,2026-08-06,MANDI012,Jalandhar,Maize,,2270.9,2049.75,2090.0
PR001619,2026-06-21,MANDI040,Fatehabad,Maize,2143.8,2629.61,2386.7,2090.0
PR003934,2026-01-31,,,Sarso,5575.0,5982.54,5779.0,5650.0
PR010915,2026-05-14,,Fatehabad,Narma,6777.61,8312.77,7545.19,6620.0
PR011392,2026-03-20,MANDI007,Moga,Narma,6693.28,7179.85,6936.57,6620.0
PR010111,2026-05-23,MANDI054,Karnal,Wheat,2059.71,2478.76,2269.24,2275.0
PR005422,2026-07-29,MANDI036,Kurukshetra,Maize,2032.0,2450.39,2240.96,2090.0
PR009567,2026-04-26,MANDI036,Fatehabad,Maize,2035.86,2526.14,2281.0,2090.0
PR010674,2026-10-03,MANDI053,Hisar,Cotton,6181.28,7411.54,6796.41,6620.0
PR000570,2026-03-30,MANDI039,Jalandhar,Wheat,1979.0,2459.08,2219.0,
PR009450,2026-07-20,MANDI047,Ambala,Maize,1794.89,2009.23,1902.06,2090.0
PR003909,2026-03-07,MANDI045,Ferozepur,Rice,1867.0,2257.13,2061.91,2183.0
PR001019,2026-08-14,MANDI007,Moga,Cotton,,7233.0,6988.32,6620.0
PR007947,2026-01-07,MANDI003,Fatehabad,Rice,2002.87,2155.0,2078.76,2183.0
PR010832,2026-01-14,MANDI016,Bathinda,Mustard,5324.41,6103.84,5714.0,5650.0
PR006480,2026-01-13,MANDI017,Fatehabad,Rice,2048.0,2222.19,2135.0,2183.0
PR008509,2026-07-04,MANDI037,Jalandhar,चावल,2286.74,2477.78,2382.26,2183.0
PR009706,2026-08-20,MANDI026,Bathinda,Sugarcane,3266.16,3522.93,3394.54,3500.0
PR007648,2026-07-28,MANDI021,Sirsa,Rice,1967.32,2193.0,2080.0,2183.0
PR010825,2026-05-10,MANDI012,Karnal,Rice,2133.37,2252.0,2192.0,2183.0
PR004655,2026-09-05,MANDI039,Ambala,Rice,2164.83,2542.0,2353.45,2183.0
PR006980,2026-04-29,MANDI036,Ferozepur,Rice,2253.0,2601.67,2427.45,2183.0
PR000807,2026-06-18,MANDI031,Amritsar,Mustard,5889.0,6323.63,6106.0,5650.0
PR005828,2026-10-08,MANDI041,Ludhiana,Sugarcane,3435.72,3901.11,3668.41,
PR005467,2026-03-16,,Fatehabad,Sugarcane,3449.0,3893.76,3671.0,3500.0
PR008360,2026-04-01,MANDI019,Sirsa,Wheat,2191.71,2377.01,2284.0,2275.0
PR001387,2026-04-20,MANDI031,Amritsar,Cotton,6607.39,8255.06,7431.22,
PR002696,2026-08-04,MANDI018,Moga,Cotton,6540.68,7115.09,6828.0,6620.0
PR003509,2026-03-29,MANDI038,Amritsar,Mustard,4860.0,5674.0,5267.0,
PR009235,2026-04-15,MANDI028,Hisar,Sugarcane,3261.0,3486.7,3373.84,3500.0
PR002135,2026-01-27,,Kurukshetra,Mustard,,5938.0,5630.0,5650.0
PR000580,2026-06-20,MANDI023,Amritsar,Sugarcane,3107.65,3654.0,3380.94,3500.0
PR005830,2026-06-25,MANDI045,Sirsa,Sugarcane,3264.36,3991.52,3628.0,3500.0
PR009032,2026-08-30,MANDI052,Saharanpur,Cotton,6305.05,,6777.0,6620.0
PR003359,2026-02-21,MANDI023,Ludhiana,Rice,2032.25,2141.0,2086.38,2183.0
PR002486,2026-05-22,MANDI040,Hisar,Sarso,,6387.0,5985.75,5650.0
PR007213,2026-03-15,MANDI025,Karnal,Mustard,5836.09,6271.78,6054.0,5650.0
PR006036,2026-01-28,MANDI031,Jalandhar,Cotton,6721.0,7311.0,7015.96,6620.0
PR004482,2026-01-31,MANDI032,Ambala,Narma,5867.0,6492.62,6179.87,6620.0
PR003967,2026-08-22,MANDI042,Hisar,Rice,2257.71,2703.0,2480.46,2183.0
PR007888,2026-07-01,MANDI029,Kurukshetra,Wheat,,2660.11,2502.0,2275.0
PR011748,2026-07-06,MANDI046,Amritsar,चावल,2231.92,2359.45,2296.0,2183.0
PR009069,2026-03-23,MANDI002,Amritsar,Maize,1860.13,2140.63,2000.38,2090.0
PR000839,2026-08-02,MANDI055,Kurukshetra,Narma,6571.28,7313.0,6942.14,6620.0
PR002724,2026-01-04,MANDI030,Ferozepur,Sugarcane,3342.0,3766.0,3554.0,3500.0
PR008187,2026-08-14,MANDI014,Patiala,Makki,1814.02,2237.6,2025.81,2090.0
PR001525,2026-09-07,MANDI028,Amritsar,Sarso,5512.24,6626.52,6069.38,5650.0
PR000991,2026-02-23,MANDI050,Muzaffarnagar,Ganne,2998.0,3526.83,3262.58,3500.0
PR001182,2026-04-06,MANDI043,Amritsar,Maize,2031.61,2200.92,2116.26,2090.0
PR002777,2026-08-14,MANDI013,Ferozepur,Sugarcane,3563.95,4068.08,3816.02,3500.0
PR000352,2026-04-23,MANDI023,Bathinda,Chawal,2291.69,2838.0,2565.09,2183.0
PR000073,2026-08-28,MANDI033,Ambala,Sugarcane,3516.4,3734.16,3625.28,3500.0
PR006275,2026-06-23,MANDI056,Bareilly,Rice,1887.62,2340.22,2113.92,2183.0
PR004570,2026-05-05,MANDI027,Fatehabad,Maize,1902.31,2288.0,2095.0,
PR000584,2026-04-30,MANDI055,Sirsa,Sugarcane,3183.0,3433.0,3308.0,3500.0
PR005707,2026-05-10,,,Wheat,2334.92,2752.0,2543.46,2275.0
PR006801,2026-05-12,MANDI010,Jalandhar,Mustard,5508.08,6426.75,5967.0,5650.0
PR005600,2026-04-02,MANDI020,Ferozepur,Sugarcane,3630.0,,3851.3,3500.0
PR008919,2026-01-27,MANDI048,Karnal,Mustard,5027.45,5507.97,5267.71,5650.0
PR006419,2026-02-06,,,Sarso,4849.63,5539.0,5194.49,5650.0
PR005276,2026-07-12,MANDI043,Sirsa,Maize,2050.39,2232.52,2141.46,2090.0
PR009135,2026-01-27,MANDI023,Amritsar,Rice,2015.53,2419.0,2217.18,2183.0
PR002418,2026-02-27,MANDI055,Patiala,Maize,2161.0,2546.0,2353.04,2090.0
PR001904,2026-02-07,MANDI031,Hisar,Wheat,2242.97,2574.53,2408.75,2275.0
PR000852,2026-03-03,MANDI034,Amritsar,Maize,1861.07,2208.05,2034.56,2090.0
PR007562,2026-01-20,MANDI005,Jalandhar,Sarso,5229.64,5922.0,5575.99,
PR004317,2026-06-19,MANDI045,Sirsa,Sugarcane,3013.76,3748.65,3381.2,3500.0
PR001722,2026-04-25,MANDI016,Fatehabad,Sugarcane,3411.52,3854.93,3633.0,3500.0
PR010370,2026-02-18,MANDI006,Bathinda,Rice,2017.0,,2212.62,2183.0
PR005591,2026-02-14,MANDI049,Bathinda,Ganne,3145.49,3319.0,3232.0,3500.0
PR009290,2026-11-05,MANDI003,Kurukshetra,चावल,1993.85,2275.85,2135.0,
PR005046,2026-07-26,MANDI040,Jalandhar,Sugarcane,3050.26,3283.24,,3500.0
PR000203,2026-03-19,MANDI027,Amritsar,Maize,1878.23,2283.19,2080.71,2090.0
PR009414,2026-01-04,MANDI047,Kurukshetra,Mustard,5078.74,,5660.33,
PR005009,2026-02-28,MANDI048,Ambala,Cotton,5719.57,6323.25,6021.41,6620.0
PR009213,2026-05-30,MANDI005,Ferozepur,Mustard,5822.0,7075.38,6448.62,
PR004811,2026-03-23,MANDI051,Jalandhar,Mustard,5827.0,7062.0,6444.36,5650.0
PR005888,2026-03-13,MANDI048,Ambala,Chawal,2115.0,2407.98,2261.0,2183.0
PR002157,2026-03-06,MANDI022,Sirsa,Sugarcane,3627.25,4266.75,3947.0,3500.0
PR011502,2026-05-11,MANDI031,Ambala,Wheat,2108.51,2318.96,2213.73,
PR001239,2026-04-18,MANDI057,Jalandhar,Chawal,2201.93,2503.39,2352.66,
PR010047,2026-06-17,MANDI049,Jalandhar,Narma,6167.65,7025.0,6596.29,6620.0
PR004636,2026-04-17,MANDI007,Bathinda,Maize,,2135.0,2065.25,2090.0
PR001872,2026-07-12,MANDI010,Ludhiana,Maize,2151.89,,2283.85,2090.0
PR010407,2026-02-16,MANDI029,Hisar,Rice,1921.0,2195.47,2058.06,2183.0
PR005153,2026-07-03,MANDI033,Ludhiana,Maize,2009.71,2335.43,2172.57,
PR002643,2026-03-29,MANDI024,Bathinda,Sugarcane,3000.65,3705.56,3353.11,
PR004588,2026-05-18,MANDI051,Amritsar,Cotton,5954.77,7181.07,6568.0,6620.0
PR005533,2026-05-09,MANDI032,Kurukshetra,Chawal,2142.67,2283.0,,2183.0
PR007578,2026-01-20,MANDI012,Ferozepur,Cotton,6812.23,7663.53,7237.88,6620.0
PR004440,2026-05-02,MANDI012,Moga,Wheat,2386.52,2568.0,2477.1,
PR007019,2026-01-26,,Sirsa,Mustard,5858.96,6359.0,6108.98,
PR010044,2026-04-30,MANDI048,Muzaffarnagar,Wheat,2082.0,2320.36,2201.24,2275.0
PR011554,2026-02-06,MANDI016,Ludhiana,Rice,2030.05,2272.0,2151.0,
PR001031,2026-07-30,MANDI045,Sirsa,Sugarcane,3059.46,3385.33,3222.0,
PR006075,2026-05-08,MANDI015,Hisar,Makki,1939.0,2211.0,2074.87,2090.0
PR006267,2026-08-31,MANDI009,Patiala,Sugarcane,3590.03,3938.44,3764.24,3500.0
PR000631,2026-08-16,MANDI020,Hisar,Mustard,5076.68,5565.38,5321.03,5650.0
PR006529,2026-01-08,MANDI023,Kurukshetra,Sugarcane,3662.41,4244.0,3953.0,3500.0
PR009846,2026-05-01,,Amritsar,Maize,2018.0,2285.89,2152.0,2090.0
PR011675,2026-04-04,MANDI039,Moga,Cotton,6723.16,8058.89,7391.0,6620.0
PR009353,2026-06-12,MANDI042,Ambala,Rice,1871.19,2113.68,1992.44,2183.0
PR009058,2026-10-01,MANDI025,Ferozepur,Wheat,2345.72,2898.0,2622.02,2275.0
PR010677,2026-08-15,MANDI002,Moga,Rice,2114.14,2270.0,2192.0,2183.0
PR002848,2026-04-12,MANDI014,Jalandhar,Sugarcane,3325.93,3885.78,3606.0,
PR004022,2026-05-23,MANDI028,Jalandhar,Wheat,2038.98,2246.56,2142.77,
PR007100,2026-06-01,MANDI047,Fatehabad,Maize,1844.21,2141.05,1992.63,2090.0
PR000728,2026-07-03,MANDI020,Hisar,Wheat,2377.0,2806.88,2592.09,2275.0
PR005879,2026-02-18,MANDI030,Kurukshetra,Cotton,6435.71,7611.25,7023.0,6620.0
PR000549,2026-01-28,MANDI001,Moga,Chawal,1884.0,2223.77,2054.0,2183.0
PR007912,2026-05-01,MANDI030,Ferozepur,Sugarcane,3229.8,3946.84,3588.32,3500.0
PR008349,2026-05-04,MANDI010,Ludhiana,Narma,6285.0,6969.0,6627.08,6620.0
PR011143,2026-08-10,MANDI012,Moga,Rice,1920.0,2384.74,2152.0,2183.0
PR003157,2026-02-23,MANDI013,Jalandhar,Chawal,2197.28,2419.14,2308.0,2183.0
PR003067,2026-01-15,,,Narma,5873.43,6810.0,6342.0,6620.0
PR003929,2026-02-11,MANDI009,Jalandhar,Mustard,5439.06,5894.23,5667.0,5650.0
PR008179,2026-04-07,MANDI027,Jalandhar,Cotton,6626.0,7831.7,7229.0,6620.0
PR006317,2026-06-13,MANDI013,Fatehabad,Sugarcane,3636.0,4261.27,3948.52,3500.0
PR003791,2026-05-02,MANDI034,Fatehabad,Mustard,5019.94,5875.44,5448.0,
PR004982,2026-04-18,MANDI025,Karnal,Mustard,4876.66,5808.37,5342.51,5650.0
PR010293,2026-06-06,MANDI013,Hisar,Wheat,2184.0,2416.72,2300.27,2275.0
PR001927,2026-01-01,,Ludhiana,Sugarcane,3218.47,3418.85,3318.66,3500.0
PR008028,2026-05-04,MANDI032,Ambala,Narma,6525.28,7741.0,7133.31,6620.0
PR003119,2026-07-11,,Amritsar,Mustard,5369.62,6538.78,5954.2,5650.0
PR004185,2026-06-07,MANDI046,Jalandhar,Wheat,2286.0,2686.44,2486.45,2275.0
PR011902,2026-04-21,,Patiala,Rice,1993.73,2240.0,2116.93,2183.0
PR006355,2026-01-10,MANDI038,Moga,Mustard,5165.0,5740.0,5452.27,5650.0
PR004475,2026-08-30,MANDI021,Kurukshetra,Rice,1893.44,2183.26,2038.35,2183.0
PR010778,2026-05-27,MANDI015,Moga,Makki,1980.14,2422.74,,2090.0
PR009430,2026-01-09,MANDI023,Amritsar,Ganne,3468.18,3943.55,3705.87,3500.0
PR011666,2026-01-31,,Amritsar,Sugarcane,3293.91,3768.5,3531.0,3500.0
PR000707,2026-04-24,MANDI017,Ludhiana,Wheat,2219.56,2613.95,2417.0,2275.0
PR010086,2026-02-24,MANDI049,Ferozepur,Maize,2170.55,2652.99,2411.77,
PR003021,2026-02-18,MANDI038,Sirsa,Mustard,5783.44,6822.0,6302.7,5650.0
PR006951,2026-07-08,MANDI025,Kurukshetra,Sugarcane,3448.53,3921.81,3685.17,3500.0
PR001277,2026-08-20,MANDI033,Kurukshetra,Rice,2110.0,2496.0,2303.21,2183.0
PR007159,2026-03-27,MANDI054,Saharanpur,Sugarcane,3617.84,4106.35,3862.09,3500.0
PR000068,2026-04-08,MANDI035,Kurukshetra,Mustard,5306.52,,5473.0,5650.0
PR002764,2026-08-05,MANDI024,Fatehabad,Rice,2113.0,2487.38,2300.0,2183.0
PR004111,2026-02-22,MANDI049,Patiala,Chawal,2082.81,2437.0,2259.9,2183.0
PR003108,2026-04-06,MANDI022,Ludhiana,Rice,2029.36,2278.0,2153.72,
PR011549,2026-01-10,MANDI044,Ferozepur,Rice,2045.84,2376.54,2211.19,2183.0
PR001683,2026-08-21,MANDI053,Moga,Mustard,5601.22,,5889.86,5650.0
PR005059,2026-08-27,,Karnal,Narma,5812.31,7062.78,6437.55,
PR010761,2026-12-06,MANDI029,Sirsa,Rice,2063.32,2405.23,2234.27,2183.0
PR005629,2026-02-20,,Karnal,Sugarcane,3393.0,4064.0,3728.17,3500.0
PR004774,2026-09-02,MANDI014,Moga,चावल,2287.0,,2572.4,2183.0
PR007201,2026-05-01,MANDI025,Karnal,Wheat,2155.0,2312.0,2233.62,2275.0
PR008462,2026-02-05,MANDI053,Fatehabad,Mustard,5482.48,5777.7,5630.0,
PR002195,2026-06-16,MANDI023,Amritsar,Rice,1906.43,2335.0,2121.0,2183.0
PR006423,2026-07-19,MANDI008,Amritsar,Sugarcane,3022.9,3566.9,3294.9,3500.0
PR006630,2026-04-08,MANDI037,Jalandhar,Makki,1860.01,2313.0,2086.3,2090.0
PR009275,2026-07-19,,Ambala,Wheat,2064.42,2580.47,2322.44,2275.0
PR007684,2026-02-08,MANDI020,Ferozepur,Rice,2252.69,2459.0,2356.0,2183.0
PR007908,2026-04-03,MANDI030,Jalandhar,Makki,1929.0,2249.78,2089.26,2090.0
PR009304,2026-03-31,MANDI032,Karnal,Wheat,2030.0,2490.42,2260.0,
PR008144,2026-08-01,MANDI049,Ambala,Sugarcane,3579.93,4153.0,3866.31,3500.0
PR005314,2026-03-23,MANDI008,Ferozepur,Wheat,,2322.82,2223.0,2275.0
PR006916,2026-01-13,MANDI037,Hisar,Narma,5648.27,6504.9,6076.58,6620.0
PR004371,2026-07-14,MANDI054,Saharanpur,Cotton,6307.98,6900.71,6604.35,6620.0
PR003557,2026-08-08,MANDI032,Ambala,Rice,2059.0,2193.0,,2183.0
PR003880,2026-08-09,MANDI043,Karnal,Rice,2264.0,,2485.84,
PR000591,2026-05-29,MANDI001,Kurukshetra,Sugarcane,3146.58,3354.33,3250.45,
PR011266,2026-01-09,,Patiala,Sugarcane,3619.16,4320.93,3970.04,3500.0
PR007665,2026-02-24,MANDI013,Moga,Maize,1800.99,2150.35,1975.67,2090.0
PR008783,2026-01-26,MANDI027,Patiala,Maize,1949.0,2213.0,2080.6,2090.0
PR007178,2026-06-02,,,Wheat,2137.95,2275.66,2207.0,2275.0
PR002829,2026-06-27,MANDI022,Sirsa,Maize,2183.27,2699.75,2441.51,2090.0
PR009496,2026-01-27,MANDI021,Amritsar,Wheat,2251.66,,2308.45,2275.0
PR000074,2026-02-25,MANDI024,Bathinda,Maize,2173.14,,2330.82,2090.0
PR001756,2026-04-11,MANDI015,Bathinda,Wheat,2142.0,2316.0,2229.03,2275.0
PR003227,2026-05-14,MANDI029,Jalandhar,Chawal,,2264.0,2166.92,2183.0
PR006219,2026-05-05,MANDI006,Sirsa,Ganne,3659.17,,3791.78,3500.0
PR006954,2026-04-19,MANDI053,Saharanpur,Wheat,2302.32,,2452.53,2275.0
PR002884,2026-02-28,,Amritsar,Sugarcane,3060.0,3240.94,3150.47,
PR003521,2026-01-01,,Ambala,Cotton,5647.19,6898.0,6272.0,6620.0
PR000232,2026-04-16,MANDI001,Hisar,Mustard,5238.43,5821.0,5529.66,
PR004060,2026-07-06,,Ferozepur,Makki,2020.0,2428.39,2224.0,2090.0
PR006010,2026-06-24,MANDI055,Jalandhar,Sarso,5203.37,6299.66,5751.52,5650.0
PR005376,2026-05-11,MANDI034,Ambala,Rice,2225.07,2495.0,2360.0,2183.0
PR011326,2026-02-16,MANDI015,Hisar,Mustard,5253.94,6511.3,5882.62,5650.0
PR003080,2026-04-11,MANDI052,Amritsar,Narma,6592.09,7611.0,7101.33,6620.0
PR010329,2026-07-12,MANDI007,Bathinda,Mustard,5074.55,5628.46,5351.51,5650.0
PR011032,2026-04-08,MANDI030,Amritsar,Cotton,6910.63,7682.03,7296.0,6620.0
PR006843,2026-02-04,MANDI037,Ambala,Wheat,1939.97,2339.8,2140.0,2275.0
PR000971,2026-02-12,MANDI021,Bathinda,Sugarcane,3427.72,3750.25,3588.98,3500.0
PR005883,2026-12-04,MANDI007,Moga,चावल,1892.97,2150.0,2021.26,2183.0
PR004030,2026-08-08,MANDI008,Ludhiana,Chawal,2118.55,2469.27,2293.91,2183.0
PR010487,2026-05-03,MANDI029,Hisar,Rice,2268.76,2807.0,2537.72,2183.0
PR004129,2026-01-15,MANDI038,Hisar,Wheat,,2391.41,2245.8,2275.0
PR002161,2026-02-17,MANDI030,Bathinda,Mustard,5820.0,6683.47,,5650.0
PR008201,2026-04-09,MANDI036,Bathinda,Sugarcane,3486.9,4120.12,3803.51,3500.0
PR007417,2026-05-22,MANDI053,Patiala,Wheat,2047.37,2542.12,2294.74,
PR004055,2026-03-22,MANDI051,Ambala,Mustard,5493.91,6574.23,6034.07,5650.0
PR009293,2026-07-26,MANDI001,Ludhiana,Maize,,2210.19,2076.86,2090.0
PR008431,2026-08-19,MANDI056,Bareilly,Maize,2009.48,,2132.94,2090.0
PR003724,2026-05-01,MANDI052,Kurukshetra,Wheat,2379.73,2570.0,,
PR006429,2026-06-11,MANDI054,Fatehabad,Ganne,3357.63,3717.0,3537.08,
PR008772,2026-03-01,MANDI057,Karnal,Rice,2156.5,2467.42,2311.96,2183.0
PR009795,2026-03-18,MANDI038,Karnal,Sugarcane,3354.38,3701.0,3527.65,3500.0
PR005893,2026-02-15,MANDI031,Ferozepur,Chawal,2150.08,2517.74,2333.91,2183.0
PR009490,2026-04-18,MANDI024,Bathinda,Cotton,6894.0,7524.0,7209.11,
PR006371,2026-09-04,MANDI050,Bathinda,Narma,6009.2,6424.0,6217.0,6620.0
PR009217,2026-04-29,MANDI054,Patiala,Narma,6563.0,7504.42,7033.87,6620.0
PR007758,2026-07-27,MANDI033,Jalandhar,Maize,2179.86,2361.0,2270.61,2090.0
PR008889,2026-08-31,MANDI040,Ambala,Sugarcane,3551.0,4148.98,3849.99,3500.0
PR010334,2026-08-31,MANDI007,Patiala,Sugarcane,3175.44,3690.15,3433.0,3500.0
PR010338,2026-08-01,MANDI027,Moga,Maize,2037.0,2241.62,2139.43,2090.0
PR002692,2026-07-15,MANDI047,Patiala,Mustard,4876.0,5769.93,5323.0,
PR011353,2026-07-21,MANDI041,Jalandhar,Wheat,2214.27,2550.38,2382.33,2275.0
PR003386,2026-04-02,MANDI057,Ludhiana,Makki,2088.16,2357.54,2223.0,2090.0
PR009851,2026-08-09,MANDI045,Ambala,Sugarcane,3184.06,3734.81,3459.43,
PR009437,2026-05-29,MANDI036,Jalandhar,Cotton,6179.29,7062.0,6620.56,6620.0
PR008041,2026-07-22,,Moga,Maize,2086.42,2480.95,2283.68,
PR002766,2026-07-31,MANDI057,Fatehabad,Mustard,5053.0,6050.55,5551.71,5650.0
PR001702,2026-06-03,MANDI056,Amritsar,Wheat,1978.0,2302.0,,2275.0
PR005304,2026-08-25,MANDI031,Amritsar,Cotton,6624.75,7946.72,7285.73,6620.0
PR010441,2026-08-31,MANDI056,Amritsar,Mustard,5147.0,6280.94,5714.0,5650.0
PR006646,2026-02-01,MANDI036,Ambala,Narma,,7163.0,6689.31,6620.0
PR009526,2026-08-22,MANDI003,Ambala,Wheat,2035.01,2158.0,2096.55,
PR010400,2026-07-31,MANDI033,Karnal,Wheat,1983.0,2313.0,2148.0,2275.0
PR007681,2026-05-20,MANDI032,Fatehabad,Ganne,2997.68,3672.0,3335.0,3500.0
PR005694,2026-03-06,,Karnal,Sarso,5540.28,6552.88,6046.58,
PR008843,2026-08-05,MANDI018,Ludhiana,Ganne,3501.0,4095.0,3798.07,3500.0
PR006638,2026-08-30,MANDI024,Bathinda,Mustard,5654.9,6033.0,5843.97,5650.0
PR008258,2026-03-13,MANDI037,Karnal,Maize,1971.0,2347.74,2159.47,2090.0
PR002479,2026-09-09,MANDI054,Saharanpur,Cotton,6379.0,7050.0,6714.0,6620.0
PR010360,2026-01-26,MANDI039,Jalandhar,Rice,2096.17,2551.0,2323.4,2183.0
PR001081,2026-07-19,MANDI028,Amritsar,Maize,2189.83,2511.0,2350.52,2090.0
PR008610,2026-05-12,MANDI001,Ferozepur,Mustard,5220.01,6250.57,5735.29,5650.0
PR010014,2026-01-17,,Ferozepur,Sugarcane,3576.76,4326.0,3951.2,3500.0
PR001096,2026-02-19,MANDI049,Fatehabad,Sugarcane,3326.0,3619.56,3472.56,3500.0
PR000877,2026-05-27,MANDI029,Karnal,Maize,2158.63,2614.64,2386.64,2090.0
PR007529,2026-08-08,MANDI012,Patiala,Mustard,4876.95,5292.0,5084.61,5650.0
PR010187,2026-07-07,,Moga,Rice,1933.33,2240.0,2086.72,2183.0
PR011398,2026-08-06,MANDI009,Ludhiana,Maize,1788.7,2046.0,1917.25,
PR000223,2026-08-17,MANDI040,Amritsar,Mustard,5549.0,6242.78,5895.72,5650.0
PR010782,2026-02-26,MANDI041,Amritsar,Maize,2168.18,2307.16,2238.0,2090.0
PR005078,2026-04-05,MANDI054,Saharanpur,Cotton,5893.0,6841.63,6367.0,
PR003346,2026-05-15,MANDI013,Karnal,Narma,6391.76,6798.0,,6620.0
PR007755,2026-06-04,MANDI038,Amritsar,Makki,1944.07,2110.82,2027.0,2090.0
PR002758,2026-01-29,MANDI004,Fatehabad,Rice,2186.61,2485.97,2336.29,
PR004567,2026-08-30,MANDI054,Jalandhar,Sarso,5367.72,5762.0,5565.0,5650.0
PR009801,2026-08-15,MANDI032,,Mustard,5303.0,6257.41,5780.0,5650.0
PR002247,2026-08-14,,Moga,Wheat,2379.15,2552.51,2465.83,2275.0
PR010849,2026-04-27,MANDI042,Hisar,Maize,1861.37,1958.04,1909.71,2090.0
PR008304,2026-06-13,MANDI022,Fatehabad,Cotton,6635.15,8059.34,7347.0,6620.0
PR005113,2026-01-22,MANDI001,Ludhiana,Chawal,2051.58,2221.0,2136.07,
PR010634,2026-03-21,MANDI049,Amritsar,Sugarcane,3358.48,3563.0,3461.0,
PR010666,2026-05-09,MANDI005,Fatehabad,Rice,2174.93,2697.34,2436.14,2183.0
PR010117,2026-04-29,MANDI036,Amritsar,Chawal,1922.0,2209.6,2065.87,2183.0
PR009914,2026-09-08,MANDI002,Sirsa,Sarso,5333.1,5741.16,,5650.0
PR006300,2026-05-18,MANDI043,Patiala,Wheat,2123.0,2620.73,2372.07,2275.0
PR006875,2026-04-03,MANDI056,Ferozepur,Rice,2203.76,2395.83,2299.79,
PR007363,2026-06-25,MANDI019,Fatehabad,Makki,1908.25,2281.0,2094.0,
PR010788,2026-05-07,MANDI051,Saharanpur,Ganne,3296.0,3898.81,3597.58,3500.0
PR009850,2026-01-30,MANDI010,Moga,Rice,,2755.52,2521.1,2183.0
PR011939,2026-07-25,MANDI010,Fatehabad,Rice,1976.89,2457.97,2217.43,2183.0
PR010592,2026-08-29,MANDI044,Hisar,Sugarcane,3214.72,3665.64,,3500.0
PR011315,2026-04-13,MANDI056,Amritsar,Mustard,5400.44,6677.0,6039.0,5650.0
PR000221,2026-04-15,MANDI050,Ambala,Wheat,2039.97,2224.77,2132.37,2275.0
PR005586,2026-01-18,MANDI025,Ludhiana,Rice,1928.0,2125.56,2026.74,2183.0
PR004468,2026-05-26,MANDI028,Bathinda,Mustard,5188.76,5861.79,5525.28,5650.0
PR009607,2026-02-03,,Fatehabad,चावल,1872.06,2007.0,1939.42,2183.0
PR008782,2026-04-13,MANDI019,Ambala,Mustard,5459.37,6096.64,5778.0,5650.0
PR000173,2026-08-12,MANDI046,Sirsa,Mustard,5047.98,5919.49,5483.73,5650.0
PR004241,2026-06-17,MANDI005,Sirsa,Maize,2100.57,2620.0,2360.0,2090.0
PR005383,2026-07-25,MANDI009,Ferozepur,Maize,1879.35,2160.68,2020.01,2090.0
PR004247,2026-05-01,,,Wheat,2261.31,2628.0,2444.61,
PR007906,2026-05-25,MANDI023,Ferozepur,Makki,1956.26,2433.62,2194.94,2090.0
PR002426,2026-06-08,MANDI052,Karnal,Ganne,3358.0,3573.0,3465.51,3500.0
PR005405,2026-04-13,MANDI057,Karnal,Wheat,2148.38,2440.93,,2275.0
PR007103,2026-03-17,MANDI018,Sirsa,Sarso,5687.94,6358.08,6023.01,5650.0
PR007408,2026-07-04,,Sirsa,Sugarcane,3220.01,3905.0,3562.37,3500.0
PR003319,2026-03-20,,Sirsa,Wheat,2377.0,2749.0,2562.99,2275.0
PR002047,2026-05-12,MANDI033,Sirsa,Cotton,6328.89,7607.0,6968.0,
PR009487,2026-08-05,MANDI045,Ambala,Maize,2003.5,2272.23,2137.87,2090.0
PR003307,2026-07-04,MANDI006,Sirsa,Maize,2114.93,2432.0,2273.55,2090.0
PR007498,2026-06-03,MANDI014,Patiala,Cotton,5744.78,6123.01,5934.0,6620.0
PR001748,2026-07-30,,Bathinda,Sarso,5716.77,6961.15,6338.96,
PR011028,2026-08-07,MANDI036,Ambala,Narma,6879.0,7229.27,7054.0,6620.0
PR002134,2026-02-25,,,Wheat,1936.0,2144.45,2040.0,2275.0
PR001344,2026-04-27,MANDI034,Sirsa,Maize,1819.0,2081.98,1950.24,2090.0
PR004810,2026-06-28,MANDI030,Hisar,Rice,2287.63,2607.9,,2183.0
PR005787,2026-07-12,MANDI044,Ambala,Makki,2023.53,2203.19,2113.36,2090.0
PR006007,2026-03-15,MANDI037,Hisar,Cotton,5804.0,6914.42,,6620.0
PR003743,2026-02-05,MANDI014,Karnal,Maize,,2329.0,2235.05,2090.0
PR004265,2026-07-11,,Hisar,Mustard,5398.49,6062.0,5730.34,5650.0
PR006163,2026-01-25,MANDI029,Sirsa,Ganne,3361.0,4037.0,3698.96,3500.0
PR002241,2026-06-13,MANDI038,Patiala,Wheat,2272.01,2412.77,2342.39,2275.0
PR000231,2026-02-15,MANDI029,Jalandhar,Rice,2115.0,2484.92,2300.0,2183.0
PR003519,2026-05-15,MANDI022,Amritsar,Wheat,2129.41,2497.1,2313.26,2275.0
PR003808,2026-03-06,,Ludhiana,Wheat,2046.61,2429.03,2237.82,
PR003434,2026-08-02,,Ludhiana,Wheat,2171.55,2442.73,2307.14,2275.0
PR011402,2026-01-02,MANDI009,Patiala,Cotton,6495.36,6966.16,6730.76,6620.0
PR010283,2026-02-19,MANDI056,Bareilly,Cotton,6838.8,8519.0,7679.0,6620.0
PR009004,2026-03-31,MANDI020,Karnal,Cotton,6666.92,8215.0,7440.95,6620.0
PR000015,2026-07-16,MANDI026,Hisar,Sugarcane,3546.36,4230.76,3888.56,3500.0
PR009017,2026-04-15,MANDI010,Jalandhar,Ganne,3659.76,4534.88,4097.32,3500.0
PR010064,2026-05-13,MANDI051,Fatehabad,Maize,2168.0,2513.07,2341.0,2090.0
PR006486,2026-07-21,,Bathinda,Sugarcane,3132.14,,,3500.0
PR011926,2026-07-19,MANDI031,Hisar,Sarso,4840.0,5968.0,5404.0,5650.0
PR009943,2026-04-05,MANDI052,Jalandhar,Wheat,1934.0,2352.4,2143.0,
PR008838,2026-02-15,MANDI014,Karnal,Maize,1887.0,2299.58,2093.0,2090.0
PR000363,2026-09-04,MANDI005,Amritsar,Rice,2287.96,2752.27,2520.0,2183.0
PR009835,2026-02-13,MANDI019,Moga,Makki,2071.76,2562.0,2317.0,2090.0
PR001279,2026-07-10,MANDI036,Hisar,Wheat,,2611.85,2467.01,
PR000703,2026-02-15,MANDI037,Bathinda,Wheat,2108.59,2628.88,2368.74,
PR002775,2026-04-25,MANDI012,Kurukshetra,Maize,2019.59,2194.04,2106.81,2090.0
PR007015,2026-01-18,,Fatehabad,Cotton,5917.0,6726.0,6321.92,6620.0
PR001553,2026-02-22,MANDI026,Karnal,Cotton,5777.0,7194.0,6485.42,6620.0
PR005204,2026-09-06,MANDI023,Kurukshetra,चावल,2048.0,2295.11,2171.33,2183.0
PR009845,2026-01-18,MANDI002,Moga,Wheat,2316.1,2747.28,2531.69,
PR000325,2026-06-16,,Fatehabad,Mustard,5435.0,6574.59,6005.0,5650.0
PR008277,2026-03-18,MANDI043,Agra,Rice,2089.21,2202.88,2146.04,2183.0
PR008965,2026-05-19,MANDI024,Sirsa,Cotton,6396.58,7864.0,7130.24,6620.0
PR000752,2026-03-10,MANDI008,Amritsar,Makki,1970.0,2154.63,2062.33,2090.0
PR003797,2026-06-10,MANDI055,Ludhiana,Wheat,1960.53,2272.0,2116.04,2275.0
PR011599,2026-02-25,MANDI017,Ferozepur,Wheat,1959.59,2230.56,2095.0,2275.0
PR002403,2026-07-21,MANDI010,Amritsar,Cotton,6704.0,7910.0,7307.0,6620.0
PR000761,2026-06-19,MANDI034,Karnal,Maize,1912.6,2332.2,2122.0,2090.0
PR002165,2026-01-27,MANDI057,Fatehabad,Wheat,2221.49,2394.66,2308.07,2275.0
PR000138,2026-05-26,,Patiala,Wheat,1941.95,2289.0,2115.37,2275.0
PR001977,2026-08-17,MANDI041,Karnal,Sarso,5612.38,6366.0,5989.19,
PR002877,2026-03-18,MANDI006,Jalandhar,Maize,2006.23,2161.65,2083.94,2090.0
PR010772,2026-07-24,MANDI035,Amritsar,Narma,6448.0,7316.61,6882.15,6620.0
PR002398,2026-05-17,MANDI047,Fatehabad,Maize,1854.0,2144.0,1998.79,
PR006344,2026-03-29,MANDI006,Ferozepur,Maize,2124.0,2522.0,,2090.0
PR010321,2026-03-05,MANDI055,Patiala,Rice,1959.72,2354.0,2157.0,2183.0
PR003473,2026-05-01,MANDI012,Patiala,Mustard,5622.0,6242.0,5932.0,5650.0
PR003747,2026-07-13,MANDI007,Amritsar,Cotton,6558.0,7111.58,6835.01,
PR001572,2026-07-30,MANDI029,Kurukshetra,Rice,1974.42,2259.0,2116.64,2183.0
PR010263,2026-09-02,MANDI007,Bathinda,Mustard,5858.65,7250.6,6555.0,5650.0
PR001518,2026-01-26,MANDI003,Jalandhar,Maize,2064.04,2453.0,2258.52,2090.0
PR007902,2026-05-18,MANDI035,Karnal,Mustard,,6167.7,5716.14,5650.0
PR011677,2026-01-17,,Bathinda,Cotton,6350.23,6738.24,,6620.0
PR001962,2026-06-22,MANDI004,Moga,Maize,2028.14,2344.59,2186.0,2090.0
PR000906,2026-04-13,MANDI023,Ambala,Cotton,6012.0,7496.0,6754.23,6620.0
PR010997,2026-06-05,MANDI007,Hisar,Wheat,,2536.51,2289.61,2275.0
PR000751,2026-01-26,MANDI019,Moga,Sarso,5561.59,5850.43,5706.01,
PR011058,2026-08-09,,Hisar,Sugarcane,3298.0,3635.0,3467.0,3500.0
PR001003,2026-06-26,MANDI045,Hisar,Maize,1805.18,,1917.8,2090.0
PR005986,2026-04-05,MANDI009,Moga,Cotton,5906.23,7370.8,6639.0,6620.0
PR003310,2026-04-20,MANDI055,Ambala,Mustard,5276.0,6330.0,5802.9,5650.0
PR004296,2026-05-11,MANDI007,Bathinda,Chawal,1902.5,2075.0,1988.59,2183.0
PR006086,2026-07-05,MANDI026,Karnal,Cotton,5827.71,7006.8,6417.25,
PR005281,2026-07-03,MANDI041,Amritsar,चावल,2087.11,2494.66,,2183.0
PR011455,2026-05-23,MANDI056,Ludhiana,Cotton,5655.7,6200.19,5927.95,6620.0
PR009287,2026-04-08,MANDI026,Ferozepur,Sugarcane,3279.51,3521.06,3400.0,3500.0
PR000197,2026-07-10,,Sirsa,Sarso,4844.49,5781.76,5313.13,
PR005205,2026-08-31,MANDI004,Hisar,Rice,1952.9,2231.13,2092.0,2183.0
PR004455,2026-08-18,MANDI041,Ambala,Wheat,2116.6,2433.0,2274.94,2275.0
PR000999,2026-01-24,MANDI048,Ferozepur,Sugarcane,3220.09,3383.29,3301.69,3500.0
PR003272,2026-05-03,,Hisar,Sugarcane,3484.0,3794.36,3639.29,3500.0
PR008036,2026-05-12,MANDI053,Fatehabad,Rice,2029.61,2283.4,2156.5,
PR009436,2026-04-08,MANDI008,Hisar,Maize,1781.0,2012.0,1896.0,2090.0
PR010811,2026-07-22,MANDI055,Moga,Sugarcane,3049.0,3790.75,3419.87,3500.0
PR004749,2026-07-12,MANDI011,Ambala,Cotton,6234.69,7216.52,6725.61,6620.0
PR002162,2026-03-08,MANDI031,Kurukshetra,Cotton,6546.67,7180.0,6863.44,6620.0
PR008946,2026-01-10,MANDI027,Moga,Rice,2163.17,2629.91,2396.54,2183.0
PR006974,2026-04-04,MANDI034,Jalandhar,Chawal,2230.62,2747.0,2488.92,2183.0
PR001288,2026-02-04,MANDI027,Moga,Mustard,5084.0,6075.34,5579.56,
PR000876,2026-01-21,MANDI022,Moga,Maize,1826.21,1937.9,1882.05,2090.0
PR011699,2026-05-24,MANDI045,Ludhiana,Sugarcane,3071.06,3573.13,3322.0,3500.0
PR001737,2026-08-17,MANDI048,Ludhiana,Mustard,,6312.66,5851.97,5650.0
PR010456,2026-08-22,,Ferozepur,Wheat,2024.6,2344.0,2184.38,2275.0
PR005918,2026-08-03,MANDI040,Sirsa,Mustard,5918.41,6222.0,6070.0,5650.0
PR002281,2026-08-16,MANDI027,Ludhiana,Maize,1935.0,2304.0,2119.25,2090.0
PR003579,2026-07-20,MANDI036,Amritsar,Sarso,5173.0,6101.0,5637.0,
PR002180,2026-03-01,MANDI003,Patiala,Maize,1959.99,2075.0,2017.0,2090.0
PR000201,2026-08-08,MANDI018,Moga,Cotton,6927.69,,7514.0,
PR009082,2026-08-23,MANDI025,Fatehabad,चावल,1871.72,,2028.98,2183.0
PR004271,2026-03-14,MANDI048,Hisar,Ganne,3238.0,3623.18,3430.59,3500.0
PR003070,2026-05-01,MANDI036,Hisar,Cotton,6007.29,6693.89,6350.59,
PR006894,2026-07-19,MANDI045,Amritsar,Cotton,5786.0,7115.88,6451.1,6620.0
PR006473,2026-01-01,MANDI033,Ambala,Chawal,2237.53,2634.0,2436.0,2183.0
PR009443,2026-03-09,MANDI002,Ludhiana,Ganne,3358.77,3698.09,3528.43,3500.0
PR003188,2026-07-23,MANDI043,Sirsa,Wheat,2123.22,2279.56,2201.39,
PR006306,2026-10-05,MANDI046,Karnal,Maize,1794.82,1971.15,1882.98,2090.0
PR011504,2026-08-06,MANDI046,Moga,Wheat,1970.0,2103.05,2036.55,2275.0
PR004583,2026-01-01,MANDI031,Ambala,Cotton,5820.0,6907.0,6363.59,6620.0
PR004866,2026-08-10,MANDI047,Muzaffarnagar,Wheat,,2419.47,2185.08,2275.0
PR004272,2026-06-01,MANDI030,Ambala,चावल,2230.85,2666.0,2448.23,2183.0
PR002583,2026-04-07,,Kurukshetra,Sugarcane,3033.84,3643.82,3339.0,3500.0
PR006820,2026-01-25,MANDI047,Ludhiana,Maize,2076.49,2576.0,2326.49,
PR008176,2026-06-26,MANDI011,Bathinda,Mustard,,6511.0,6083.17,5650.0
PR001832,2026-04-02,MANDI023,Ludhiana,Mustard,5704.56,6579.99,6142.27,5650.0
PR011412,2026-07-09,MANDI039,Sirsa,Mustard,4862.87,5635.0,5249.18,5650.0
PR003697,2026-05-05,MANDI031,Ferozepur,Sugarcane,3443.46,4188.75,3816.1,3500.0
PR011612,2026-02-06,MANDI016,Bathinda,Cotton,5866.0,6338.8,6102.0,6620.0
PR011118,2026-06-09,MANDI046,Moga,Wheat,1992.33,,2121.0,2275.0
PR007653,2026-06-02,MANDI014,Patiala,Sugarcane,3259.7,3608.0,3434.07,3500.0
PR002100,2026-05-02,MANDI031,Jalandhar,Sugarcane,3205.49,3530.7,3368.09,
PR004593,2026-06-21,MANDI029,Sirsa,Cotton,6484.0,7774.69,7129.11,6620.0
PR010035,2026-08-26,MANDI038,Hisar,Mustard,5379.0,6324.53,5851.53,5650.0
PR002111,2026-04-25,MANDI028,Karnal,Wheat,2388.0,2534.0,2460.91,2275.0
PR003996,2026-03-09,MANDI034,Hisar,Sugarcane,3612.24,3795.0,3703.82,3500.0
PR002569,2026-08-08,MANDI025,Jalandhar,Sugarcane,2991.0,3350.0,3170.73,3500.0
PR007962,2026-05-12,,,Rice,2164.0,2564.1,2364.14,2183.0
PR011566,2026-07-17,MANDI002,Ferozepur,Wheat,2292.65,2432.99,2362.82,
PR009434,2026-02-02,MANDI051,Ambala,Cotton,6485.0,7908.0,7196.64,6620.0
PR009887,2026-06-20,MANDI032,Karnal,Mustard,,6735.59,6234.0,
PR006663,2026-06-06,MANDI011,Karnal,Sugarcane,,3458.04,3371.92,3500.0
PR007903,2026-02-24,MANDI028,Ambala,Rice,2046.34,2405.25,,
PR002282,2026-04-07,MANDI002,Amritsar,Maize,1944.62,2155.0,2049.79,2090.0
PR001613,2026-06-22,MANDI023,Karnal,Mustard,4848.36,6043.75,5446.0,5650.0
PR009629,2026-03-19,MANDI010,Jalandhar,Wheat,2275.17,2443.0,2359.34,2275.0
PR004390,2026-06-15,MANDI020,Ludhiana,Cotton,5910.75,6613.6,6262.17,6620.0
PR006958,2026-01-06,MANDI010,Karnal,Wheat,2145.45,2668.36,2406.9,2275.0
PR000627,2026-05-12,MANDI021,Bathinda,Maize,2044.75,2275.0,2159.64,2090.0
PR005659,2026-03-18,MANDI052,Amritsar,Cotton,6657.88,7040.0,6849.0,6620.0
PR010315,2026-06-03,MANDI043,Moga,Mustard,5257.58,5886.0,5572.0,5650.0
PR005867,2026-04-14,MANDI041,Karnal,Ganne,2985.74,3247.4,3117.0,3500.0
PR002625,2026-01-14,MANDI025,Jalandhar,Sugarcane,3587.65,,3929.0,
PR009930,2026-08-16,MANDI018,Bathinda,Sugarcane,,3858.7,3753.0,3500.0
PR006187,2026-02-05,MANDI053,Bathinda,Wheat,2010.63,2169.14,2090.0,2275.0
PR000802,2026-01-31,,Ambala,Wheat,,2310.28,2143.0,2275.0
PR005464,2026-04-18,MANDI009,Patiala,Wheat,1994.0,2458.92,2226.61,2275.0
PR001878,2026-08-01,MANDI023,Ferozepur,Sugarcane,3078.0,3687.89,3383.0,
PR007131,2026-04-02,MANDI014,Jalandhar,Maize,1935.0,,2091.71,2090.0
PR006520,2026-01-26,MANDI028,Moga,Sarso,5365.01,5671.22,5518.11,5650.0
PR004235,2026-04-18,MANDI021,Ferozepur,Makki,2153.1,2416.0,2285.0,2090.0
PR005234,2026-04-26,MANDI030,Kurukshetra,चावल,2006.72,2410.94,,
PR001030,2026-09-05,MANDI049,Muzaffarnagar,Sugarcane,3516.0,3945.41,3730.67,3500.0
PR005341,2026-02-02,MANDI024,Moga,Cotton,6225.0,7652.0,6938.61,
PR003554,2026-06-05,MANDI006,Sirsa,Cotton,5707.0,6055.42,5881.0,6620.0
PR009882,2026-04-26,MANDI057,Ambala,Sugarcane,3442.0,3918.13,3680.0,3500.0
PR009940,2026-04-01,MANDI040,Amritsar,Cotton,5742.31,6719.41,,6620.0
PR007894,2026-06-13,MANDI042,Karnal,Mustard,4832.53,,,
PR001210,2026-06-15,MANDI049,Ludhiana,Wheat,2180.0,2428.0,2304.0,2275.0
PR008142,2026-02-07,MANDI054,Amritsar,Sugarcane,3429.0,4010.0,3719.85,
PR005384,2026-06-27,MANDI031,Bathinda,Wheat,2381.35,2917.78,2650.0,2275.0
PR003001,2026-05-25,MANDI020,Jalandhar,Sugarcane,3014.16,3490.0,3252.06,3500.0
PR010625,2026-04-25,,Fatehabad,Cotton,6871.0,7630.62,7251.0,6620.0
PR002823,2026-01-13,MANDI048,Fatehabad,Cotton,6312.0,7367.36,6840.0,6620.0
PR003851,2026-02-26,,,Sarso,5887.0,6533.0,6209.84,5650.0
PR004289,2026-06-22,MANDI029,Kurukshetra,Rice,1949.34,2202.37,2075.85,2183.0
PR000887,2026-04-01,,Ludhiana,Wheat,2046.0,2210.0,2128.13,2275.0
PR000238,2026-08-09,MANDI013,Ludhiana,Rice,1911.0,2314.0,2113.0,2183.0
PR001784,2026-06-16,MANDI001,Patiala,Rice,2262.24,2414.42,2338.0,2183.0
PR004647,2026-06-21,MANDI038,Karnal,Cotton,5753.29,7143.36,6448.33,6620.0
PR001769,2026-09-08,MANDI037,Ambala,Rice,2222.2,2602.01,2412.0,2183.0
PR000702,2026-11-04,,Hisar,Rice,1891.0,2135.0,2013.05,2183.0
PR006308,2026-07-31,MANDI025,Karnal,Mustard,5210.47,6427.49,5818.98,5650.0
PR003404,2026-01-01,MANDI025,Ambala,चावल,2181.78,2649.0,2415.59,2183.0
PR010737,2026-03-27,MANDI021,Ambala,Cotton,5768.39,7071.0,6419.9,6620.0
PR006898,2026-03-11,MANDI030,Amritsar,Maize,2097.11,2373.36,2235.23,2090.0
PR010521,2026-06-21,MANDI035,Ludhiana,Cotton,5673.79,6274.37,5974.08,6620.0
PR007595,2026-02-15,MANDI040,Ferozepur,Rice,,2340.0,2115.0,
PR005007,2026-04-23,MANDI053,Bathinda,Sugarcane,3668.85,4023.63,3846.24,3500.0
PR007301,2026-03-21,MANDI032,Ludhiana,Rice,2281.0,,2399.43,2183.0
PR007796,2026-08-12,MANDI004,Karnal,Rice,1999.21,2312.69,2155.95,2183.0
PR009655,2026-04-08,MANDI014,Patiala,Sarso,5632.58,6347.25,5989.92,5650.0
PR003842,2026-07-25,,Jalandhar,Maize,1794.49,2039.0,1917.0,2090.0
PR011213,2026-05-25,MANDI030,Fatehabad,Mustard,4843.0,5400.98,5122.0,5650.0
